// Auto-generated by tools/png_to_rgb565.py — do not edit.
// 96x96 RGB565 pixel-fish sprites; transparent key 0xF81F (magenta).
// Native host-order uint16 values (0xF800 = red) for M5GFX pushImage.
#pragma once
#include <stdint.h>
#include <pgmspace.h>

#define FISH_SPRITE_SIZE 96
#define FISH_SPRITE_COUNT 7
#define FISH_TRANSPARENT_KEY 0xF81F

const uint16_t fish_0[9216] PROGMEM = {
    0xF81F, 0xF81F, 0xF81F, 0xF81F, 0xF81F, 0xF81F, 0xF81F, 0xF81F, 0xF81F, 0xF81F, 0xF81F, 0xF81F,
    0xF81F, 0xF81F, 0xF81F, 0xF81F, 0xF81F, 0xF81F, 0xF81F, 0xF81F, 0xF81F, 0xF81F, 0xF81F, 0xF81F,
    0xF81F, 0xF81F, 0xF81F, 0xF81F, 0xF81F, 0xF81F, 0xF81F, 0xF81F, 0xF81F, 0xF81F, 0xF81F, 0xF81F,
    0xF81F, 0xF81F, 0xF81F, 0xF81F, 0xF81F, 0xF81F, 0xF81F, 0xF81F, 0xF81F, 0xF81F, 0xF81F, 0xF81F,
    0xF81F, 0xF81F, 0xF81F, 0xF81F, 0xF81F, 0xF81F, 0xF81F, 0xF81F, 0xF81F, 0xF81F, 0xF81F, 0xF81F,
    0xF81F, 0xF81F, 0xF81F, 0xF81F, 0xF81F, 0xF81F, 0xF81F, 0xF81F, 0xF81F, 0xF81F, 0xF81F, 0xF81F,
    0xF81F, 0xF81F, 0xF81F, 0xF81F, 0xF81F, 0xF81F, 0xF81F, 0xF81F, 0xF81F, 0xF81F, 0xF81F, 0xF81F,
    0xF81F, 0xF81F, 0xF81F, 0xF81F, 0xF81F, 0xF81F, 0xF81F, 0xF81F, 0xF81F, 0xF81F, 0xF81F, 0xF81F,
    0xF81F, 0xF81F, 0xF81F, 0xF81F, 0xF81F, 0xF81F, 0xF81F, 0xF81F, 0xF81F, 0xF81F, 0xF81F, 0xF81F,
    0xF81F, 0xF81F, 0xF81F, 0xF81F, 0xF81F, 0xF81F, 0xF81F, 0xF81F, 0xF81F, 0xF81F, 0xF81F, 0xF81F,
    0xF81F, 0xF81F, 0xF81F, 0xF81F, 0xF81F, 0xF81F, 0xF81F, 0xF81F, 0xF81F, 0xF81F, 0xF81F, 0xF81F,
    0xF81F, 0xF81F, 0xF81F, 0xF81F, 0xF81F, 0xF81F, 0xF81F, 0xF81F, 0xF81F, 0xF81F, 0xF81F, 0xF81F,
    0xF81F, 0xF81F, 0xF81F, 0xF81F, 0xF81F, 0xF81F, 0xF81F, 0xF81F, 0xF81F, 0xF81F, 0xF81F, 0xF81F,
    0xF81F, 0xF81F, 0xF81F, 0xF81F, 0xF81F, 0xF81F, 0xF81F, 0xF81F, 0xF81F, 0xF81F, 0xF81F, 0xF81F,
    0xF81F, 0xF81F, 0xF81F, 0xF81F, 0xF81F, 0xF81F, 0xF81F, 0xF81F, 0xF81F, 0xF81F, 0xF81F, 0xF81F,
    0xF81F, 0xF81F, 0xF81F, 0xF81F, 0xF81F, 0xF81F, 0xF81F, 0xF81F, 0xF81F, 0xF81F, 0xF81F, 0xF81F,
    0xF81F, 0xF81F, 0xF81F, 0xF81F, 0xF81F, 0xF81F, 0xF81F, 0xF81F, 0xF81F, 0xF81F, 0xF81F, 0xF81F,
    0xF81F, 0xF81F, 0xF81F, 0xF81F, 0xF81F, 0xF81F, 0xF81F, 0xF81F, 0xF81F, 0xF81F, 0xF81F, 0xF81F,
    0xF81F, 0xF81F, 0xF81F, 0xF81F, 0xF81F, 0xF81F, 0xF81F, 0xF81F, 0xF81F, 0xF81F, 0xF81F, 0xF81F,
    0xF81F, 0xF81F, 0xF81F, 0xF81F, 0xF81F, 0xF81F, 0xF81F, 0xF81F, 0xF81F, 0xF81F, 0xF81F, 0xF81F,
    0xF81F, 0xF81F, 0xF81F, 0xF81F, 0xF81F, 0xF81F, 0xF81F, 0xF81F, 0xF81F, 0xF81F, 0xF81F, 0xF81F,
    0xF81F, 0xF81F, 0xF81F, 0xF81F, 0xF81F, 0xF81F, 0xF81F, 0xF81F, 0xF81F, 0xF81F, 0xF81F, 0xF81F,
    0xF81F, 0xF81F, 0xF81F, 0xF81F, 0xF81F, 0xF81F, 0xF81F, 0xF81F, 0xF81F, 0xF81F, 0xF81F, 0xF81F,
    0xF81F, 0xF81F, 0xF81F, 0xF81F, 0xF81F, 0xF81F, 0xF81F, 0xF81F, 0xF81F, 0xF81F, 0xF81F, 0xF81F,
    0xF81F, 0xF81F, 0xF81F, 0xF81F, 0xF81F, 0xF81F, 0xF81F, 0xF81F, 0xF81F, 0xF81F, 0xF81F, 0xF81F,
    0xF81F, 0xF81F, 0xF81F, 0xF81F, 0xF81F, 0xF81F, 0xF81F, 0xF81F, 0xF81F, 0xF81F, 0xF81F, 0xF81F,
    0xF81F, 0xF81F, 0xF81F, 0xF81F, 0xF81F, 0xF81F, 0xF81F, 0xF81F, 0xF81F, 0xF81F, 0xF81F, 0xF81F,
    0xF81F, 0xF81F, 0xF81F, 0xF81F, 0xF81F, 0xF81F, 0xF81F, 0xF81F, 0xF81F, 0xF81F, 0xF81F, 0xF81F,
    0xF81F, 0xF81F, 0xF81F, 0xF81F, 0xF81F, 0xF81F, 0xF81F, 0xF81F, 0xF81F, 0xF81F, 0xF81F, 0xF81F,
    0xF81F, 0xF81F, 0xF81F, 0xF81F, 0xF81F, 0xF81F, 0xF81F, 0xF81F, 0xF81F, 0xF81F, 0xF81F, 0xF81F,
    0xF81F, 0xF81F, 0xF81F, 0xF81F, 0xF81F, 0xF81F, 0xF81F, 0xF81F, 0xF81F, 0xF81F, 0xF81F, 0xF81F,
    0xF81F, 0xF81F, 0xF81F, 0xF81F, 0xF81F, 0xF81F, 0xF81F, 0xF81F, 0xF81F, 0xF81F, 0xF81F, 0xF81F,
    0xF81F, 0xF81F, 0xF81F, 0xF81F, 0xF81F, 0xF81F, 0xF81F, 0xF81F, 0xF81F, 0xF81F, 0xF81F, 0xF81F,
    0xF81F, 0xF81F, 0xF81F, 0xF81F, 0xF81F, 0xF81F, 0xF81F, 0xF81F, 0xF81F, 0xF81F, 0xF81F, 0xF81F,
    0xF81F, 0xF81F, 0xF81F, 0xF81F, 0xF81F, 0xF81F, 0xF81F, 0xF81F, 0xF81F, 0xF81F, 0xF81F, 0xF81F,
    0xF81F, 0xF81F, 0xF81F, 0xF81F, 0xF81F, 0xF81F, 0xF81F, 0xF81F, 0xF81F, 0xF81F, 0xF81F, 0xF81F,
    0xF81F, 0xF81F, 0xF81F, 0xF81F, 0xF81F, 0xF81F, 0xF81F, 0xF81F, 0xF81F, 0xF81F, 0xF81F, 0xF81F,
    0xF81F, 0xF81F, 0xF81F, 0xF81F, 0xF81F, 0xF81F, 0xF81F, 0xF81F, 0xF81F, 0xF81F, 0xF81F, 0xF81F,
    0xF81F, 0xF81F, 0xF81F, 0xF81F, 0xF81F, 0xF81F, 0xF81F, 0xF81F, 0xF81F, 0xF81F, 0xF81F, 0xF81F,
    0xF81F, 0xF81F, 0xF81F, 0xF81F, 0xF81F, 0xF81F, 0xF81F, 0xF81F, 0xF81F, 0xF81F, 0xF81F, 0xF81F,
    0xF81F, 0xF81F, 0xF81F, 0xF81F, 0xF81F, 0xF81F, 0xF81F, 0xF81F, 0xF81F, 0xF81F, 0xF81F, 0xF81F,
    0xF81F, 0xF81F, 0xF81F, 0xF81F, 0xF81F, 0xF81F, 0xF81F, 0xF81F, 0xF81F, 0xF81F, 0xF81F, 0xF81F,
    0xF81F, 0xF81F, 0xF81F, 0xF81F, 0xF81F, 0xF81F, 0xF81F, 0xF81F, 0xF81F, 0xF81F, 0xF81F, 0xF81F,
    0xF81F, 0xF81F, 0xF81F, 0xF81F, 0xF81F, 0xF81F, 0xF81F, 0xF81F, 0xF81F, 0xF81F, 0xF81F, 0xF81F,
    0xF81F, 0xF81F, 0xF81F, 0xF81F, 0xF81F, 0xF81F, 0xF81F, 0xF81F, 0xF81F, 0xF81F, 0xF81F, 0xF81F,
    0xF81F, 0xF81F, 0xF81F, 0xF81F, 0xF81F, 0xF81F, 0xF81F, 0xF81F, 0xF81F, 0xF81F, 0xF81F, 0xF81F,
    0xF81F, 0xF81F, 0xF81F, 0xF81F, 0xF81F, 0xF81F, 0xF81F, 0xF81F, 0xF81F, 0xF81F, 0xF81F, 0xF81F,
    0xF81F, 0xF81F, 0xF81F, 0xF81F, 0xF81F, 0xF81F, 0xF81F, 0xF81F, 0xF81F, 0xF81F, 0xF81F, 0xF81F,
    0xF81F, 0xF81F, 0xF81F, 0xF81F, 0xF81F, 0xF81F, 0xF81F, 0xF81F, 0xF81F, 0xF81F, 0xF81F, 0xF81F,
    0xF81F, 0xF81F, 0xF81F, 0xF81F, 0xF81F, 0xF81F, 0xF81F, 0xF81F, 0xF81F, 0xF81F, 0xF81F, 0xF81F,
    0xF81F, 0xF81F, 0xF81F, 0xF81F, 0xF81F, 0xF81F, 0xF81F, 0xF81F, 0xF81F, 0xF81F, 0xF81F, 0xF81F,
    0xF81F, 0xF81F, 0xF81F, 0xF81F, 0xF81F, 0xF81F, 0xF81F, 0xF81F, 0xF81F, 0xF81F, 0xF81F, 0xF81F,
    0xF81F, 0xF81F, 0xF81F, 0xF81F, 0xF81F, 0xF81F, 0xF81F, 0xF81F, 0xF81F, 0xF81F, 0xF81F, 0xF81F,
    0xF81F, 0xF81F, 0xF81F, 0xF81F, 0xF81F, 0xF81F, 0xF81F, 0xF81F, 0xF81F, 0xF81F, 0xF81F, 0xF81F,
    0xF81F, 0xF81F, 0xF81F, 0xF81F, 0xF81F, 0xF81F, 0xF81F, 0xF81F, 0xF81F, 0xF81F, 0xF81F, 0xF81F,
    0xF81F, 0xF81F, 0xF81F, 0xF81F, 0xF81F, 0xF81F, 0xF81F, 0xF81F, 0xF81F, 0xF81F, 0xF81F, 0xF81F,
    0xF81F, 0xF81F, 0xF81F, 0xF81F, 0xF81F, 0xF81F, 0xF81F, 0xF81F, 0xF81F, 0xF81F, 0xF81F, 0xF81F,
    0xF81F, 0xF81F, 0xF81F, 0xF81F, 0xF81F, 0xF81F, 0xF81F, 0xF81F, 0xF81F, 0xF81F, 0xF81F, 0xF81F,
    0xF81F, 0xF81F, 0xF81F, 0xF81F, 0xF81F, 0xF81F, 0xF81F, 0xF81F, 0xF81F, 0xF81F, 0xF81F, 0xF81F,
    0xF81F, 0xF81F, 0xF81F, 0xF81F, 0xF81F, 0xF81F, 0xF81F, 0xF81F, 0xF81F, 0xF81F, 0xF81F, 0xF81F,
    0xF81F, 0xF81F, 0xF81F, 0xF81F, 0xF81F, 0xF81F, 0xF81F, 0xF81F, 0xF81F, 0xF81F, 0xF81F, 0xF81F,
    0xF81F, 0xF81F, 0xF81F, 0xF81F, 0xF81F, 0xF81F, 0xF81F, 0xF81F, 0xF81F, 0xF81F, 0xF81F, 0xF81F,
    0xF81F, 0xF81F, 0xF81F, 0xF81F, 0xF81F, 0xF81F, 0xF81F, 0xF81F, 0xF81F, 0xF81F, 0xF81F, 0xF81F,
    0xF81F, 0xF81F, 0xF81F, 0xF81F, 0xF81F, 0xF81F, 0xF81F, 0xF81F, 0xF81F, 0xF81F, 0xF81F, 0xF81F,
    0xF81F, 0xF81F, 0xF81F, 0xF81F, 0xF81F, 0xF81F, 0xF81F, 0xF81F, 0xF81F, 0xF81F, 0xF81F, 0xF81F,
    0xF81F, 0xF81F, 0xF81F, 0xF81F, 0xF81F, 0xF81F, 0xF81F, 0xF81F, 0xF81F, 0xF81F, 0xF81F, 0xF81F,
    0xF81F, 0xF81F, 0xF81F, 0xF81F, 0xF81F, 0xF81F, 0xF81F, 0xF81F, 0xF81F, 0xF81F, 0xF81F, 0xF81F,
    0xF81F, 0xF81F, 0xF81F, 0xF81F, 0xF81F, 0xF81F, 0xF81F, 0xF81F, 0xF81F, 0xF81F, 0xF81F, 0xF81F,
    0xF81F, 0xF81F, 0xF81F, 0xF81F, 0xF81F, 0xF81F, 0xF81F, 0xF81F, 0xF81F, 0xF81F, 0xF81F, 0xF81F,
    0xF81F, 0xF81F, 0xF81F, 0xF81F, 0xF81F, 0xF81F, 0xF81F, 0xF81F, 0xF81F, 0xF81F, 0xF81F, 0xF81F,
    0xF81F, 0xF81F, 0xF81F, 0xF81F, 0xF81F, 0xF81F, 0xF81F, 0xF81F, 0xF81F, 0xF81F, 0xF81F, 0xF81F,
    0xF81F, 0xF81F, 0xF81F, 0xF81F, 0xF81F, 0xF81F, 0xF81F, 0xF81F, 0xF81F, 0xF81F, 0xF81F, 0xF81F,
    0xF81F, 0xF81F, 0xF81F, 0xF81F, 0xF81F, 0xF81F, 0xF81F, 0xF81F, 0xF81F, 0xF81F, 0xF81F, 0xF81F,
    0xF81F, 0xF81F, 0xF81F, 0xF81F, 0xF81F, 0xF81F, 0xF81F, 0xF81F, 0xF81F, 0xF81F, 0xF81F, 0xF81F,
    0xF81F, 0xF81F, 0xF81F, 0xF81F, 0xF81F, 0xF81F, 0xF81F, 0xF81F, 0xF81F, 0xF81F, 0xF81F, 0xF81F,
    0xF81F, 0xF81F, 0xF81F, 0xF81F, 0xF81F, 0xF81F, 0xF81F, 0xF81F, 0xF81F, 0xF81F, 0xF81F, 0xF81F,
    0xF81F, 0xF81F, 0xF81F, 0xF81F, 0xF81F, 0xF81F, 0xF81F, 0xF81F, 0xF81F, 0xF81F, 0xF81F, 0xF81F,
    0xF81F, 0xF81F, 0xF81F, 0xF81F, 0xF81F, 0xF81F, 0xF81F, 0xF81F, 0xF81F, 0xF81F, 0xF81F, 0xF81F,
    0xF81F, 0xF81F, 0xF81F, 0xF81F, 0xF81F, 0xF81F, 0xF81F, 0xF81F, 0xF81F, 0xF81F, 0xF81F, 0xF81F,
    0xF81F, 0xF81F, 0xF81F, 0xF81F, 0xF81F, 0xF81F, 0xF81F, 0xF81F, 0xF81F, 0xF81F, 0xF81F, 0xF81F,
    0xF81F, 0xF81F, 0xF81F, 0xF81F, 0xF81F, 0xF81F, 0xF81F, 0xF81F, 0xF81F, 0xF81F, 0xF81F, 0xF81F,
    0xF81F, 0xF81F, 0xF81F, 0xF81F, 0xF81F, 0xF81F, 0xF81F, 0xF81F, 0xF81F, 0xF81F, 0xF81F, 0xF81F,
    0xF81F, 0xF81F, 0xF81F, 0xF81F, 0xF81F, 0xF81F, 0xF81F, 0xF81F, 0xF81F, 0xF81F, 0xF81F, 0xF81F,
    0xF81F, 0xF81F, 0xF81F, 0xF81F, 0xF81F, 0xF81F, 0xF81F, 0xF81F, 0xF81F, 0xF81F, 0xF81F, 0xF81F,
    0xF81F, 0xF81F, 0xF81F, 0xF81F, 0xF81F, 0xF81F, 0xF81F, 0xF81F, 0xF81F, 0xF81F, 0xF81F, 0xF81F,
    0xF81F, 0xF81F, 0xF81F, 0xF81F, 0xF81F, 0xF81F, 0xF81F, 0xF81F, 0xF81F, 0xF81F, 0xF81F, 0xF81F,
    0xF81F, 0xF81F, 0xF81F, 0xF81F, 0xF81F, 0xF81F, 0xF81F, 0xF81F, 0xF81F, 0xF81F, 0xF81F, 0xF81F,
    0xF81F, 0xF81F, 0xF81F, 0xF81F, 0xF81F, 0xF81F, 0xF81F, 0xF81F, 0xF81F, 0xF81F, 0xF81F, 0xF81F,
    0xF81F, 0xF81F, 0xF81F, 0xF81F, 0xF81F, 0xF81F, 0xF81F, 0xF81F, 0xF81F, 0xF81F, 0xF81F, 0xF81F,
    0xF81F, 0xF81F, 0xF81F, 0xF81F, 0xF81F, 0xF81F, 0xF81F, 0xF81F, 0xF81F, 0xF81F, 0xF81F, 0xF81F,
    0xF81F, 0xF81F, 0xF81F, 0xF81F, 0xF81F, 0xF81F, 0xF81F, 0xF81F, 0xF81F, 0xF81F, 0xF81F, 0xF81F,
    0xF81F, 0xF81F, 0xF81F, 0xF81F, 0xF81F, 0xF81F, 0xF81F, 0xF81F, 0xF81F, 0xF81F, 0xF81F, 0xF81F,
    0xF81F, 0xF81F, 0xF81F, 0xF81F, 0xF81F, 0xF81F, 0xF81F, 0xF81F, 0xF81F, 0xF81F, 0xF81F, 0xF81F,
    0xF81F, 0xF81F, 0xF81F, 0xF81F, 0xF81F, 0xF81F, 0xF81F, 0xF81F, 0xF81F, 0xF81F, 0xF81F, 0xF81F,
    0xF81F, 0xF81F, 0xF81F, 0xF81F, 0xF81F, 0xF81F, 0xF81F, 0xF81F, 0xF81F, 0xF81F, 0xF81F, 0xF81F,
    0xF81F, 0xF81F, 0xF81F, 0xF81F, 0xF81F, 0xF81F, 0xF81F, 0xF81F, 0xF81F, 0xF81F, 0xF81F, 0xF81F,
    0xF81F, 0xF81F, 0xF81F, 0xF81F, 0xF81F, 0xF81F, 0xF81F, 0xF81F, 0xF81F, 0xF81F, 0xF81F, 0xF81F,
    0xF81F, 0xF81F, 0xF81F, 0xF81F, 0xF81F, 0xF81F, 0xF81F, 0xF81F, 0xF81F, 0xF81F, 0xF81F, 0xF81F,
    0xF81F, 0xF81F, 0xF81F, 0xF81F, 0xF81F, 0xF81F, 0xF81F, 0xF81F, 0xF81F, 0xF81F, 0xF81F, 0xF81F,
    0xF81F, 0xF81F, 0xF81F, 0xF81F, 0xF81F, 0xF81F, 0xF81F, 0xF81F, 0xF81F, 0xF81F, 0xF81F, 0xF81F,
    0xF81F, 0xF81F, 0xF81F, 0xF81F, 0xF81F, 0xF81F, 0xF81F, 0xF81F, 0xF81F, 0xF81F, 0xF81F, 0xF81F,
    0xF81F, 0xF81F, 0xF81F, 0xF81F, 0xF81F, 0xF81F, 0xF81F, 0xF81F, 0xF81F, 0xF81F, 0xF81F, 0xF81F,
    0xF81F, 0xF81F, 0xF81F, 0xF81F, 0xF81F, 0xF81F, 0xF81F, 0xF81F, 0xF81F, 0xF81F, 0xF81F, 0xF81F,
    0xF81F, 0xF81F, 0xF81F, 0xF81F, 0xF81F, 0xF81F, 0xF81F, 0xF81F, 0xF81F, 0xF81F, 0xF81F, 0xF81F,
    0xF81F, 0xF81F, 0xF81F, 0xF81F, 0xF81F, 0xF81F, 0xF81F, 0xF81F, 0xF81F, 0xF81F, 0xF81F, 0xF81F,
    0xF81F, 0xF81F, 0xF81F, 0xF81F, 0xF81F, 0xF81F, 0xF81F, 0xF81F, 0xF81F, 0xF81F, 0xF81F, 0xF81F,
    0xF81F, 0xF81F, 0xF81F, 0xF81F, 0xF81F, 0xF81F, 0xF81F, 0xF81F, 0xF81F, 0xF81F, 0xF81F, 0xF81F,
    0xF81F, 0xF81F, 0xF81F, 0xF81F, 0xF81F, 0xF81F, 0xF81F, 0xF81F, 0xF81F, 0xF81F, 0xF81F, 0xF81F,
    0xF81F, 0xF81F, 0xF81F, 0xF81F, 0xF81F, 0xF81F, 0xF81F, 0xF81F, 0xF81F, 0xF81F, 0xF81F, 0xF81F,
    0xF81F, 0xF81F, 0xF81F, 0xF81F, 0xF81F, 0xF81F, 0xF81F, 0xF81F, 0xF81F, 0xF81F, 0xF81F, 0xF81F,
    0xF81F, 0xF81F, 0xF81F, 0xF81F, 0xF81F, 0xF81F, 0xF81F, 0xF81F, 0xF81F, 0xF81F, 0xF81F, 0xF81F,
    0xF81F, 0xF81F, 0xF81F, 0xF81F, 0xF81F, 0xF81F, 0xF81F, 0xF81F, 0xF81F, 0xF81F, 0xF81F, 0xF81F,
    0xF81F, 0xF81F, 0xF81F, 0xF81F, 0xF81F, 0xF81F, 0xF81F, 0xF81F, 0xF81F, 0xF81F, 0xF81F, 0xF81F,
    0xF81F, 0xF81F, 0xF81F, 0xF81F, 0xF81F, 0xF81F, 0xF81F, 0xF81F, 0xF81F, 0xF81F, 0xF81F, 0xF81F,
    0xF81F, 0xF81F, 0xF81F, 0xF81F, 0xF81F, 0xF81F, 0xF81F, 0xF81F, 0xF81F, 0xF81F, 0xF81F, 0xF81F,
    0xF81F, 0xF81F, 0xF81F, 0xF81F, 0xF81F, 0xF81F, 0xF81F, 0xF81F, 0xF81F, 0xF81F, 0xF81F, 0xF81F,
    0xF81F, 0xF81F, 0xF81F, 0xF81F, 0xF81F, 0xF81F, 0xF81F, 0xF81F, 0xF81F, 0xF81F, 0xF81F, 0xF81F,
    0xF81F, 0xF81F, 0xF81F, 0xF81F, 0xF81F, 0xF81F, 0xF81F, 0xF81F, 0xF81F, 0xF81F, 0xF81F, 0xF81F,
    0xF81F, 0xF81F, 0xF81F, 0xF81F, 0xF81F, 0xF81F, 0xF81F, 0xF81F, 0xF81F, 0xF81F, 0xF81F, 0xF81F,
    0xF81F, 0xF81F, 0xF81F, 0xF81F, 0xF81F, 0xF81F, 0xF81F, 0xF81F, 0xF81F, 0xF81F, 0xF81F, 0xF81F,
    0xF81F, 0xF81F, 0xF81F, 0xF81F, 0xF81F, 0xF81F, 0xF81F, 0xF81F, 0xF81F, 0xF81F, 0xF81F, 0xF81F,
    0xF81F, 0xF81F, 0xF81F, 0xF81F, 0xF81F, 0xF81F, 0xF81F, 0xF81F, 0xF81F, 0xF81F, 0xF81F, 0xF81F,
    0xF81F, 0xF81F, 0xF81F, 0xF81F, 0xF81F, 0xF81F, 0xF81F, 0xF81F, 0xF81F, 0xF81F, 0xF81F, 0xF81F,
    0xF81F, 0xF81F, 0xF81F, 0xF81F, 0xF81F, 0xF81F, 0xF81F, 0xF81F, 0xF81F, 0xF81F, 0xF81F, 0xF81F,
    0xF81F, 0xF81F, 0xF81F, 0xF81F, 0xF81F, 0xF81F, 0xF81F, 0xF81F, 0xF81F, 0xF81F, 0xF81F, 0xF81F,
    0xF81F, 0xF81F, 0xF81F, 0xF81F, 0xF81F, 0xF81F, 0xF81F, 0xF81F, 0xF81F, 0xF81F, 0xF81F, 0xF81F,
    0xF81F, 0xF81F, 0xF81F, 0xF81F, 0xF81F, 0xF81F, 0xF81F, 0xF81F, 0xF81F, 0xF81F, 0xF81F, 0xF81F,
    0xF81F, 0xF81F, 0xF81F, 0xF81F, 0xF81F, 0xF81F, 0xF81F, 0xF81F, 0xF81F, 0xF81F, 0xF81F, 0xF81F,
    0xF81F, 0xF81F, 0xF81F, 0xF81F, 0xF81F, 0xF81F, 0xF81F, 0xF81F, 0xF81F, 0xF81F, 0xF81F, 0xF81F,
    0xF81F, 0xF81F, 0xF81F, 0xF81F, 0xF81F, 0xF81F, 0xF81F, 0xF81F, 0xF81F, 0xF81F, 0xF81F, 0xF81F,
    0xF81F, 0xF81F, 0xF81F, 0xF81F, 0xF81F, 0xF81F, 0xF81F, 0xF81F, 0xF81F, 0xF81F, 0xF81F, 0xF81F,
    0xF81F, 0xF81F, 0xF81F, 0xF81F, 0xF81F, 0xF81F, 0xF81F, 0xF81F, 0xF81F, 0xF81F, 0xF81F, 0xF81F,
    0xF81F, 0xF81F, 0xF81F, 0xF81F, 0xF81F, 0xF81F, 0xF81F, 0xF81F, 0xF81F, 0xF81F, 0xF81F, 0xF81F,
    0xF81F, 0xF81F, 0xF81F, 0xF81F, 0xF81F, 0xF81F, 0xF81F, 0xF81F, 0xF81F, 0xF81F, 0xF81F, 0xF81F,
    0xF81F, 0xF81F, 0xF81F, 0xF81F, 0xF81F, 0xF81F, 0xF81F, 0xF81F, 0xF81F, 0xF81F, 0xF81F, 0xF81F,
    0xF81F, 0xF81F, 0xF81F, 0xF81F, 0xF81F, 0xF81F, 0xF81F, 0xF81F, 0xF81F, 0xF81F, 0xF81F, 0xF81F,
    0xF81F, 0xF81F, 0xF81F, 0xF81F, 0xF81F, 0xF81F, 0xF81F, 0xF81F, 0xF81F, 0xF81F, 0xF81F, 0xF81F,
    0xF81F, 0xF81F, 0xF81F, 0xF81F, 0xF81F, 0xF81F, 0xF81F, 0xF81F, 0xF81F, 0xF81F, 0xF81F, 0xF81F,
    0xF81F, 0xF81F, 0xF81F, 0xF81F, 0xF81F, 0xF81F, 0xF81F, 0xF81F, 0xF81F, 0xF81F, 0xF81F, 0xF81F,
    0xF81F, 0xF81F, 0xF81F, 0xF81F, 0xF81F, 0xF81F, 0xF81F, 0xF81F, 0xF81F, 0xF81F, 0xF81F, 0xF81F,
    0xF81F, 0xF81F, 0xF81F, 0xF81F, 0xF81F, 0xF81F, 0xF81F, 0xF81F, 0xF81F, 0xF81F, 0xF81F, 0xF81F,
    0xF81F, 0xF81F, 0xF81F, 0xF81F, 0xF81F, 0xF81F, 0xF81F, 0xF81F, 0xF81F, 0xF81F, 0xF81F, 0xF81F,
    0xF81F, 0xF81F, 0xF81F, 0xF81F, 0xF81F, 0xF81F, 0xF81F, 0xF81F, 0xF81F, 0xF81F, 0xF81F, 0xF81F,
    0xF81F, 0xF81F, 0xF81F, 0xF81F, 0xF81F, 0xF81F, 0xF81F, 0xF81F, 0xF81F, 0xF81F, 0xF81F, 0xF81F,
    0xF81F, 0xF81F, 0xF81F, 0xF81F, 0xF81F, 0xF81F, 0xF81F, 0xF81F, 0xF81F, 0xF81F, 0xF81F, 0xF81F,
    0xF81F, 0xF81F, 0xF81F, 0xF81F, 0xF81F, 0xF81F, 0xF81F, 0xF81F, 0xF81F, 0xF81F, 0xF81F, 0xF81F,
    0xF81F, 0xF81F, 0xF81F, 0xF81F, 0xF81F, 0xF81F, 0xF81F, 0xF81F, 0xF81F, 0xF81F, 0xF81F, 0xF81F,
    0xF81F, 0xF81F, 0xF81F, 0xF81F, 0xF81F, 0xF81F, 0xF81F, 0xF81F, 0xF81F, 0xF81F, 0xF81F, 0xF81F,
    0xF81F, 0xF81F, 0xF81F, 0xF81F, 0xF81F, 0xF81F, 0xF81F, 0xF81F, 0xF81F, 0xF81F, 0xF81F, 0xF81F,
    0xF81F, 0xF81F, 0xF81F, 0xF81F, 0xF81F, 0xF81F, 0xF81F, 0xF81F, 0xF81F, 0xF81F, 0xF81F, 0xF81F,
    0xF81F, 0xF81F, 0xF81F, 0xF81F, 0xF81F, 0xF81F, 0xF81F, 0xF81F, 0xF81F, 0xF81F, 0xF81F, 0xF81F,
    0xF81F, 0xF81F, 0xF81F, 0xF81F, 0xF81F, 0xF81F, 0xF81F, 0xF81F, 0xF81F, 0xF81F, 0xF81F, 0xF81F,
    0xF81F, 0xF81F, 0xF81F, 0xF81F, 0xF81F, 0xF81F, 0xF81F, 0xF81F, 0xF81F, 0xF81F, 0xF81F, 0xF81F,
    0xF81F, 0xF81F, 0xF81F, 0xF81F, 0xF81F, 0xF81F, 0xF81F, 0xF81F, 0xF81F, 0xF81F, 0xF81F, 0xF81F,
    0xF81F, 0xF81F, 0xF81F, 0xF81F, 0xF81F, 0xF81F, 0xF81F, 0xF81F, 0xF81F, 0xF81F, 0xF81F, 0xF81F,
    0xF81F, 0xF81F, 0xF81F, 0xF81F, 0xF81F, 0xF81F, 0xF81F, 0xF81F, 0xF81F, 0xF81F, 0xF81F, 0xF81F,
    0xF81F, 0xF81F, 0xF81F, 0xF81F, 0xF81F, 0xF81F, 0xF81F, 0xF81F, 0xF81F, 0xF81F, 0xF81F, 0xF81F,
    0xF81F, 0xF81F, 0xF81F, 0xF81F, 0xF81F, 0xF81F, 0xF81F, 0xF81F, 0xF81F, 0xF81F, 0xF81F, 0xF81F,
    0xF81F, 0xF81F, 0xF81F, 0xF81F, 0xF81F, 0xF81F, 0xF81F, 0xF81F, 0xF81F, 0xF81F, 0xF81F, 0xF81F,
    0xF81F, 0xF81F, 0xF81F, 0xF81F, 0xF81F, 0xF81F, 0xF81F, 0xF81F, 0xF81F, 0xF81F, 0xF81F, 0xF81F,
    0xF81F, 0xF81F, 0xF81F, 0xF81F, 0xF81F, 0xF81F, 0xF81F, 0xF81F, 0xF81F, 0xF81F, 0xF81F, 0xF81F,
    0xF81F, 0xF81F, 0xF81F, 0xF81F, 0xF81F, 0xF81F, 0xF81F, 0xF81F, 0xF81F, 0xF81F, 0xF81F, 0xF81F,
    0xF81F, 0xF81F, 0xF81F, 0xF81F, 0xF81F, 0xF81F, 0xF81F, 0xF81F, 0xF81F, 0xF81F, 0xF81F, 0xF81F,
    0xF81F, 0xF81F, 0xF81F, 0xF81F, 0xF81F, 0xF81F, 0xF81F, 0xF81F, 0xF81F, 0xF81F, 0xF81F, 0xF81F,
    0xF81F, 0xF81F, 0xF81F, 0xF81F, 0xF81F, 0xF81F, 0xF81F, 0xF81F, 0xF81F, 0xF81F, 0xF81F, 0xF81F,
    0xF81F, 0xF81F, 0xF81F, 0xF81F, 0xF81F, 0xF81F, 0xF81F, 0xF81F, 0xF81F, 0xF81F, 0xF81F, 0xF81F,
    0xF81F, 0xF81F, 0xF81F, 0xF81F, 0xF81F, 0xF81F, 0xF81F, 0xF81F, 0xF81F, 0xF81F, 0xF81F, 0xF81F,
    0xF81F, 0xF81F, 0xF81F, 0xF81F, 0xF81F, 0xF81F, 0xF81F, 0xF81F, 0xF81F, 0xF81F, 0xF81F, 0xF81F,
    0xF81F, 0xF81F, 0xF81F, 0xF81F, 0xF81F, 0xF81F, 0xF81F, 0xF81F, 0xF81F, 0xF81F, 0xF81F, 0xF81F,
    0xF81F, 0xF81F, 0xF81F, 0xF81F, 0xF81F, 0xF81F, 0xF81F, 0xF81F, 0xF81F, 0xF81F, 0xF81F, 0xF81F,
    0xF81F, 0xF81F, 0xF81F, 0xF81F, 0xF81F, 0xF81F, 0xF81F, 0xF81F, 0xF81F, 0xF81F, 0xF81F, 0xF81F,
    0xF81F, 0xF81F, 0xF81F, 0xF81F, 0xF81F, 0xF81F, 0xF81F, 0xF81F, 0xF81F, 0xF81F, 0xF81F, 0xF81F,
    0xF81F, 0xF81F, 0xF81F, 0xF81F, 0xF81F, 0xF81F, 0xF81F, 0xF81F, 0xF81F, 0xF81F, 0xF81F, 0xF81F,
    0xF81F, 0xF81F, 0xF81F, 0xF81F, 0xF81F, 0xF81F, 0xF81F, 0xF81F, 0xF81F, 0xF81F, 0xF81F, 0xF81F,
    0xF81F, 0xF81F, 0xF81F, 0xF81F, 0xF81F, 0xF81F, 0xF81F, 0xF81F, 0xF81F, 0xF81F, 0xF81F, 0xF81F,
    0xF81F, 0xF81F, 0xF81F, 0xF81F, 0xF81F, 0xF81F, 0xF81F, 0xF81F, 0xF81F, 0xF81F, 0xF81F, 0xF81F,
    0xF81F, 0xF81F, 0xF81F, 0xF81F, 0xF81F, 0xF81F, 0xF81F, 0xF81F, 0xF81F, 0xF81F, 0xF81F, 0xF81F,
    0xF81F, 0xF81F, 0xF81F, 0xF81F, 0xF81F, 0xF81F, 0xF81F, 0xF81F, 0xF81F, 0xF81F, 0xF81F, 0xF81F,
    0xF81F, 0xF81F, 0xF81F, 0xF81F, 0xF81F, 0xF81F, 0xF81F, 0xF81F, 0xF81F, 0xF81F, 0xF81F, 0xF81F,
    0xF81F, 0xF81F, 0xF81F, 0xF81F, 0xF81F, 0xF81F, 0xF81F, 0xF81F, 0xF81F, 0xF81F, 0xF81F, 0xF81F,
    0xF81F, 0xF81F, 0xF81F, 0xF81F, 0xF81F, 0xF81F, 0xF81F, 0xF81F, 0xF81F, 0xF81F, 0xF81F, 0xF81F,
    0xF81F, 0xF81F, 0xF81F, 0xF81F, 0xF81F, 0xF81F, 0xF81F, 0xF81F, 0xF81F, 0xF81F, 0xF81F, 0xF81F,
    0xF81F, 0xF81F, 0xF81F, 0xF81F, 0xF81F, 0xF81F, 0xF81F, 0xF81F, 0xF81F, 0xF81F, 0xF81F, 0xF81F,
    0xF81F, 0xF81F, 0xF81F, 0xF81F, 0xF81F, 0xF81F, 0xF81F, 0xF81F, 0xF81F, 0xF81F, 0xF81F, 0xF81F,
    0xF81F, 0xF81F, 0xF81F, 0xF81F, 0xF81F, 0xF81F, 0xF81F, 0xF81F, 0xF81F, 0xF81F, 0xF81F, 0xF81F,
    0xF81F, 0xF81F, 0xF81F, 0xF81F, 0xF81F, 0xF81F, 0xF81F, 0xF81F, 0xF81F, 0xF81F, 0xF81F, 0xF81F,
    0xF81F, 0xF81F, 0xF81F, 0xF81F, 0xF81F, 0xF81F, 0xF81F, 0xF81F, 0xF81F, 0xF81F, 0xF81F, 0xF81F,
    0xF81F, 0xF81F, 0xF81F, 0xF81F, 0xF81F, 0xF81F, 0xF81F, 0xF81F, 0xF81F, 0xF81F, 0xF81F, 0xF81F,
    0xF81F, 0xF81F, 0xF81F, 0xF81F, 0xF81F, 0xF81F, 0xF81F, 0xF81F, 0xF81F, 0xF81F, 0xF81F, 0xF81F,
    0xF81F, 0xF81F, 0xF81F, 0xF81F, 0xF81F, 0xF81F, 0xF81F, 0xF81F, 0xF81F, 0xF81F, 0xF81F, 0xF81F,
    0xF81F, 0xF81F, 0xF81F, 0xF81F, 0xF81F, 0xF81F, 0xF81F, 0xF81F, 0xF81F, 0xF81F, 0xF81F, 0xF81F,
    0xF81F, 0xF81F, 0xF81F, 0xF81F, 0xF81F, 0xF81F, 0xF81F, 0xF81F, 0xF81F, 0xF81F, 0xF81F, 0xF81F,
    0xF81F, 0xF81F, 0xF81F, 0xF81F, 0xF81F, 0xF81F, 0xF81F, 0xF81F, 0xF81F, 0xF81F, 0xF81F, 0xF81F,
    0xF81F, 0xF81F, 0xF81F, 0xF81F, 0xF81F, 0xF81F, 0xF81F, 0xF81F, 0xF81F, 0xF81F, 0xF81F, 0xF81F,
    0xF81F, 0xF81F, 0xF81F, 0xF81F, 0xF81F, 0xF81F, 0xF81F, 0xF81F, 0xF81F, 0xF81F, 0xF81F, 0xF81F,
    0xF81F, 0xF81F, 0xF81F, 0xF81F, 0xF81F, 0xF81F, 0xF81F, 0xF81F, 0xF81F, 0xF81F, 0xF81F, 0xF81F,
    0xF81F, 0xF81F, 0xF81F, 0xF81F, 0xF81F, 0xF81F, 0xF81F, 0xF81F, 0xF81F, 0xF81F, 0xF81F, 0xF81F,
    0xF81F, 0xF81F, 0xF81F, 0xF81F, 0xF81F, 0xF81F, 0xF81F, 0xF81F, 0xF81F, 0xF81F, 0xF81F, 0xF81F,
    0xF81F, 0xF81F, 0xF81F, 0xF81F, 0xF81F, 0xF81F, 0xF81F, 0xF81F, 0xF81F, 0xF81F, 0xF81F, 0xF81F,
    0xF81F, 0xF81F, 0xF81F, 0xF81F, 0xF81F, 0xF81F, 0xF81F, 0xF81F, 0xF81F, 0xF81F, 0xF81F, 0xF81F,
    0xF81F, 0xF81F, 0xF81F, 0xF81F, 0xF81F, 0xF81F, 0xF81F, 0xF81F, 0xF81F, 0xF81F, 0xF81F, 0xF81F,
    0xF81F, 0xF81F, 0xF81F, 0xF81F, 0xF81F, 0xF81F, 0xF81F, 0xF81F, 0xF81F, 0xF81F, 0xF81F, 0xF81F,
    0xF81F, 0xF81F, 0xF81F, 0xF81F, 0xF81F, 0xF81F, 0xF81F, 0xF81F, 0xF81F, 0xF81F, 0xF81F, 0xF81F,
    0xF81F, 0xF81F, 0xF81F, 0xF81F, 0xF81F, 0xF81F, 0xF81F, 0xF81F, 0xF81F, 0xF81F, 0xF81F, 0xF81F,
    0xF81F, 0xF81F, 0xF81F, 0xF81F, 0xF81F, 0xF81F, 0xF81F, 0xF81F, 0xF81F, 0xF81F, 0xF81F, 0xF81F,
    0xF81F, 0xF81F, 0xF81F, 0xF81F, 0xF81F, 0xF81F, 0xF81F, 0xF81F, 0xF81F, 0xF81F, 0xF81F, 0xF81F,
    0xF81F, 0xF81F, 0xF81F, 0xF81F, 0xF81F, 0xF81F, 0xF81F, 0xF81F, 0xF81F, 0xF81F, 0xF81F, 0xF81F,
    0xF81F, 0xF81F, 0xF81F, 0xF81F, 0xF81F, 0xF81F, 0xF81F, 0xF81F, 0xF81F, 0xF81F, 0xF81F, 0xF81F,
    0xF81F, 0xF81F, 0xF81F, 0xF81F, 0xF81F, 0xF81F, 0xF81F, 0xF81F, 0xF81F, 0xF81F, 0xF81F, 0xF81F,
    0xF81F, 0xF81F, 0xF81F, 0xF81F, 0xF81F, 0xF81F, 0xF81F, 0xF81F, 0xF81F, 0xF81F, 0xF81F, 0xF81F,
    0xF81F, 0xF81F, 0xF81F, 0xF81F, 0xF81F, 0xF81F, 0xF81F, 0xF81F, 0xF81F, 0xF81F, 0xF81F, 0xF81F,
    0xF81F, 0xF81F, 0xF81F, 0xF81F, 0xF81F, 0xF81F, 0xF81F, 0xF81F, 0xF81F, 0xF81F, 0xF81F, 0xF81F,
    0xF81F, 0xF81F, 0xF81F, 0xF81F, 0xF81F, 0xF81F, 0xF81F, 0xF81F, 0xF81F, 0xF81F, 0xF81F, 0xF81F,
    0xF81F, 0xF81F, 0xF81F, 0xF81F, 0xF81F, 0xF81F, 0xF81F, 0xF81F, 0xF81F, 0xF81F, 0xF81F, 0xF81F,
    0xF81F, 0xF81F, 0xF81F, 0xF81F, 0xF81F, 0xF81F, 0xF81F, 0xF81F, 0xF81F, 0xF81F, 0xF81F, 0xF81F,
    0xF81F, 0xF81F, 0xF81F, 0xF81F, 0xF81F, 0xF81F, 0xF81F, 0xF81F, 0xF81F, 0xF81F, 0xF81F, 0xF81F,
    0xF81F, 0xF81F, 0xF81F, 0xF81F, 0xF81F, 0xF81F, 0xF81F, 0xF81F, 0xF81F, 0xF81F, 0xF81F, 0xF81F,
    0xF81F, 0xF81F, 0xF81F, 0xF81F, 0xF81F, 0xF81F, 0xF81F, 0xF81F, 0xF81F, 0xF81F, 0xF81F, 0xF81F,
    0xF81F, 0xF81F, 0xF81F, 0xF81F, 0xF81F, 0xF81F, 0xF81F, 0xF81F, 0xF81F, 0xF81F, 0xF81F, 0xF81F,
    0xF81F, 0xF81F, 0xF81F, 0xF81F, 0xF81F, 0xF81F, 0xF81F, 0xF81F, 0xF81F, 0xF81F, 0xF81F, 0xF81F,
    0xF81F, 0xF81F, 0xF81F, 0xF81F, 0xF81F, 0xF81F, 0xF81F, 0xF81F, 0xF81F, 0xF81F, 0xF81F, 0xF81F,
    0xF81F, 0xF81F, 0xF81F, 0xF81F, 0xF81F, 0xF81F, 0xF81F, 0xF81F, 0xF81F, 0xF81F, 0xF81F, 0xF81F,
    0xF81F, 0xF81F, 0xF81F, 0xF81F, 0xF81F, 0xF81F, 0xF81F, 0xF81F, 0xF81F, 0xF81F, 0xF81F, 0xF81F,
    0xF81F, 0xF81F, 0xF81F, 0xF81F, 0xF81F, 0xF81F, 0xF81F, 0xF81F, 0xF81F, 0xF81F, 0xF81F, 0xF81F,
    0xF81F, 0xF81F, 0xF81F, 0xF81F, 0xF81F, 0xF81F, 0xF81F, 0xF81F, 0xF81F, 0xF81F, 0xF81F, 0xF81F,
    0xF81F, 0xF81F, 0xF81F, 0xF81F, 0xF81F, 0xF81F, 0xF81F, 0xF81F, 0xF81F, 0xF81F, 0xF81F, 0xF81F,
    0xF81F, 0xF81F, 0xF81F, 0xF81F, 0xF81F, 0xF81F, 0xF81F, 0xF81F, 0xF81F, 0xF81F, 0xF81F, 0xF81F,
    0xF81F, 0xF81F, 0xF81F, 0xF81F, 0xF81F, 0xF81F, 0xF81F, 0xF81F, 0xF81F, 0xF81F, 0xF81F, 0xF81F,
    0xF81F, 0xF81F, 0xF81F, 0xF81F, 0xF81F, 0xF81F, 0xF81F, 0xF81F, 0xF81F, 0xF81F, 0xF81F, 0xF81F,
    0xF81F, 0xF81F, 0xF81F, 0xF81F, 0xF81F, 0xF81F, 0xF81F, 0xF81F, 0xF81F, 0xF81F, 0xF81F, 0xF81F,
    0xF81F, 0xF81F, 0xF81F, 0xF81F, 0xF81F, 0xF81F, 0xF81F, 0xF81F, 0xF81F, 0xF81F, 0xF81F, 0xF81F,
    0xF81F, 0xF81F, 0xF81F, 0xF81F, 0xF81F, 0xF81F, 0xF81F, 0xF81F, 0xF81F, 0xF81F, 0xF81F, 0xF81F,
    0xF81F, 0xF81F, 0xF81F, 0xF81F, 0xF81F, 0xF81F, 0xF81F, 0xF81F, 0xF81F, 0xF81F, 0xF81F, 0xF81F,
    0xF81F, 0xF81F, 0xF81F, 0xF81F, 0xF81F, 0xF81F, 0xF81F, 0xF81F, 0xF81F, 0xF81F, 0xF81F, 0xF81F,
    0xF81F, 0xF81F, 0xF81F, 0xF81F, 0xF81F, 0xF81F, 0xF81F, 0xF81F, 0xF81F, 0xF81F, 0xF81F, 0xF81F,
    0xF81F, 0xF81F, 0xF81F, 0xF81F, 0xF81F, 0xF81F, 0xF81F, 0xF81F, 0xF81F, 0xF81F, 0xF81F, 0xF81F,
    0xF81F, 0xF81F, 0xF81F, 0xF81F, 0xF81F, 0xF81F, 0xF81F, 0xF81F, 0xF81F, 0xF81F, 0xF81F, 0xF81F,
    0xF81F, 0xF81F, 0xF81F, 0xF81F, 0xF81F, 0xF81F, 0xF81F, 0xF81F, 0xF81F, 0xF81F, 0xF81F, 0xF81F,
    0xF81F, 0xF81F, 0xF81F, 0xF81F, 0xF81F, 0xF81F, 0xF81F, 0xF81F, 0xF81F, 0xF81F, 0xF81F, 0xF81F,
    0xF81F, 0xF81F, 0xF81F, 0xF81F, 0xF81F, 0xF81F, 0xF81F, 0xF81F, 0xF81F, 0xF81F, 0xF81F, 0xF81F,
    0xF81F, 0xF81F, 0xF81F, 0xF81F, 0xF81F, 0xF81F, 0xF81F, 0xF81F, 0xF81F, 0xF81F, 0xF81F, 0xF81F,
    0xF81F, 0xF81F, 0xF81F, 0xF81F, 0xF81F, 0xF81F, 0xF81F, 0xF81F, 0xF81F, 0xF81F, 0xF81F, 0xF81F,
    0xF81F, 0xF81F, 0xF81F, 0xF81F, 0xF81F, 0xF81F, 0xF81F, 0xF81F, 0xF81F, 0xF81F, 0xF81F, 0xF81F,
    0xF81F, 0xF81F, 0xF81F, 0xF81F, 0xF81F, 0xF81F, 0xF81F, 0xF81F, 0xF81F, 0xF81F, 0xF81F, 0xF81F,
    0xF81F, 0xF81F, 0xF81F, 0xF81F, 0xF81F, 0xF81F, 0xF81F, 0xF81F, 0xF81F, 0xF81F, 0xF81F, 0xF81F,
    0xF81F, 0xF81F, 0xF81F, 0xF81F, 0xF81F, 0xF81F, 0xF81F, 0xF81F, 0xF81F, 0xF81F, 0xF81F, 0xF81F,
    0xF81F, 0xF81F, 0xF81F, 0xF81F, 0xF81F, 0xF81F, 0xF81F, 0xF81F, 0xF81F, 0xF81F, 0xF81F, 0xF81F,
    0xF81F, 0xF81F, 0xF81F, 0xF81F, 0xF81F, 0xF81F, 0xF81F, 0xF81F, 0xF81F, 0xF81F, 0xF81F, 0xF81F,
    0xF81F, 0xF81F, 0xF81F, 0xF81F, 0xF81F, 0xF81F, 0xF81F, 0xF81F, 0xF81F, 0xF81F, 0xF81F, 0xF81F,
    0xF81F, 0xF81F, 0xF81F, 0xF81F, 0xF81F, 0xF81F, 0xF81F, 0xF81F, 0xF81F, 0xF81F, 0xF81F, 0xF81F,
    0xF81F, 0xF81F, 0xF81F, 0xF81F, 0xF81F, 0xF81F, 0xF81F, 0xF81F, 0xF81F, 0xF81F, 0xF81F, 0xF81F,
    0xF81F, 0xF81F, 0xF81F, 0xF81F, 0xF81F, 0xF81F, 0xF81F, 0xF81F, 0xF81F, 0xF81F, 0xF81F, 0xF81F,
    0xF81F, 0xF81F, 0xF81F, 0xF81F, 0xF81F, 0xF81F, 0xF81F, 0xF81F, 0xF81F, 0xF81F, 0xF81F, 0xF81F,
    0xF81F, 0xF81F, 0xF81F, 0xF81F, 0xF81F, 0xF81F, 0xF81F, 0xF81F, 0xF81F, 0xF81F, 0xF81F, 0xF81F,
    0xF81F, 0xF81F, 0xF81F, 0xF81F, 0xF81F, 0xF81F, 0xF81F, 0xF81F, 0xF81F, 0xF81F, 0xF81F, 0xF81F,
    0xF81F, 0xF81F, 0xF81F, 0xF81F, 0xF81F, 0xF81F, 0xF81F, 0xF81F, 0xF81F, 0xF81F, 0xF81F, 0xF81F,
    0xF81F, 0xF81F, 0xF81F, 0xF81F, 0xF81F, 0xF81F, 0xF81F, 0xF81F, 0xF81F, 0xF81F, 0xF81F, 0xF81F,
    0xF81F, 0xF81F, 0xF81F, 0xF81F, 0xF81F, 0xF81F, 0xF81F, 0xF81F, 0xF81F, 0xF81F, 0xF81F, 0xF81F,
    0xF81F, 0xF81F, 0xF81F, 0xF81F, 0xF81F, 0xF81F, 0xF81F, 0xF81F, 0xF81F, 0xF81F, 0xF81F, 0xF81F,
    0xF81F, 0xF81F, 0xF81F, 0xF81F, 0xF81F, 0xF81F, 0xF81F, 0xF81F, 0xF81F, 0xF7B5, 0xE522, 0xF81F,
    0xF81F, 0xF81F, 0xF81F, 0xF81F, 0xF81F, 0xF81F, 0xF81F, 0xF81F, 0xF81F, 0xF81F, 0xF81F, 0xF81F,
    0xF81F, 0xF81F, 0xF81F, 0xF81F, 0xF81F, 0xF81F, 0xF81F, 0xF81F, 0xF81F, 0xF81F, 0xF81F, 0xF81F,
    0xF81F, 0xF81F, 0xF81F, 0xF81F, 0xF81F, 0xF81F, 0xF81F, 0xF81F, 0xF81F, 0xF81F, 0xF81F, 0xF81F,
    0xF81F, 0xF81F, 0xF81F, 0xF81F, 0xF81F, 0xF81F, 0xF81F, 0xF81F, 0xF81F, 0xF81F, 0xF81F, 0xF81F,
    0xF81F, 0xF81F, 0xF81F, 0xF81F, 0xF81F, 0xF81F, 0xF81F, 0xF81F, 0xF81F, 0xF81F, 0xF81F, 0xF81F,
    0xF81F, 0xF81F, 0xF81F, 0xF81F, 0xF81F, 0xF81F, 0xF81F, 0xF81F, 0xF81F, 0xF81F, 0xF81F, 0xF81F,
    0xF81F, 0xF81F, 0xF81F, 0xF81F, 0xF81F, 0xF81F, 0xF81F, 0xF81F, 0xF81F, 0xF81F, 0xF81F, 0xF81F,
    0xF81F, 0xF81F, 0xF81F, 0xF81F, 0xF81F, 0xF81F, 0xF81F, 0xF81F, 0xF711, 0xF523, 0xEC80, 0xF6C0,
    0xF81F, 0xF81F, 0xF81F, 0xF81F, 0xF81F, 0xF81F, 0xF81F, 0xF81F, 0xF81F, 0xF81F, 0xF81F, 0xF81F,
    0xF81F, 0xF81F, 0xF81F, 0xF81F, 0xF81F, 0xF81F, 0xF81F, 0xF81F, 0xF81F, 0xF81F, 0xF81F, 0xF81F,
    0xF81F, 0xF81F, 0xF81F, 0xF81F, 0xF81F, 0xF81F, 0xF81F, 0xF81F, 0xF81F, 0xF81F, 0xF81F, 0xF81F,
    0xF81F, 0xF81F, 0xF81F, 0xF81F, 0xF81F, 0xF81F, 0xF81F, 0xF81F, 0xF81F, 0xF81F, 0xF81F, 0xF81F,
    0xF81F, 0xF81F, 0xF81F, 0xF81F, 0xF81F, 0xF81F, 0xF81F, 0xF81F, 0xF81F, 0xF81F, 0xF81F, 0xF81F,
    0xF81F, 0xF81F, 0xF81F, 0xF81F, 0xF81F, 0xF81F, 0xF81F, 0xF81F, 0xF81F, 0xF81F, 0xF81F, 0xF81F,
    0xF81F, 0xF81F, 0xF81F, 0xF81F, 0xF81F, 0xF81F, 0xF81F, 0xF81F, 0xF81F, 0xF81F, 0xF81F, 0xF81F,
    0xF81F, 0xF81F, 0xF81F, 0xF81F, 0xF81F, 0xF81F, 0xF81F, 0xEE2B, 0xF5C6, 0xC360, 0xECC0, 0xFE20,
    0xD540, 0xF81F, 0xF81F, 0xF81F, 0xF81F, 0xF81F, 0xF81F, 0xF81F, 0xF81F, 0xF81F, 0xF81F, 0xF81F,
    0xF81F, 0xF81F, 0xF81F, 0xF81F, 0xF81F, 0xF81F, 0xF81F, 0xF81F, 0xF81F, 0xF81F, 0xF81F, 0xF81F,
    0xF81F, 0xF81F, 0xF81F, 0xF81F, 0xF81F, 0xF81F, 0xF81F, 0xF81F, 0xF81F, 0xF81F, 0xF81F, 0xF81F,
    0xF81F, 0xF81F, 0xF81F, 0xF81F, 0xF81F, 0xF81F, 0xF81F, 0xF81F, 0xF81F, 0xF81F, 0xF81F, 0xF81F,
    0xF81F, 0xF81F, 0xF81F, 0xF81F, 0xF81F, 0xF81F, 0xF81F, 0xF81F, 0xF81F, 0xF81F, 0xF81F, 0xF81F,
    0xF81F, 0xF81F, 0xF81F, 0xF81F, 0xF81F, 0xF81F, 0xF81F, 0xF81F, 0xF81F, 0xF81F, 0xF81F, 0xF81F,
    0xF81F, 0xF81F, 0xF81F, 0xF81F, 0xF81F, 0xF81F, 0xF81F, 0xF81F, 0xF81F, 0xF81F, 0xF81F, 0xF81F,
    0xF81F, 0xF81F, 0xF81F, 0xF81F, 0xF81F, 0xF81F, 0xEF6C, 0xF5E2, 0xBB00, 0xAB20, 0xFD40, 0xD400,
    0xB380, 0xFEC0, 0xDE00, 0xF81F, 0xF81F, 0xF81F, 0xF81F, 0xF81F, 0xF81F, 0xF81F, 0xF81F, 0xF81F,
    0xF81F, 0xF81F, 0xF81F, 0xF81F, 0xF81F, 0xF81F, 0xF81F, 0xF81F, 0xF81F, 0xF81F, 0xF81F, 0xF81F,
    0xF81F, 0xF81F, 0xF81F, 0xF81F, 0xF81F, 0xF81F, 0xF81F, 0xF81F, 0xF81F, 0xF81F, 0xF81F, 0xF81F,
    0xF81F, 0xF81F, 0xF81F, 0xF81F, 0xF81F, 0xF81F, 0xF81F, 0xF81F, 0xF81F, 0xF81F, 0xF81F, 0xF81F,
    0xF81F, 0xF81F, 0xF81F, 0xF81F, 0xF81F, 0xF81F, 0xF81F, 0xF81F, 0xF81F, 0xF81F, 0xF81F, 0xF81F,
    0xF81F, 0xF81F, 0xF81F, 0xF81F, 0xF81F, 0xF81F, 0xF81F, 0xF81F, 0xF81F, 0xF81F, 0xF81F, 0xF81F,
    0xF81F, 0xF81F, 0xF81F, 0xF81F, 0xF81F, 0xF81F, 0xF81F, 0xF81F, 0xF81F, 0xF81F, 0xF81F, 0xF81F,
    0xF81F, 0xF81F, 0xF81F, 0xF81F, 0xF81F, 0xF81F, 0xFE00, 0xB3A0, 0xAB20, 0xFCE0, 0xA360, 0xA340,
    0xDC40, 0xD420, 0xDCE0, 0xD580, 0xF81F, 0xF81F, 0xF81F, 0xF81F, 0xF81F, 0xF81F, 0xF81F, 0xF81F,
    0xF81F, 0xF81F, 0xF81F, 0xF81F, 0xF81F, 0xF81F, 0xF81F, 0xF81F, 0xF81F, 0xF81F, 0xF81F, 0xF81F,
    0xF81F, 0xF81F, 0xF81F, 0xF81F, 0xF81F, 0xF81F, 0xF81F, 0xF81F, 0xF81F, 0xF81F, 0xF81F, 0xF81F,
    0xF81F, 0xF81F, 0xF81F, 0xF81F, 0xF81F, 0xF81F, 0xF81F, 0xF81F, 0xF81F, 0xF81F, 0xF81F, 0xF81F,
    0xF81F, 0xF81F, 0xF81F, 0xF81F, 0xF81F, 0xF81F, 0xF81F, 0xF81F, 0xF81F, 0xF81F, 0xF81F, 0xF81F,
    0xF81F, 0xF81F, 0xF81F, 0xF81F, 0xF81F, 0xF81F, 0xF81F, 0xF81F, 0xF81F, 0xF81F, 0xF81F, 0xF81F,
    0xF81F, 0xF81F, 0xF81F, 0xF81F, 0xF81F, 0xF81F, 0xF81F, 0xF81F, 0xF81F, 0xF81F, 0xF81F, 0xF81F,
    0xF81F, 0xF81F, 0xF81F, 0xF81F, 0xF81F, 0xFF20, 0xDC40, 0xBB60, 0xD420, 0xAB40, 0x9B00, 0xDC40,
    0xDC40, 0x7A80, 0xB360, 0xF5C0, 0xEEC0, 0xF81F, 0xF81F, 0xF81F, 0xF81F, 0xF81F, 0xF81F, 0xF81F,
    0xF81F, 0xF81F, 0xF81F, 0xF81F, 0xF81F, 0xF81F, 0xF81F, 0xF81F, 0xF81F, 0xF81F, 0xF81F, 0xF81F,
    0xF81F, 0xF81F, 0xF81F, 0xF81F, 0xF81F, 0xF81F, 0xF81F, 0xF81F, 0xF81F, 0xF81F, 0xF81F, 0xF81F,
    0xF81F, 0xF81F, 0xF81F, 0xF81F, 0xF81F, 0xF81F, 0xF81F, 0xF81F, 0xF81F, 0xF81F, 0xF81F, 0xF81F,
    0xF81F, 0xF81F, 0xF81F, 0xF81F, 0xF81F, 0xF81F, 0xF81F, 0xF81F, 0xF81F, 0xF81F, 0xF81F, 0xF81F,
    0xF81F, 0xF81F, 0xF81F, 0xF81F, 0xF81F, 0xF81F, 0xF81F, 0xF81F, 0xF81F, 0xF81F, 0xF81F, 0xF81F,
    0xF81F, 0xF81F, 0xF81F, 0xF81F, 0xF81F, 0xF81F, 0xF81F, 0xF81F, 0xF81F, 0xF81F, 0x0000, 0x0000,
    0x0000, 0x0000, 0x0000, 0x0000, 0x0000, 0x49A0, 0x3100, 0x3940, 0x59E0, 0x3140, 0x8AC0, 0xA340,
    0x7280, 0xB360, 0xDC40, 0xD400, 0xC440, 0xF6E1, 0xF81F, 0xF81F, 0xF81F, 0xF81F, 0xF81F, 0xF81F,
    0xF81F, 0xF81F, 0xF81F, 0xF81F, 0xF81F, 0xF81F, 0xF81F, 0xF81F, 0xF81F, 0xF81F, 0xF81F, 0xF81F,
    0xF81F, 0xF81F, 0xF81F, 0xF81F, 0xF81F, 0xF81F, 0xF81F, 0xF81F, 0xF81F, 0xF81F, 0xF81F, 0xF81F,
    0xF81F, 0xF81F, 0xF81F, 0xF81F, 0xF81F, 0xF81F, 0xF81F, 0xF81F, 0xF81F, 0xF81F, 0xF81F, 0xF81F,
    0xF81F, 0xF81F, 0xF81F, 0xF81F, 0xF81F, 0xF81F, 0xF81F, 0xF81F, 0xF81F, 0xF81F, 0xF81F, 0xF81F,
    0xF81F, 0xF81F, 0xF81F, 0xF81F, 0xF81F, 0xF81F, 0xF81F, 0xF81F, 0xF81F, 0xF81F, 0xF81F, 0xF81F,
    0xF81F, 0xF81F, 0xF81F, 0xF81F, 0xF81F, 0x20A3, 0x1060, 0x0840, 0x0000, 0x5AC7, 0x738A, 0x7369,
    0x7369, 0x6B69, 0x7368, 0x7368, 0x7369, 0x6B28, 0x7BC9, 0x6AC2, 0x51E0, 0x51E1, 0x49E0, 0x3160,
    0x49C0, 0x7AA0, 0x7280, 0x92C0, 0xDC40, 0xFDC0, 0xF81F, 0xF81F, 0xF81F, 0xF81F, 0xF81F, 0xF81F,
    0xF81F, 0xF81F, 0xF81F, 0xF81F, 0xF81F, 0xF81F, 0xF81F, 0xF81F, 0xF81F, 0xF81F, 0xF81F, 0xF81F,
    0xF81F, 0xF81F, 0xF81F, 0xF81F, 0xF81F, 0xF81F, 0xF81F, 0xF81F, 0xF81F, 0xF81F, 0xF81F, 0xF81F,
    0xF81F, 0xF81F, 0xF81F, 0xF81F, 0xF81F, 0xF81F, 0xF81F, 0xF81F, 0xF81F, 0xF81F, 0xF81F, 0xF81F,
    0xF81F, 0xF81F, 0xF81F, 0xF81F, 0xF81F, 0xF81F, 0xF81F, 0xF81F, 0xF81F, 0xF81F, 0xF81F, 0xF81F,
    0xF81F, 0xF81F, 0xF81F, 0xF81F, 0xF81F, 0xF81F, 0xF81F, 0xF81F, 0xF81F, 0xF81F, 0xF81F, 0xF81F,
    0xF81F, 0xF81F, 0x0000, 0x0000, 0x0000, 0x62A6, 0xD62E, 0xBD8D, 0xBD8D, 0xE6AF, 0xEE8D, 0xDE4D,
    0xE64C, 0xEE6C, 0xE64C, 0xE64C, 0xE62B, 0xEE4B, 0xEECD, 0xCCE4, 0xB3A0, 0xB3C1, 0xBC21, 0x7AC0,
    0x41A0, 0x49E0, 0x18E0, 0x4160, 0x8AA0, 0x8AC0, 0xF81F, 0xF81F, 0xF81F, 0xF81F, 0xF81F, 0xF81F,
    0xF81F, 0xF81F, 0xF81F, 0xF81F, 0xF81F, 0xF81F, 0xF81F, 0xF81F, 0xF81F, 0xF81F, 0xF81F, 0xF81F,
    0xF81F, 0xF81F, 0xF81F, 0xF81F, 0xF81F, 0xF81F, 0xF81F, 0xEEC7, 0xFF62, 0xFEC0, 0xFF20, 0xD5C0,
    0xF81F, 0xF81F, 0xF81F, 0xF81F, 0xF81F, 0xF81F, 0xF81F, 0xF81F, 0xF81F, 0xF81F, 0xF81F, 0xF81F,
    0xF81F, 0xF81F, 0xF81F, 0xF81F, 0xF81F, 0xF81F, 0xF81F, 0xF81F, 0xF81F, 0xF81F, 0xF81F, 0xF81F,
    0xF81F, 0xF81F, 0xF81F, 0xF81F, 0xF81F, 0xF81F, 0xF81F, 0xF81F, 0xF81F, 0xF81F, 0xF81F, 0x0000,
    0x0000, 0x7349, 0xC5D0, 0xBD70, 0xBD90, 0xBD6D, 0xCD89, 0xB444, 0xAC25, 0xCD21, 0xE5A0, 0x82A0,
    0xB440, 0xE5A0, 0x92E0, 0x9300, 0xB3E0, 0xEDA0, 0xA340, 0xA360, 0xABA0, 0xA360, 0xE5A0, 0xDD40,
    0xB360, 0xBBE0, 0xBC40, 0xAC00, 0x39A0, 0x18E1, 0x0861, 0xF81F, 0xF81F, 0xF81F, 0xF81F, 0xF81F,
    0xF81F, 0xF81F, 0xF81F, 0xF81F, 0xF81F, 0xF81F, 0xF81F, 0xF81F, 0xF81F, 0xF81F, 0xF81F, 0xF81F,
    0xF81F, 0xF81F, 0xF81F, 0xF81F, 0xF81F, 0xF772, 0xF768, 0xDCA0, 0xD440, 0xD420, 0xFE60, 0xD5C0,
    0xF81F, 0xF81F, 0xF81F, 0xF81F, 0xF81F, 0xF81F, 0xF81F, 0xF81F, 0xF81F, 0xF81F, 0xF81F, 0xF81F,
    0xF81F, 0xF81F, 0xF81F, 0xF81F, 0xF81F, 0xF81F, 0xF81F, 0xF81F, 0xF81F, 0xF81F, 0xF81F, 0xF81F,
    0xF81F, 0xF81F, 0xF81F, 0xF81F, 0xF81F, 0xF81F, 0xF81F, 0xF81F, 0xF81F, 0xF81F, 0x49C6, 0x7369,
    0x6B69, 0xB50B, 0xE62C, 0xDDEC, 0xDDEB, 0x9B62, 0xC4C0, 0xEE00, 0x92E0, 0xB420, 0xCCE0, 0x9B60,
    0xABE0, 0xBC60, 0xA380, 0x9B40, 0xAC00, 0xDD40, 0xA380, 0xABA0, 0xABA0, 0xA360, 0xC440, 0xC440,
    0xB3A0, 0xB3A0, 0xE520, 0xD4C0, 0xA3A0, 0xF640, 0xA3E0, 0x7280, 0xBD00, 0xF81F, 0xF81F, 0xF81F,
    0xF81F, 0xF81F, 0xF81F, 0xF81F, 0xF81F, 0xF81F, 0xF81F, 0xF81F, 0xF81F, 0xF81F, 0xF81F, 0xF81F,
    0xF81F, 0xF81F, 0xF81F, 0xF81F, 0xD692, 0xFE65, 0xF5A0, 0xCBC0, 0xE500, 0xFE20, 0xFEC0, 0xD5C0,
    0xF81F, 0xF81F, 0xF81F, 0xF81F, 0xF81F, 0xF81F, 0xF81F, 0xF81F, 0xF81F, 0xF81F, 0xF81F, 0xF81F,
    0xF81F, 0xF81F, 0xF81F, 0xF81F, 0xF81F, 0xF81F, 0xF81F, 0xF81F, 0xF81F, 0xF81F, 0xF81F, 0xF81F,
    0xF81F, 0xF81F, 0xF81F, 0xF81F, 0xF81F, 0xF81F, 0xF81F, 0xF81F, 0x2963, 0x2123, 0x942A, 0xFF30,
    0xEEAF, 0xAC44, 0x8AA0, 0x9B20, 0x9B00, 0x9B00, 0xAB80, 0xBC00, 0xABA0, 0xAB80, 0xA360, 0xABC0,
    0xB400, 0xA380, 0xABC0, 0xB3E0, 0xAB80, 0x9B40, 0xB3C0, 0xABA0, 0xB3E0, 0xCC80, 0xAB80, 0xAB60,
    0xABA0, 0xB3C0, 0xAB80, 0xA360, 0xABC0, 0xE5A0, 0xBC00, 0xC440, 0xF620, 0x9381, 0xF81F, 0xF81F,
    0xF81F, 0xF81F, 0xF81F, 0xF81F, 0xF81F, 0xEE62, 0xF81F, 0xF81F, 0xF81F, 0xF81F, 0xF81F, 0xF81F,
    0xF81F, 0xF81F, 0xF81F, 0xDE70, 0xFF0C, 0xDC60, 0xC3A0, 0xED40, 0xFE40, 0xFEA0, 0xF81F, 0xF81F,
    0xF81F, 0xF81F, 0xF81F, 0xF81F, 0xF81F, 0xF81F, 0xF81F, 0xF81F, 0xF81F, 0xF81F, 0xF81F, 0xF81F,
    0xF81F, 0xF81F, 0xF81F, 0xF81F, 0xF81F, 0xF81F, 0xF81F, 0xF81F, 0xF81F, 0xF81F, 0xF81F, 0xF81F,
    0xF81F, 0xF81F, 0xF81F, 0xF81F, 0xF81F, 0x0000, 0x0000, 0x5286, 0xEED0, 0xE6B1, 0xC549, 0x9300,
    0x8AE0, 0x9341, 0x9BA1, 0x9340, 0xA3A0, 0xD4C0, 0xCC80, 0xA340, 0xBC00, 0xF500, 0xDCA0, 0xC420,
    0xFE60, 0xCC80, 0xE4E0, 0xFE20, 0xD480, 0xAB80, 0xFDE0, 0xC3E0, 0xC460, 0xFEC0, 0xC420, 0xDD00,
    0xE540, 0xAB60, 0xB3A0, 0xB3A0, 0xB3A0, 0xAB60, 0xAB80, 0xAB80, 0xA320, 0xE5A0, 0xF601, 0xCCE5,
    0xDD65, 0xF81F, 0xF81F, 0xF81F, 0xCD42, 0xEE21, 0xF81F, 0xF81F, 0xF81F, 0xF81F, 0xF81F, 0xF81F,
    0xF81F, 0xF81F, 0xFFD3, 0xF648, 0xE460, 0xBBA0, 0xF5C0, 0xFE60, 0xFEA0, 0xFE60, 0xF81F, 0xF81F,
    0xF81F, 0xF81F, 0xF81F, 0xF81F, 0xF81F, 0xF81F, 0xF81F, 0xF81F, 0xF81F, 0xF81F, 0xF81F, 0xF81F,
    0xF81F, 0xF81F, 0xF81F, 0xF81F, 0xF81F, 0xF81F, 0xF81F, 0xF81F, 0xF81F, 0xF81F, 0xF81F, 0xF81F,
    0xF81F, 0xF81F, 0xF81F, 0xF81F, 0x51E5, 0x83C7, 0xA4CC, 0x83E9, 0x3140, 0x51E0, 0x6200, 0xCC80,
    0xFEE6, 0xF6E8, 0xF727, 0x9361, 0x9B20, 0xFE20, 0xFE60, 0xEDC0, 0xF5E0, 0xFE60, 0xFE60, 0xFE60,
    0xFE80, 0xF640, 0xFE40, 0xFEA0, 0xFE60, 0xF620, 0xFE80, 0xF620, 0xF620, 0xFE80, 0xFE60, 0xFEC0,
    0xFE80, 0xE500, 0xE520, 0xF5A0, 0xF5C0, 0xB3A0, 0xB3A0, 0xB3A0, 0xB3C0, 0xB3C0, 0xB3C0, 0xABC0,
    0xAB80, 0xA361, 0x9B62, 0xA381, 0x7AC1, 0xF81F, 0xF81F, 0xF81F, 0xF81F, 0xF81F, 0xF81F, 0xF81F,
    0xF81F, 0xF81F, 0xFE02, 0xCC20, 0xBB80, 0xE480, 0xECE0, 0xED00, 0xF540, 0xF5A0, 0xF81F, 0xF81F,
    0xF81F, 0xF81F, 0xF81F, 0xF81F, 0xF81F, 0xF81F, 0xF81F, 0xF81F, 0xF81F, 0xF81F, 0xF81F, 0xF81F,
    0xF81F, 0xF81F, 0xF81F, 0xF81F, 0xF81F, 0xF81F, 0xF81F, 0xF81F, 0xF81F, 0xF81F, 0xF81F, 0xF81F,
    0xF81F, 0x0000, 0x0000, 0x3186, 0x8BE9, 0xFF71, 0x7B87, 0x4A46, 0xCE79, 0x2986, 0x0820, 0x9320,
    0xCC20, 0xE540, 0xFE60, 0xF640, 0xBC40, 0x8260, 0xF5C0, 0xFE80, 0xFEA0, 0xFE80, 0xFE40, 0xFE60,
    0xFE80, 0xFEA0, 0xFEA0, 0xFE60, 0xFE60, 0xFEC0, 0xFEA0, 0xFE60, 0xFE60, 0xFE60, 0xFE40, 0xFE20,
    0xFE40, 0xFEA0, 0xFEC0, 0xFEE0, 0xFEE0, 0xF620, 0xFE60, 0xFE80, 0xF640, 0xBBE0, 0xB3C0, 0xBC00,
    0xE560, 0xC440, 0x9B01, 0xA361, 0x9B61, 0x9383, 0x9BA3, 0x9BA4, 0x9BC4, 0xA3E4, 0xA3E3, 0xAC04,
    0xBCEA, 0xBC24, 0xB2E0, 0xC3C0, 0xF580, 0xFDE0, 0xFE00, 0xFEA0, 0xF81F, 0xF81F, 0xF81F, 0xF81F,
    0xF81F, 0xF81F, 0xF81F, 0xF81F, 0xF81F, 0xF81F, 0xF81F, 0xF81F, 0xF81F, 0xF81F, 0xF81F, 0xF81F,
    0xF81F, 0xF81F, 0xF81F, 0xF81F, 0xF81F, 0xF81F, 0xF81F, 0xF81F, 0xF81F, 0xF81F, 0xF81F, 0xF81F,
    0xF81F, 0x39A5, 0x4A26, 0xFF70, 0x8C4A, 0x72C2, 0x5A41, 0x39C6, 0xBDD6, 0x3186, 0x0000, 0x4980,
    0xBB60, 0xDCE0, 0xFE40, 0xFEA0, 0xE560, 0x9300, 0xC400, 0xF5A0, 0xFEA0, 0xFE20, 0xD420, 0xD460,
    0xFE40, 0xFE60, 0xFE60, 0xDCA0, 0xDCE0, 0xFEA0, 0xFEC0, 0xD480, 0xDD00, 0xFE80, 0xD420, 0xE4C0,
    0xED00, 0xFE60, 0xFEC0, 0xED80, 0xDD00, 0xFEC0, 0xF600, 0xF600, 0xFEC0, 0xFE40, 0xFE40, 0xFE40,
    0xFEA0, 0xF5E0, 0xE520, 0xE540, 0xC420, 0xBC01, 0xBC01, 0xB3E1, 0xBC01, 0xB3C1, 0xB3E0, 0xBC00,
    0xDD20, 0xC400, 0xA300, 0xB380, 0xC3E0, 0xC3E0, 0xC400, 0x9340, 0xF81F, 0xF81F, 0xF81F, 0xF81F,
    0xF81F, 0xF81F, 0xF81F, 0xF81F, 0xF81F, 0xF81F, 0xF81F, 0xF81F, 0xF81F, 0xF81F, 0xF81F, 0xF81F,
    0xF81F, 0xF81F, 0xF81F, 0xF81F, 0xF81F, 0xF81F, 0xF81F, 0xF81F, 0xF81F, 0xF81F, 0xF81F, 0xF81F,
    0x0860, 0xEF32, 0xFF94, 0xF560, 0x8AE0, 0xC4C0, 0x9380, 0x0000, 0x0000, 0x0000, 0x0000, 0x82A0,
    0xC3C0, 0xDD00, 0xFE60, 0xFE20, 0xFEC0, 0xE580, 0x7240, 0xEDC0, 0xFEC0, 0xFE60, 0xD440, 0xCC40,
    0xFE80, 0xF5C0, 0xDCA0, 0xDCA0, 0xDCE0, 0xFEA0, 0xFEC0, 0xDCA0, 0xE500, 0xFE80, 0xDC60, 0xE4C0,
    0xE500, 0xFE60, 0xFEC0, 0xE520, 0xD440, 0xFEC0, 0xE520, 0xD440, 0xDCA0, 0xF620, 0xFE40, 0xE4C0,
    0xD420, 0xEDA0, 0xFEC0, 0xFEC0, 0xD460, 0xF620, 0xE560, 0xD4A0, 0xF600, 0xBB80, 0xC400, 0xD480,
    0xFE80, 0xCC80, 0xAB60, 0xED00, 0xED00, 0xF560, 0xC440, 0x0000, 0xF81F, 0xF81F, 0xF81F, 0xF81F,
    0xF81F, 0xF81F, 0xF81F, 0xF81F, 0xF81F, 0xF81F, 0xF81F, 0xF81F, 0xF81F, 0xF81F, 0xF81F, 0xF81F,
    0xF81F, 0xF81F, 0xF81F, 0xF81F, 0xF81F, 0xF81F, 0xF81F, 0xF81F, 0xF81F, 0xF81F, 0xF81F, 0xF81F,
    0x0860, 0xEDA1, 0xFEC1, 0xFE40, 0xFE20, 0xFE60, 0xEDA0, 0x8B00, 0x3920, 0x3920, 0x5200, 0xC440,
    0xBBC0, 0xD4E0, 0xFE80, 0xFE40, 0xFEC0, 0xDD40, 0x7A40, 0xEDE0, 0xFEA0, 0xFEA0, 0xFE60, 0xFE40,
    0xFEA0, 0xFE80, 0xFE80, 0xDCA0, 0xD4C0, 0xFE80, 0xFEC0, 0xDCA0, 0xDD00, 0xFE80, 0xFE80, 0xED20,
    0xDCA0, 0xFE60, 0xFEC0, 0xE540, 0xD480, 0xFE80, 0xFEA0, 0xF5E0, 0xCC00, 0xF600, 0xFE80, 0xFE40,
    0xD400, 0xE540, 0xFEA0, 0xFEA0, 0xD480, 0xEE00, 0xFE60, 0xF600, 0xFEA0, 0xF640, 0xFE60, 0xFE60,
    0xFEC0, 0xCCA0, 0xA2E0, 0xB3A0, 0xB3A0, 0xBBE0, 0x6A60, 0xF81F, 0xF81F, 0xF81F, 0xF81F, 0xF81F,
    0xF81F, 0xF81F, 0xF81F, 0xF81F, 0xF81F, 0xF81F, 0xF81F, 0xF81F, 0xF81F, 0xF81F, 0xF81F, 0xF81F,
    0xF81F, 0xF81F, 0xF81F, 0xF81F, 0xF81F, 0xF81F, 0xF81F, 0xF81F, 0xF81F, 0xF81F, 0xF81F, 0xF81F,
    0x3086, 0x20A0, 0x49A0, 0xDDA0, 0xFE40, 0xFE00, 0xFEA0, 0xEDA0, 0xC3E0, 0xB3A0, 0xE560, 0xFF00,
    0xBBC0, 0xD4C0, 0xFE80, 0xFE20, 0xFEC0, 0xDD60, 0x7A20, 0xEDE0, 0xFEA0, 0xF660, 0xFE80, 0xFEA0,
    0xFE60, 0xFE60, 0xFE80, 0xE4E0, 0xDCE0, 0xFE80, 0xFEA0, 0xDCC0, 0xE520, 0xFE80, 0xFEC0, 0xED40,
    0xDCC0, 0xFE60, 0xFEC0, 0xE540, 0xD4A0, 0xFE80, 0xFEA0, 0xF600, 0xD440, 0xF620, 0xFE80, 0xFE40,
    0xDC60, 0xED80, 0xFEA0, 0xFE60, 0xFE60, 0xFE80, 0xFEC0, 0xFEC0, 0xFEA0, 0xFEC0, 0xFEA0, 0xFEA0,
    0xFF00, 0xC480, 0xBB80, 0xECE0, 0xE4C0, 0xE500, 0x7B00, 0xF81F, 0xF81F, 0xF81F, 0xF81F, 0xF81F,
    0xF81F, 0xF81F, 0xF81F, 0xF81F, 0xF81F, 0xF81F, 0xF81F, 0xF81F, 0xF81F, 0xF81F, 0xF81F, 0xF81F,
    0xF81F, 0xF81F, 0xF81F, 0xF81F, 0xF81F, 0xF81F, 0xF81F, 0xF81F, 0xF81F, 0xF81F, 0xF81F, 0xF81F,
    0x0001, 0x2121, 0x2962, 0x7A60, 0xD4C0, 0xFEE0, 0xFE40, 0xFE60, 0xFE60, 0xFE60, 0xFE60, 0xFEA0,
    0xBBE0, 0xCCA0, 0xFE60, 0xFEE0, 0xDD60, 0x8AA0, 0xAB80, 0xFDA0, 0xE520, 0x92C0, 0x92C0, 0x9AE0,
    0x9B00, 0x92C0, 0xAB80, 0xFEC0, 0xFE60, 0xFE80, 0xFE80, 0xFE60, 0xFE80, 0xFE80, 0xFE80, 0xFE80,
    0xFE60, 0xFE80, 0xFE80, 0xFE60, 0xFE60, 0xFE80, 0xFE80, 0xFE60, 0xFE40, 0xFE60, 0xFE60, 0xFE60,
    0xFE60, 0xFE80, 0xFEA0, 0xFEA0, 0xFD40, 0xF4E0, 0xF4E0, 0xECE0, 0xECE0, 0xED00, 0xFE60, 0xFEC0,
    0xFF20, 0xCCA0, 0xB320, 0xDC80, 0xECE0, 0xF520, 0xD4E0, 0xF81F, 0xF81F, 0xF81F, 0xF81F, 0xF81F,
    0xF81F, 0xF81F, 0xF81F, 0xF81F, 0xF81F, 0xF81F, 0xF81F, 0xF81F, 0xF81F, 0xF81F, 0xF81F, 0xF81F,
    0xF81F, 0xF81F, 0xF81F, 0xF81F, 0xF81F, 0xF81F, 0xF81F, 0xF81F, 0xF81F, 0xF81F, 0xF81F, 0xF81F,
    0x0020, 0xEE21, 0xFFA1, 0xD4A0, 0xABA0, 0xB440, 0xF600, 0xFE60, 0xFE60, 0xFE60, 0xFE80, 0xF640,
    0xB3C0, 0xE5A0, 0xFEA0, 0xDD60, 0xA3A0, 0x8240, 0xABC0, 0xC420, 0xC440, 0xD560, 0xDD60, 0xDD40,
    0xD520, 0xD540, 0xBC60, 0xBC80, 0xFE80, 0xFE60, 0xFE80, 0xFE80, 0xFE80, 0xFE80, 0xFE80, 0xFE80,
    0xFE80, 0xFE80, 0xFE80, 0xFE80, 0xFE80, 0xFE80, 0xFE80, 0xFE80, 0xFE80, 0xFE80, 0xFE80, 0xFE80,
    0xFEA0, 0xED40, 0xE4A0, 0xE4C0, 0x92C0, 0x8A60, 0xA2C0, 0xAB20, 0xAB20, 0x9B00, 0xD460, 0xECE0,
    0xDCA0, 0xD460, 0xD400, 0xCBE0, 0xF560, 0xFDE0, 0xFE20, 0x8380, 0xF81F, 0xF81F, 0xF81F, 0xF81F,
    0xF81F, 0xF81F, 0xF81F, 0xF81F, 0xF81F, 0xF81F, 0xF81F, 0xF81F, 0xF81F, 0xF81F, 0xF81F, 0xF81F,
    0xF81F, 0xF81F, 0xF81F, 0xF81F, 0xF81F, 0xF81F, 0xF81F, 0xF81F, 0xF81F, 0xF81F, 0xF81F, 0xF81F,
    0x2064, 0x92E0, 0xA340, 0xBBE0, 0xAB60, 0x8260, 0xFE00, 0xFE60, 0xFE40, 0xFE40, 0xFEA0, 0xE540,
    0xBC00, 0xFE80, 0xFEA0, 0x92E0, 0x8AA0, 0xF620, 0xE5C0, 0xE580, 0xED80, 0xF5C0, 0xF5C0, 0xFDE0,
    0xFE40, 0xFF20, 0xD560, 0x9320, 0xFE80, 0xFE60, 0xFE80, 0xFE80, 0xFE80, 0xFE80, 0xFE80, 0xFE80,
    0xFE80, 0xFE80, 0xFE60, 0xFE60, 0xFE60, 0xFE60, 0xFE60, 0xFE40, 0xFE60, 0xED20, 0xDCA0, 0xED60,
    0xEDA0, 0xBBC0, 0x9A80, 0xA320, 0x0840, 0x0000, 0xF81F, 0xF81F, 0xF81F, 0xF81F, 0xF81F, 0xC380,
    0xAB00, 0xE540, 0xFE20, 0xCBA0, 0xCC20, 0xFE20, 0xFE20, 0xFE80, 0x93C1, 0xF81F, 0xF81F, 0xF81F,
    0xF81F, 0xF81F, 0xF81F, 0xF81F, 0xF81F, 0xF81F, 0xF81F, 0xF81F, 0xF81F, 0xF81F, 0xF81F, 0xF81F,
    0xF81F, 0xF81F, 0xF81F, 0xF81F, 0xF81F, 0xF81F, 0xF81F, 0xF81F, 0xF81F, 0xF81F, 0xF81F, 0xF81F,
    0xF81F, 0x0002, 0x0001, 0x1020, 0xA320, 0xB3A0, 0xB3C0, 0xDCC0, 0xFE60, 0xFE60, 0xFEA0, 0xFE80,
    0xFEE0, 0xD4A0, 0x9AC0, 0x8AE0, 0xF620, 0xFE60, 0xA320, 0xB380, 0xCBE0, 0xCBE0, 0xE440, 0xE480,
    0xFE60, 0xFF00, 0xDD40, 0x9B40, 0xFE80, 0xFE40, 0xFE60, 0xFE60, 0xFE60, 0xFE60, 0xFE60, 0xFE80,
    0xFE80, 0xFE60, 0xFE80, 0xFEA0, 0xFE80, 0xFEA0, 0xDC80, 0xDBE0, 0xE440, 0xEC40, 0x92C0, 0x3100,
    0x4140, 0x61E0, 0x8AC0, 0x92C0, 0xA340, 0x18A0, 0xF81F, 0xF81F, 0xF81F, 0xF81F, 0xF81F, 0xF81F,
    0xF81F, 0xF81F, 0xFE80, 0xED00, 0xCBC0, 0xD460, 0xE4E0, 0xED60, 0xE600, 0xF81F, 0xF81F, 0xF81F,
    0xF81F, 0xF81F, 0xF81F, 0xF81F, 0xF81F, 0xF81F, 0xF81F, 0xF81F, 0xF81F, 0xF81F, 0xF81F, 0xF81F,
    0xF81F, 0xF81F, 0xF81F, 0xF81F, 0xF81F, 0xF81F, 0xF81F, 0xF81F, 0xF81F, 0xF81F, 0xF81F, 0xF81F,
    0xF81F, 0xF81F, 0xF81F, 0xF81F, 0x0820, 0x0840, 0x0000, 0x4980, 0xC460, 0xBC40, 0xD460, 0xDC80,
    0xD480, 0xAB40, 0x92C0, 0xE5A0, 0xFEE0, 0xFEE0, 0xA340, 0xA320, 0xFD60, 0xFDE0, 0xFE40, 0xFE20,
    0xF620, 0xCCA0, 0xA340, 0xBC40, 0xFE60, 0xFE40, 0xFE60, 0xFE80, 0xFE80, 0xFE80, 0xFE80, 0xFE80,
    0xFE80, 0xFEA0, 0xF5A0, 0xE4E0, 0xED00, 0xED20, 0xE420, 0xBB40, 0x8A80, 0xAB20, 0x61E0, 0x1040,
    0xA2E0, 0xAB20, 0xBB80, 0xECC0, 0xFD80, 0x8340, 0xF81F, 0xF81F, 0xF81F, 0xF81F, 0xF81F, 0xF81F,
    0xF81F, 0xF81F, 0xF81F, 0xFE60, 0xF5C0, 0xCBC0, 0xED40, 0xFEC0, 0xFEA0, 0x9C20, 0xF81F, 0xF81F,
    0xF81F, 0xF81F, 0xF81F, 0xF81F, 0xF81F, 0xF81F, 0xF81F, 0xF81F, 0xF81F, 0xF81F, 0xF81F, 0xF81F,
    0xF81F, 0xF81F, 0xF81F, 0xF81F, 0xF81F, 0xF81F, 0xF81F, 0xF81F, 0xF81F, 0xF81F, 0xF81F, 0xF81F,
    0xF81F, 0xF81F, 0xF81F, 0xF81F, 0xF81F, 0xF81F, 0xF81F, 0xF81F, 0x0000, 0x0000, 0x61A0, 0x9AA0,
    0x9280, 0xA2C0, 0xBB80, 0xFE00, 0xF600, 0xFE80, 0xD480, 0x9AC0, 0xC3E0, 0xE500, 0xE520, 0xDCE0,
    0xB320, 0x9AC0, 0xBBE0, 0xFE40, 0xFE00, 0xFE00, 0xFE40, 0xF600, 0xF5E0, 0xF5E0, 0xF600, 0xF5E0,
    0xF5E0, 0xF600, 0xDC80, 0xCB80, 0xCBA0, 0xB320, 0xC3A0, 0x7A60, 0x0000, 0xF81F, 0xF81F, 0xF81F,
    0xBB20, 0xD400, 0xCBC0, 0xD400, 0xF5A0, 0xFF00, 0xF81F, 0xF81F, 0xF81F, 0xF81F, 0xF81F, 0xF81F,
    0xF81F, 0xF81F, 0xF81F, 0xE600, 0xFE80, 0xE4E0, 0xD440, 0xDCC0, 0xFE00, 0xFEC0, 0xF81F, 0xF81F,
    0xF81F, 0xF81F, 0xF81F, 0xF81F, 0xF81F, 0xF81F, 0xF81F, 0xF81F, 0xF81F, 0xF81F, 0xF81F, 0xF81F,
    0xF81F, 0xF81F, 0xF81F, 0xF81F, 0xF81F, 0xF81F, 0xF81F, 0xF81F, 0xF81F, 0xF81F, 0xF81F, 0xF81F,
    0xF81F, 0xF81F, 0xF81F, 0xF81F, 0xF81F, 0xF81F, 0xF81F, 0xF81F, 0xF81F, 0xF81F, 0xF81F, 0xF81F,
    0xF81F, 0xA300, 0xD3C0, 0xC360, 0xC3A0, 0xD3C0, 0xDBC0, 0xDC60, 0xE4A0, 0xB2E0, 0xB300, 0xBB20,
    0xC380, 0xCBC0, 0xDC00, 0xD3E0, 0xD3C0, 0xDC40, 0xFE40, 0xD440, 0xCBA0, 0xCBC0, 0xCBC0, 0xD3E0,
    0xD3E0, 0xD3C0, 0xD3E0, 0xE420, 0xA340, 0x0020, 0x0820, 0xF81F, 0xF81F, 0xF81F, 0xF81F, 0xF81F,
    0xF81F, 0x92C0, 0xFDE0, 0xDC20, 0xD420, 0x6240, 0xF81F, 0xF81F, 0xF81F, 0xF81F, 0xF81F, 0xF81F,
    0xF81F, 0xF81F, 0xF81F, 0xF81F, 0xDCC0, 0xFF20, 0xED20, 0xD400, 0xF5C0, 0xFEC0, 0xDDE0, 0xF81F,
    0xF81F, 0xF81F, 0xF81F, 0xF81F, 0xF81F, 0xF81F, 0xF81F, 0xF81F, 0xF81F, 0xF81F, 0xF81F, 0xF81F,
    0xF81F, 0xF81F, 0xF81F, 0xF81F, 0xF81F, 0xF81F, 0xF81F, 0xF81F, 0xF81F, 0xF81F, 0xF81F, 0xF81F,
    0xF81F, 0xF81F, 0xF81F, 0xF81F, 0xF81F, 0xF81F, 0xF81F, 0xF81F, 0xF81F, 0xF81F, 0xF81F, 0xF81F,
    0xF81F, 0x2081, 0x1880, 0x18A0, 0x1880, 0x8A60, 0xDBE0, 0xCBC0, 0xD400, 0xC380, 0xC380, 0xCBA0,
    0xCBC0, 0xD3C0, 0xD3E0, 0xD3E0, 0xDBE0, 0xDC00, 0xE4A0, 0xD420, 0xCBC0, 0xCBE0, 0xD400, 0x51A0,
    0x28A0, 0x30E0, 0x30E0, 0x3900, 0x3901, 0xF81F, 0xF81F, 0xF81F, 0xF81F, 0xF81F, 0xF81F, 0xF81F,
    0xF81F, 0x38E3, 0x59C0, 0xFE20, 0xFEE0, 0x28E0, 0xF81F, 0xF81F, 0xF81F, 0xF81F, 0xF81F, 0xF81F,
    0xF81F, 0xF81F, 0xF81F, 0xF81F, 0x3960, 0xFE40, 0xFF40, 0xECC0, 0xECC0, 0xED40, 0xFF40, 0x9C20,
    0x0000, 0xF81F, 0xF81F, 0xF81F, 0xF81F, 0xF81F, 0xF81F, 0xF81F, 0xF81F, 0xF81F, 0xF81F, 0xF81F,
    0xF81F, 0xF81F, 0xF81F, 0xF81F, 0xF81F, 0xF81F, 0xF81F, 0xF81F, 0xF81F, 0xF81F, 0xF81F, 0xF81F,
    0xF81F, 0xF81F, 0xF81F, 0xF81F, 0xF81F, 0xF81F, 0xF81F, 0xF81F, 0xF81F, 0xF81F, 0xF81F, 0xF81F,
    0xF81F, 0xF81F, 0xF81F, 0xF81F, 0xF81F, 0x38E1, 0x4140, 0x3900, 0x3900, 0x3920, 0x3920, 0x4140,
    0x4140, 0x4140, 0x4940, 0x4960, 0x4960, 0x4980, 0x4960, 0x9AC0, 0xCBA0, 0xBB60, 0xC3C0, 0xB380,
    0x82C0, 0x0840, 0xF81F, 0xF81F, 0xF81F, 0xF81F, 0xF81F, 0xF81F, 0xF81F, 0xF81F, 0xF81F, 0xF81F,
    0xF81F, 0xF81F, 0x0003, 0x6260, 0x6AA0, 0x18A0, 0xF81F, 0xF81F, 0xF81F, 0xF81F, 0xF81F, 0xF81F,
    0xF81F, 0xF81F, 0xF81F, 0xF81F, 0xF81F, 0x6240, 0x6AC0, 0xEE00, 0xFE20, 0xFDE0, 0xFF60, 0xA460,
    0xF81F, 0xF81F, 0xF81F, 0xF81F, 0xF81F, 0xF81F, 0xF81F, 0xF81F, 0xF81F, 0xF81F, 0xF81F, 0xF81F,
    0xF81F, 0xF81F, 0xF81F, 0xF81F, 0xF81F, 0xF81F, 0xF81F, 0xF81F, 0xF81F, 0xF81F, 0xF81F, 0xF81F,
    0xF81F, 0xF81F, 0xF81F, 0xF81F, 0xF81F, 0xF81F, 0xF81F, 0xF81F, 0xF81F, 0xF81F, 0xF81F, 0xF81F,
    0xF81F, 0xF81F, 0xF81F, 0xF81F, 0xF81F, 0xF81F, 0xF81F, 0xF81F, 0xF81F, 0xF81F, 0xF81F, 0xF81F,
    0xF81F, 0xF81F, 0xF81F, 0xF81F, 0xF81F, 0xF81F, 0xF81F, 0x8220, 0xDC60, 0xDCA0, 0xD400, 0xFE00,
    0xFF20, 0xEE60, 0xF81F, 0xF81F, 0xF81F, 0xF81F, 0xF81F, 0xF81F, 0xF81F, 0xF81F, 0xF81F, 0xF81F,
    0xF81F, 0xF81F, 0xF81F, 0xF81F, 0x0002, 0xF81F, 0xF81F, 0xF81F, 0xF81F, 0xF81F, 0xF81F, 0xF81F,
    0xF81F, 0xF81F, 0xF81F, 0xF81F, 0xF81F, 0xF81F, 0x0001, 0xB4E0, 0xE620, 0xD5A0, 0xE600, 0x8BC1,
    0xF81F, 0xF81F, 0xF81F, 0xF81F, 0xF81F, 0xF81F, 0xF81F, 0xF81F, 0xF81F, 0xF81F, 0xF81F, 0xF81F,
    0xF81F, 0xF81F, 0xF81F, 0xF81F, 0xF81F, 0xF81F, 0xF81F, 0xF81F, 0xF81F, 0xF81F, 0xF81F, 0xF81F,
    0xF81F, 0xF81F, 0xF81F, 0xF81F, 0xF81F, 0xF81F, 0xF81F, 0xF81F, 0xF81F, 0xF81F, 0xF81F, 0xF81F,
    0xF81F, 0xF81F, 0xF81F, 0xF81F, 0xF81F, 0xF81F, 0xF81F, 0xF81F, 0xF81F, 0xF81F, 0xF81F, 0xF81F,
    0xF81F, 0xF81F, 0xF81F, 0xF81F, 0xF81F, 0xF81F, 0xF81F, 0xF81F, 0x9B00, 0xFE00, 0xED40, 0xDC20,
    0xF5A0, 0xFF00, 0xF81F, 0xF81F, 0xF81F, 0xF81F, 0xF81F, 0xF81F, 0xF81F, 0xF81F, 0xF81F, 0xF81F,
    0xF81F, 0xF81F, 0xF81F, 0xF81F, 0xF81F, 0xF81F, 0xF81F, 0xF81F, 0xF81F, 0xF81F, 0xF81F, 0xF81F,
    0xF81F, 0xF81F, 0xF81F, 0xF81F, 0xF81F, 0xF81F, 0xF81F, 0xF81F, 0xF81F, 0xF81F, 0xF81F, 0xF81F,
    0xF81F, 0xF81F, 0xF81F, 0xF81F, 0xF81F, 0xF81F, 0xF81F, 0xF81F, 0xF81F, 0xF81F, 0xF81F, 0xF81F,
    0xF81F, 0xF81F, 0xF81F, 0xF81F, 0xF81F, 0xF81F, 0xF81F, 0xF81F, 0xF81F, 0xF81F, 0xF81F, 0xF81F,
    0xF81F, 0xF81F, 0xF81F, 0xF81F, 0xF81F, 0xF81F, 0xF81F, 0xF81F, 0xF81F, 0xF81F, 0xF81F, 0xF81F,
    0xF81F, 0xF81F, 0xF81F, 0xF81F, 0xF81F, 0xF81F, 0xF81F, 0xF81F, 0xF81F, 0xF81F, 0xF81F, 0xF81F,
    0xF81F, 0xF81F, 0xF81F, 0xF81F, 0xF81F, 0xF81F, 0xF81F, 0xF81F, 0x28A0, 0xDC00, 0xFEE0, 0xFE40,
    0xF5A0, 0xF6C0, 0xF81F, 0xF81F, 0xF81F, 0xF81F, 0xF81F, 0xF81F, 0xF81F, 0xF81F, 0xF81F, 0xF81F,
    0xF81F, 0xF81F, 0xF81F, 0xF81F, 0xF81F, 0xF81F, 0xF81F, 0xF81F, 0xF81F, 0xF81F, 0xF81F, 0xF81F,
    0xF81F, 0xF81F, 0xF81F, 0xF81F, 0xF81F, 0xF81F, 0xF81F, 0xF81F, 0xF81F, 0xF81F, 0xF81F, 0xF81F,
    0xF81F, 0xF81F, 0xF81F, 0xF81F, 0xF81F, 0xF81F, 0xF81F, 0xF81F, 0xF81F, 0xF81F, 0xF81F, 0xF81F,
    0xF81F, 0xF81F, 0xF81F, 0xF81F, 0xF81F, 0xF81F, 0xF81F, 0xF81F, 0xF81F, 0xF81F, 0xF81F, 0xF81F,
    0xF81F, 0xF81F, 0xF81F, 0xF81F, 0xF81F, 0xF81F, 0xF81F, 0xF81F, 0xF81F, 0xF81F, 0xF81F, 0xF81F,
    0xF81F, 0xF81F, 0xF81F, 0xF81F, 0xF81F, 0xF81F, 0xF81F, 0xF81F, 0xF81F, 0xF81F, 0xF81F, 0xF81F,
    0xF81F, 0xF81F, 0xF81F, 0xF81F, 0xF81F, 0xF81F, 0xF81F, 0xF81F, 0xF81F, 0x2080, 0xBCA0, 0xFF01,
    0xFF82, 0xF6C0, 0xF81F, 0xF81F, 0xF81F, 0xF81F, 0xF81F, 0xF81F, 0xF81F, 0xF81F, 0xF81F, 0xF81F,
    0xF81F, 0xF81F, 0xF81F, 0xF81F, 0xF81F, 0xF81F, 0xF81F, 0xF81F, 0xF81F, 0xF81F, 0xF81F, 0xF81F,
    0xF81F, 0xF81F, 0xF81F, 0xF81F, 0xF81F, 0xF81F, 0xF81F, 0xF81F, 0xF81F, 0xF81F, 0xF81F, 0xF81F,
    0xF81F, 0xF81F, 0xF81F, 0xF81F, 0xF81F, 0xF81F, 0xF81F, 0xF81F, 0xF81F, 0xF81F, 0xF81F, 0xF81F,
    0xF81F, 0xF81F, 0xF81F, 0xF81F, 0xF81F, 0xF81F, 0xF81F, 0xF81F, 0xF81F, 0xF81F, 0xF81F, 0xF81F,
    0xF81F, 0xF81F, 0xF81F, 0xF81F, 0xF81F, 0xF81F, 0xF81F, 0xF81F, 0xF81F, 0xF81F, 0xF81F, 0xF81F,
    0xF81F, 0xF81F, 0xF81F, 0xF81F, 0xF81F, 0xF81F, 0xF81F, 0xF81F, 0xF81F, 0xF81F, 0xF81F, 0xF81F,
    0xF81F, 0xF81F, 0xF81F, 0xF81F, 0xF81F, 0xF81F, 0xF81F, 0xF81F, 0xF81F, 0xF81F, 0x0000, 0x9B80,
    0xFE80, 0xE620, 0xF81F, 0xF81F, 0xF81F, 0xF81F, 0xF81F, 0xF81F, 0xF81F, 0xF81F, 0xF81F, 0xF81F,
    0xF81F, 0xF81F, 0xF81F, 0xF81F, 0xF81F, 0xF81F, 0xF81F, 0xF81F, 0xF81F, 0xF81F, 0xF81F, 0xF81F,
    0xF81F, 0xF81F, 0xF81F, 0xF81F, 0xF81F, 0xF81F, 0xF81F, 0xF81F, 0xF81F, 0xF81F, 0xF81F, 0xF81F,
    0xF81F, 0xF81F, 0xF81F, 0xF81F, 0xF81F, 0xF81F, 0xF81F, 0xF81F, 0xF81F, 0xF81F, 0xF81F, 0xF81F,
    0xF81F, 0xF81F, 0xF81F, 0xF81F, 0xF81F, 0xF81F, 0xF81F, 0xF81F, 0xF81F, 0xF81F, 0xF81F, 0xF81F,
    0xF81F, 0xF81F, 0xF81F, 0xF81F, 0xF81F, 0xF81F, 0xF81F, 0xF81F, 0xF81F, 0xF81F, 0xF81F, 0xF81F,
    0xF81F, 0xF81F, 0xF81F, 0xF81F, 0xF81F, 0xF81F, 0xF81F, 0xF81F, 0xF81F, 0xF81F, 0xF81F, 0xF81F,
    0xF81F, 0xF81F, 0xF81F, 0xF81F, 0xF81F, 0xF81F, 0xF81F, 0xF81F, 0xF81F, 0xF81F, 0xF81F, 0xF81F,
    0xF81F, 0xF81F, 0xF81F, 0xF81F, 0xF81F, 0xF81F, 0xF81F, 0xF81F, 0xF81F, 0xF81F, 0xF81F, 0xF81F,
    0xF81F, 0xF81F, 0xF81F, 0xF81F, 0xF81F, 0xF81F, 0xF81F, 0xF81F, 0xF81F, 0xF81F, 0xF81F, 0xF81F,
    0xF81F, 0xF81F, 0xF81F, 0xF81F, 0xF81F, 0xF81F, 0xF81F, 0xF81F, 0xF81F, 0xF81F, 0xF81F, 0xF81F,
    0xF81F, 0xF81F, 0xF81F, 0xF81F, 0xF81F, 0xF81F, 0xF81F, 0xF81F, 0xF81F, 0xF81F, 0xF81F, 0xF81F,
    0xF81F, 0xF81F, 0xF81F, 0xF81F, 0xF81F, 0xF81F, 0xF81F, 0xF81F, 0xF81F, 0xF81F, 0xF81F, 0xF81F,
    0xF81F, 0xF81F, 0xF81F, 0xF81F, 0xF81F, 0xF81F, 0xF81F, 0xF81F, 0xF81F, 0xF81F, 0xF81F, 0xF81F,
    0xF81F, 0xF81F, 0xF81F, 0xF81F, 0xF81F, 0xF81F, 0xF81F, 0xF81F, 0xF81F, 0xF81F, 0xF81F, 0xF81F,
    0xF81F, 0xF81F, 0xF81F, 0xF81F, 0xF81F, 0xF81F, 0xF81F, 0xF81F, 0xF81F, 0xF81F, 0xF81F, 0xF81F,
    0xF81F, 0xF81F, 0xF81F, 0xF81F, 0xF81F, 0xF81F, 0xF81F, 0xF81F, 0xF81F, 0xF81F, 0xF81F, 0xF81F,
    0xF81F, 0xF81F, 0xF81F, 0xF81F, 0xF81F, 0xF81F, 0xF81F, 0xF81F, 0xF81F, 0xF81F, 0xF81F, 0xF81F,
    0xF81F, 0xF81F, 0xF81F, 0xF81F, 0xF81F, 0xF81F, 0xF81F, 0xF81F, 0xF81F, 0xF81F, 0xF81F, 0xF81F,
    0xF81F, 0xF81F, 0xF81F, 0xF81F, 0xF81F, 0xF81F, 0xF81F, 0xF81F, 0xF81F, 0xF81F, 0xF81F, 0xF81F,
    0xF81F, 0xF81F, 0xF81F, 0xF81F, 0xF81F, 0xF81F, 0xF81F, 0xF81F, 0xF81F, 0xF81F, 0xF81F, 0xF81F,
    0xF81F, 0xF81F, 0xF81F, 0xF81F, 0xF81F, 0xF81F, 0xF81F, 0xF81F, 0xF81F, 0xF81F, 0xF81F, 0xF81F,
    0xF81F, 0xF81F, 0xF81F, 0xF81F, 0xF81F, 0xF81F, 0xF81F, 0xF81F, 0xF81F, 0xF81F, 0xF81F, 0xF81F,
    0xF81F, 0xF81F, 0xF81F, 0xF81F, 0xF81F, 0xF81F, 0xF81F, 0xF81F, 0xF81F, 0xF81F, 0xF81F, 0xF81F,
    0xF81F, 0xF81F, 0xF81F, 0xF81F, 0xF81F, 0xF81F, 0xF81F, 0xF81F, 0xF81F, 0xF81F, 0xF81F, 0xF81F,
    0xF81F, 0xF81F, 0xF81F, 0xF81F, 0xF81F, 0xF81F, 0xF81F, 0xF81F, 0xF81F, 0xF81F, 0xF81F, 0xF81F,
    0xF81F, 0xF81F, 0xF81F, 0xF81F, 0xF81F, 0xF81F, 0xF81F, 0xF81F, 0xF81F, 0xF81F, 0xF81F, 0xF81F,
    0xF81F, 0xF81F, 0xF81F, 0xF81F, 0xF81F, 0xF81F, 0xF81F, 0xF81F, 0xF81F, 0xF81F, 0xF81F, 0xF81F,
    0xF81F, 0xF81F, 0xF81F, 0xF81F, 0xF81F, 0xF81F, 0xF81F, 0xF81F, 0xF81F, 0xF81F, 0xF81F, 0xF81F,
    0xF81F, 0xF81F, 0xF81F, 0xF81F, 0xF81F, 0xF81F, 0xF81F, 0xF81F, 0xF81F, 0xF81F, 0xF81F, 0xF81F,
    0xF81F, 0xF81F, 0xF81F, 0xF81F, 0xF81F, 0xF81F, 0xF81F, 0xF81F, 0xF81F, 0xF81F, 0xF81F, 0xF81F,
    0xF81F, 0xF81F, 0xF81F, 0xF81F, 0xF81F, 0xF81F, 0xF81F, 0xF81F, 0xF81F, 0xF81F, 0xF81F, 0xF81F,
    0xF81F, 0xF81F, 0xF81F, 0xF81F, 0xF81F, 0xF81F, 0xF81F, 0xF81F, 0xF81F, 0xF81F, 0xF81F, 0xF81F,
    0xF81F, 0xF81F, 0xF81F, 0xF81F, 0xF81F, 0xF81F, 0xF81F, 0xF81F, 0xF81F, 0xF81F, 0xF81F, 0xF81F,
    0xF81F, 0xF81F, 0xF81F, 0xF81F, 0xF81F, 0xF81F, 0xF81F, 0xF81F, 0xF81F, 0xF81F, 0xF81F, 0xF81F,
    0xF81F, 0xF81F, 0xF81F, 0xF81F, 0xF81F, 0xF81F, 0xF81F, 0xF81F, 0xF81F, 0xF81F, 0xF81F, 0xF81F,
    0xF81F, 0xF81F, 0xF81F, 0xF81F, 0xF81F, 0xF81F, 0xF81F, 0xF81F, 0xF81F, 0xF81F, 0xF81F, 0xF81F,
    0xF81F, 0xF81F, 0xF81F, 0xF81F, 0xF81F, 0xF81F, 0xF81F, 0xF81F, 0xF81F, 0xF81F, 0xF81F, 0xF81F,
    0xF81F, 0xF81F, 0xF81F, 0xF81F, 0xF81F, 0xF81F, 0xF81F, 0xF81F, 0xF81F, 0xF81F, 0xF81F, 0xF81F,
    0xF81F, 0xF81F, 0xF81F, 0xF81F, 0xF81F, 0xF81F, 0xF81F, 0xF81F, 0xF81F, 0xF81F, 0xF81F, 0xF81F,
    0xF81F, 0xF81F, 0xF81F, 0xF81F, 0xF81F, 0xF81F, 0xF81F, 0xF81F, 0xF81F, 0xF81F, 0xF81F, 0xF81F,
    0xF81F, 0xF81F, 0xF81F, 0xF81F, 0xF81F, 0xF81F, 0xF81F, 0xF81F, 0xF81F, 0xF81F, 0xF81F, 0xF81F,
    0xF81F, 0xF81F, 0xF81F, 0xF81F, 0xF81F, 0xF81F, 0xF81F, 0xF81F, 0xF81F, 0xF81F, 0xF81F, 0xF81F,
    0xF81F, 0xF81F, 0xF81F, 0xF81F, 0xF81F, 0xF81F, 0xF81F, 0xF81F, 0xF81F, 0xF81F, 0xF81F, 0xF81F,
    0xF81F, 0xF81F, 0xF81F, 0xF81F, 0xF81F, 0xF81F, 0xF81F, 0xF81F, 0xF81F, 0xF81F, 0xF81F, 0xF81F,
    0xF81F, 0xF81F, 0xF81F, 0xF81F, 0xF81F, 0xF81F, 0xF81F, 0xF81F, 0xF81F, 0xF81F, 0xF81F, 0xF81F,
    0xF81F, 0xF81F, 0xF81F, 0xF81F, 0xF81F, 0xF81F, 0xF81F, 0xF81F, 0xF81F, 0xF81F, 0xF81F, 0xF81F,
    0xF81F, 0xF81F, 0xF81F, 0xF81F, 0xF81F, 0xF81F, 0xF81F, 0xF81F, 0xF81F, 0xF81F, 0xF81F, 0xF81F,
    0xF81F, 0xF81F, 0xF81F, 0xF81F, 0xF81F, 0xF81F, 0xF81F, 0xF81F, 0xF81F, 0xF81F, 0xF81F, 0xF81F,
    0xF81F, 0xF81F, 0xF81F, 0xF81F, 0xF81F, 0xF81F, 0xF81F, 0xF81F, 0xF81F, 0xF81F, 0xF81F, 0xF81F,
    0xF81F, 0xF81F, 0xF81F, 0xF81F, 0xF81F, 0xF81F, 0xF81F, 0xF81F, 0xF81F, 0xF81F, 0xF81F, 0xF81F,
    0xF81F, 0xF81F, 0xF81F, 0xF81F, 0xF81F, 0xF81F, 0xF81F, 0xF81F, 0xF81F, 0xF81F, 0xF81F, 0xF81F,
    0xF81F, 0xF81F, 0xF81F, 0xF81F, 0xF81F, 0xF81F, 0xF81F, 0xF81F, 0xF81F, 0xF81F, 0xF81F, 0xF81F,
    0xF81F, 0xF81F, 0xF81F, 0xF81F, 0xF81F, 0xF81F, 0xF81F, 0xF81F, 0xF81F, 0xF81F, 0xF81F, 0xF81F,
    0xF81F, 0xF81F, 0xF81F, 0xF81F, 0xF81F, 0xF81F, 0xF81F, 0xF81F, 0xF81F, 0xF81F, 0xF81F, 0xF81F,
    0xF81F, 0xF81F, 0xF81F, 0xF81F, 0xF81F, 0xF81F, 0xF81F, 0xF81F, 0xF81F, 0xF81F, 0xF81F, 0xF81F,
    0xF81F, 0xF81F, 0xF81F, 0xF81F, 0xF81F, 0xF81F, 0xF81F, 0xF81F, 0xF81F, 0xF81F, 0xF81F, 0xF81F,
    0xF81F, 0xF81F, 0xF81F, 0xF81F, 0xF81F, 0xF81F, 0xF81F, 0xF81F, 0xF81F, 0xF81F, 0xF81F, 0xF81F,
    0xF81F, 0xF81F, 0xF81F, 0xF81F, 0xF81F, 0xF81F, 0xF81F, 0xF81F, 0xF81F, 0xF81F, 0xF81F, 0xF81F,
    0xF81F, 0xF81F, 0xF81F, 0xF81F, 0xF81F, 0xF81F, 0xF81F, 0xF81F, 0xF81F, 0xF81F, 0xF81F, 0xF81F,
    0xF81F, 0xF81F, 0xF81F, 0xF81F, 0xF81F, 0xF81F, 0xF81F, 0xF81F, 0xF81F, 0xF81F, 0xF81F, 0xF81F,
    0xF81F, 0xF81F, 0xF81F, 0xF81F, 0xF81F, 0xF81F, 0xF81F, 0xF81F, 0xF81F, 0xF81F, 0xF81F, 0xF81F,
    0xF81F, 0xF81F, 0xF81F, 0xF81F, 0xF81F, 0xF81F, 0xF81F, 0xF81F, 0xF81F, 0xF81F, 0xF81F, 0xF81F,
    0xF81F, 0xF81F, 0xF81F, 0xF81F, 0xF81F, 0xF81F, 0xF81F, 0xF81F, 0xF81F, 0xF81F, 0xF81F, 0xF81F,
    0xF81F, 0xF81F, 0xF81F, 0xF81F, 0xF81F, 0xF81F, 0xF81F, 0xF81F, 0xF81F, 0xF81F, 0xF81F, 0xF81F,
    0xF81F, 0xF81F, 0xF81F, 0xF81F, 0xF81F, 0xF81F, 0xF81F, 0xF81F, 0xF81F, 0xF81F, 0xF81F, 0xF81F,
    0xF81F, 0xF81F, 0xF81F, 0xF81F, 0xF81F, 0xF81F, 0xF81F, 0xF81F, 0xF81F, 0xF81F, 0xF81F, 0xF81F,
    0xF81F, 0xF81F, 0xF81F, 0xF81F, 0xF81F, 0xF81F, 0xF81F, 0xF81F, 0xF81F, 0xF81F, 0xF81F, 0xF81F,
    0xF81F, 0xF81F, 0xF81F, 0xF81F, 0xF81F, 0xF81F, 0xF81F, 0xF81F, 0xF81F, 0xF81F, 0xF81F, 0xF81F,
    0xF81F, 0xF81F, 0xF81F, 0xF81F, 0xF81F, 0xF81F, 0xF81F, 0xF81F, 0xF81F, 0xF81F, 0xF81F, 0xF81F,
    0xF81F, 0xF81F, 0xF81F, 0xF81F, 0xF81F, 0xF81F, 0xF81F, 0xF81F, 0xF81F, 0xF81F, 0xF81F, 0xF81F,
    0xF81F, 0xF81F, 0xF81F, 0xF81F, 0xF81F, 0xF81F, 0xF81F, 0xF81F, 0xF81F, 0xF81F, 0xF81F, 0xF81F,
    0xF81F, 0xF81F, 0xF81F, 0xF81F, 0xF81F, 0xF81F, 0xF81F, 0xF81F, 0xF81F, 0xF81F, 0xF81F, 0xF81F,
    0xF81F, 0xF81F, 0xF81F, 0xF81F, 0xF81F, 0xF81F, 0xF81F, 0xF81F, 0xF81F, 0xF81F, 0xF81F, 0xF81F,
    0xF81F, 0xF81F, 0xF81F, 0xF81F, 0xF81F, 0xF81F, 0xF81F, 0xF81F, 0xF81F, 0xF81F, 0xF81F, 0xF81F,
    0xF81F, 0xF81F, 0xF81F, 0xF81F, 0xF81F, 0xF81F, 0xF81F, 0xF81F, 0xF81F, 0xF81F, 0xF81F, 0xF81F,
    0xF81F, 0xF81F, 0xF81F, 0xF81F, 0xF81F, 0xF81F, 0xF81F, 0xF81F, 0xF81F, 0xF81F, 0xF81F, 0xF81F,
    0xF81F, 0xF81F, 0xF81F, 0xF81F, 0xF81F, 0xF81F, 0xF81F, 0xF81F, 0xF81F, 0xF81F, 0xF81F, 0xF81F,
    0xF81F, 0xF81F, 0xF81F, 0xF81F, 0xF81F, 0xF81F, 0xF81F, 0xF81F, 0xF81F, 0xF81F, 0xF81F, 0xF81F,
    0xF81F, 0xF81F, 0xF81F, 0xF81F, 0xF81F, 0xF81F, 0xF81F, 0xF81F, 0xF81F, 0xF81F, 0xF81F, 0xF81F,
    0xF81F, 0xF81F, 0xF81F, 0xF81F, 0xF81F, 0xF81F, 0xF81F, 0xF81F, 0xF81F, 0xF81F, 0xF81F, 0xF81F,
    0xF81F, 0xF81F, 0xF81F, 0xF81F, 0xF81F, 0xF81F, 0xF81F, 0xF81F, 0xF81F, 0xF81F, 0xF81F, 0xF81F,
    0xF81F, 0xF81F, 0xF81F, 0xF81F, 0xF81F, 0xF81F, 0xF81F, 0xF81F, 0xF81F, 0xF81F, 0xF81F, 0xF81F,
    0xF81F, 0xF81F, 0xF81F, 0xF81F, 0xF81F, 0xF81F, 0xF81F, 0xF81F, 0xF81F, 0xF81F, 0xF81F, 0xF81F,
    0xF81F, 0xF81F, 0xF81F, 0xF81F, 0xF81F, 0xF81F, 0xF81F, 0xF81F, 0xF81F, 0xF81F, 0xF81F, 0xF81F,
    0xF81F, 0xF81F, 0xF81F, 0xF81F, 0xF81F, 0xF81F, 0xF81F, 0xF81F, 0xF81F, 0xF81F, 0xF81F, 0xF81F,
    0xF81F, 0xF81F, 0xF81F, 0xF81F, 0xF81F, 0xF81F, 0xF81F, 0xF81F, 0xF81F, 0xF81F, 0xF81F, 0xF81F,
    0xF81F, 0xF81F, 0xF81F, 0xF81F, 0xF81F, 0xF81F, 0xF81F, 0xF81F, 0xF81F, 0xF81F, 0xF81F, 0xF81F,
    0xF81F, 0xF81F, 0xF81F, 0xF81F, 0xF81F, 0xF81F, 0xF81F, 0xF81F, 0xF81F, 0xF81F, 0xF81F, 0xF81F,
    0xF81F, 0xF81F, 0xF81F, 0xF81F, 0xF81F, 0xF81F, 0xF81F, 0xF81F, 0xF81F, 0xF81F, 0xF81F, 0xF81F,
    0xF81F, 0xF81F, 0xF81F, 0xF81F, 0xF81F, 0xF81F, 0xF81F, 0xF81F, 0xF81F, 0xF81F, 0xF81F, 0xF81F,
    0xF81F, 0xF81F, 0xF81F, 0xF81F, 0xF81F, 0xF81F, 0xF81F, 0xF81F, 0xF81F, 0xF81F, 0xF81F, 0xF81F,
    0xF81F, 0xF81F, 0xF81F, 0xF81F, 0xF81F, 0xF81F, 0xF81F, 0xF81F, 0xF81F, 0xF81F, 0xF81F, 0xF81F,
    0xF81F, 0xF81F, 0xF81F, 0xF81F, 0xF81F, 0xF81F, 0xF81F, 0xF81F, 0xF81F, 0xF81F, 0xF81F, 0xF81F,
    0xF81F, 0xF81F, 0xF81F, 0xF81F, 0xF81F, 0xF81F, 0xF81F, 0xF81F, 0xF81F, 0xF81F, 0xF81F, 0xF81F,
    0xF81F, 0xF81F, 0xF81F, 0xF81F, 0xF81F, 0xF81F, 0xF81F, 0xF81F, 0xF81F, 0xF81F, 0xF81F, 0xF81F,
    0xF81F, 0xF81F, 0xF81F, 0xF81F, 0xF81F, 0xF81F, 0xF81F, 0xF81F, 0xF81F, 0xF81F, 0xF81F, 0xF81F,
    0xF81F, 0xF81F, 0xF81F, 0xF81F, 0xF81F, 0xF81F, 0xF81F, 0xF81F, 0xF81F, 0xF81F, 0xF81F, 0xF81F,
    0xF81F, 0xF81F, 0xF81F, 0xF81F, 0xF81F, 0xF81F, 0xF81F, 0xF81F, 0xF81F, 0xF81F, 0xF81F, 0xF81F,
    0xF81F, 0xF81F, 0xF81F, 0xF81F, 0xF81F, 0xF81F, 0xF81F, 0xF81F, 0xF81F, 0xF81F, 0xF81F, 0xF81F,
    0xF81F, 0xF81F, 0xF81F, 0xF81F, 0xF81F, 0xF81F, 0xF81F, 0xF81F, 0xF81F, 0xF81F, 0xF81F, 0xF81F,
    0xF81F, 0xF81F, 0xF81F, 0xF81F, 0xF81F, 0xF81F, 0xF81F, 0xF81F, 0xF81F, 0xF81F, 0xF81F, 0xF81F,
    0xF81F, 0xF81F, 0xF81F, 0xF81F, 0xF81F, 0xF81F, 0xF81F, 0xF81F, 0xF81F, 0xF81F, 0xF81F, 0xF81F,
    0xF81F, 0xF81F, 0xF81F, 0xF81F, 0xF81F, 0xF81F, 0xF81F, 0xF81F, 0xF81F, 0xF81F, 0xF81F, 0xF81F,
    0xF81F, 0xF81F, 0xF81F, 0xF81F, 0xF81F, 0xF81F, 0xF81F, 0xF81F, 0xF81F, 0xF81F, 0xF81F, 0xF81F,
    0xF81F, 0xF81F, 0xF81F, 0xF81F, 0xF81F, 0xF81F, 0xF81F, 0xF81F, 0xF81F, 0xF81F, 0xF81F, 0xF81F,
    0xF81F, 0xF81F, 0xF81F, 0xF81F, 0xF81F, 0xF81F, 0xF81F, 0xF81F, 0xF81F, 0xF81F, 0xF81F, 0xF81F,
    0xF81F, 0xF81F, 0xF81F, 0xF81F, 0xF81F, 0xF81F, 0xF81F, 0xF81F, 0xF81F, 0xF81F, 0xF81F, 0xF81F,
    0xF81F, 0xF81F, 0xF81F, 0xF81F, 0xF81F, 0xF81F, 0xF81F, 0xF81F, 0xF81F, 0xF81F, 0xF81F, 0xF81F,
    0xF81F, 0xF81F, 0xF81F, 0xF81F, 0xF81F, 0xF81F, 0xF81F, 0xF81F, 0xF81F, 0xF81F, 0xF81F, 0xF81F,
    0xF81F, 0xF81F, 0xF81F, 0xF81F, 0xF81F, 0xF81F, 0xF81F, 0xF81F, 0xF81F, 0xF81F, 0xF81F, 0xF81F,
    0xF81F, 0xF81F, 0xF81F, 0xF81F, 0xF81F, 0xF81F, 0xF81F, 0xF81F, 0xF81F, 0xF81F, 0xF81F, 0xF81F,
    0xF81F, 0xF81F, 0xF81F, 0xF81F, 0xF81F, 0xF81F, 0xF81F, 0xF81F, 0xF81F, 0xF81F, 0xF81F, 0xF81F,
    0xF81F, 0xF81F, 0xF81F, 0xF81F, 0xF81F, 0xF81F, 0xF81F, 0xF81F, 0xF81F, 0xF81F, 0xF81F, 0xF81F,
    0xF81F, 0xF81F, 0xF81F, 0xF81F, 0xF81F, 0xF81F, 0xF81F, 0xF81F, 0xF81F, 0xF81F, 0xF81F, 0xF81F,
    0xF81F, 0xF81F, 0xF81F, 0xF81F, 0xF81F, 0xF81F, 0xF81F, 0xF81F, 0xF81F, 0xF81F, 0xF81F, 0xF81F,
    0xF81F, 0xF81F, 0xF81F, 0xF81F, 0xF81F, 0xF81F, 0xF81F, 0xF81F, 0xF81F, 0xF81F, 0xF81F, 0xF81F,
    0xF81F, 0xF81F, 0xF81F, 0xF81F, 0xF81F, 0xF81F, 0xF81F, 0xF81F, 0xF81F, 0xF81F, 0xF81F, 0xF81F,
    0xF81F, 0xF81F, 0xF81F, 0xF81F, 0xF81F, 0xF81F, 0xF81F, 0xF81F, 0xF81F, 0xF81F, 0xF81F, 0xF81F,
    0xF81F, 0xF81F, 0xF81F, 0xF81F, 0xF81F, 0xF81F, 0xF81F, 0xF81F, 0xF81F, 0xF81F, 0xF81F, 0xF81F,
    0xF81F, 0xF81F, 0xF81F, 0xF81F, 0xF81F, 0xF81F, 0xF81F, 0xF81F, 0xF81F, 0xF81F, 0xF81F, 0xF81F,
    0xF81F, 0xF81F, 0xF81F, 0xF81F, 0xF81F, 0xF81F, 0xF81F, 0xF81F, 0xF81F, 0xF81F, 0xF81F, 0xF81F,
    0xF81F, 0xF81F, 0xF81F, 0xF81F, 0xF81F, 0xF81F, 0xF81F, 0xF81F, 0xF81F, 0xF81F, 0xF81F, 0xF81F,
    0xF81F, 0xF81F, 0xF81F, 0xF81F, 0xF81F, 0xF81F, 0xF81F, 0xF81F, 0xF81F, 0xF81F, 0xF81F, 0xF81F,
    0xF81F, 0xF81F, 0xF81F, 0xF81F, 0xF81F, 0xF81F, 0xF81F, 0xF81F, 0xF81F, 0xF81F, 0xF81F, 0xF81F,
    0xF81F, 0xF81F, 0xF81F, 0xF81F, 0xF81F, 0xF81F, 0xF81F, 0xF81F, 0xF81F, 0xF81F, 0xF81F, 0xF81F,
    0xF81F, 0xF81F, 0xF81F, 0xF81F, 0xF81F, 0xF81F, 0xF81F, 0xF81F, 0xF81F, 0xF81F, 0xF81F, 0xF81F,
    0xF81F, 0xF81F, 0xF81F, 0xF81F, 0xF81F, 0xF81F, 0xF81F, 0xF81F, 0xF81F, 0xF81F, 0xF81F, 0xF81F,
    0xF81F, 0xF81F, 0xF81F, 0xF81F, 0xF81F, 0xF81F, 0xF81F, 0xF81F, 0xF81F, 0xF81F, 0xF81F, 0xF81F,
    0xF81F, 0xF81F, 0xF81F, 0xF81F, 0xF81F, 0xF81F, 0xF81F, 0xF81F, 0xF81F, 0xF81F, 0xF81F, 0xF81F,
    0xF81F, 0xF81F, 0xF81F, 0xF81F, 0xF81F, 0xF81F, 0xF81F, 0xF81F, 0xF81F, 0xF81F, 0xF81F, 0xF81F,
    0xF81F, 0xF81F, 0xF81F, 0xF81F, 0xF81F, 0xF81F, 0xF81F, 0xF81F, 0xF81F, 0xF81F, 0xF81F, 0xF81F,
    0xF81F, 0xF81F, 0xF81F, 0xF81F, 0xF81F, 0xF81F, 0xF81F, 0xF81F, 0xF81F, 0xF81F, 0xF81F, 0xF81F,
    0xF81F, 0xF81F, 0xF81F, 0xF81F, 0xF81F, 0xF81F, 0xF81F, 0xF81F, 0xF81F, 0xF81F, 0xF81F, 0xF81F,
    0xF81F, 0xF81F, 0xF81F, 0xF81F, 0xF81F, 0xF81F, 0xF81F, 0xF81F, 0xF81F, 0xF81F, 0xF81F, 0xF81F,
    0xF81F, 0xF81F, 0xF81F, 0xF81F, 0xF81F, 0xF81F, 0xF81F, 0xF81F, 0xF81F, 0xF81F, 0xF81F, 0xF81F,
    0xF81F, 0xF81F, 0xF81F, 0xF81F, 0xF81F, 0xF81F, 0xF81F, 0xF81F, 0xF81F, 0xF81F, 0xF81F, 0xF81F,
    0xF81F, 0xF81F, 0xF81F, 0xF81F, 0xF81F, 0xF81F, 0xF81F, 0xF81F, 0xF81F, 0xF81F, 0xF81F, 0xF81F,
    0xF81F, 0xF81F, 0xF81F, 0xF81F, 0xF81F, 0xF81F, 0xF81F, 0xF81F, 0xF81F, 0xF81F, 0xF81F, 0xF81F,
    0xF81F, 0xF81F, 0xF81F, 0xF81F, 0xF81F, 0xF81F, 0xF81F, 0xF81F, 0xF81F, 0xF81F, 0xF81F, 0xF81F,
    0xF81F, 0xF81F, 0xF81F, 0xF81F, 0xF81F, 0xF81F, 0xF81F, 0xF81F, 0xF81F, 0xF81F, 0xF81F, 0xF81F,
    0xF81F, 0xF81F, 0xF81F, 0xF81F, 0xF81F, 0xF81F, 0xF81F, 0xF81F, 0xF81F, 0xF81F, 0xF81F, 0xF81F,
    0xF81F, 0xF81F, 0xF81F, 0xF81F, 0xF81F, 0xF81F, 0xF81F, 0xF81F, 0xF81F, 0xF81F, 0xF81F, 0xF81F,
    0xF81F, 0xF81F, 0xF81F, 0xF81F, 0xF81F, 0xF81F, 0xF81F, 0xF81F, 0xF81F, 0xF81F, 0xF81F, 0xF81F,
    0xF81F, 0xF81F, 0xF81F, 0xF81F, 0xF81F, 0xF81F, 0xF81F, 0xF81F, 0xF81F, 0xF81F, 0xF81F, 0xF81F,
    0xF81F, 0xF81F, 0xF81F, 0xF81F, 0xF81F, 0xF81F, 0xF81F, 0xF81F, 0xF81F, 0xF81F, 0xF81F, 0xF81F,
    0xF81F, 0xF81F, 0xF81F, 0xF81F, 0xF81F, 0xF81F, 0xF81F, 0xF81F, 0xF81F, 0xF81F, 0xF81F, 0xF81F,
    0xF81F, 0xF81F, 0xF81F, 0xF81F, 0xF81F, 0xF81F, 0xF81F, 0xF81F, 0xF81F, 0xF81F, 0xF81F, 0xF81F,
    0xF81F, 0xF81F, 0xF81F, 0xF81F, 0xF81F, 0xF81F, 0xF81F, 0xF81F, 0xF81F, 0xF81F, 0xF81F, 0xF81F,
    0xF81F, 0xF81F, 0xF81F, 0xF81F, 0xF81F, 0xF81F, 0xF81F, 0xF81F, 0xF81F, 0xF81F, 0xF81F, 0xF81F,
    0xF81F, 0xF81F, 0xF81F, 0xF81F, 0xF81F, 0xF81F, 0xF81F, 0xF81F, 0xF81F, 0xF81F, 0xF81F, 0xF81F,
    0xF81F, 0xF81F, 0xF81F, 0xF81F, 0xF81F, 0xF81F, 0xF81F, 0xF81F, 0xF81F, 0xF81F, 0xF81F, 0xF81F,
    0xF81F, 0xF81F, 0xF81F, 0xF81F, 0xF81F, 0xF81F, 0xF81F, 0xF81F, 0xF81F, 0xF81F, 0xF81F, 0xF81F,
    0xF81F, 0xF81F, 0xF81F, 0xF81F, 0xF81F, 0xF81F, 0xF81F, 0xF81F, 0xF81F, 0xF81F, 0xF81F, 0xF81F,
    0xF81F, 0xF81F, 0xF81F, 0xF81F, 0xF81F, 0xF81F, 0xF81F, 0xF81F, 0xF81F, 0xF81F, 0xF81F, 0xF81F,
    0xF81F, 0xF81F, 0xF81F, 0xF81F, 0xF81F, 0xF81F, 0xF81F, 0xF81F, 0xF81F, 0xF81F, 0xF81F, 0xF81F,
    0xF81F, 0xF81F, 0xF81F, 0xF81F, 0xF81F, 0xF81F, 0xF81F, 0xF81F, 0xF81F, 0xF81F, 0xF81F, 0xF81F,
    0xF81F, 0xF81F, 0xF81F, 0xF81F, 0xF81F, 0xF81F, 0xF81F, 0xF81F, 0xF81F, 0xF81F, 0xF81F, 0xF81F,
    0xF81F, 0xF81F, 0xF81F, 0xF81F, 0xF81F, 0xF81F, 0xF81F, 0xF81F, 0xF81F, 0xF81F, 0xF81F, 0xF81F,
    0xF81F, 0xF81F, 0xF81F, 0xF81F, 0xF81F, 0xF81F, 0xF81F, 0xF81F, 0xF81F, 0xF81F, 0xF81F, 0xF81F,
    0xF81F, 0xF81F, 0xF81F, 0xF81F, 0xF81F, 0xF81F, 0xF81F, 0xF81F, 0xF81F, 0xF81F, 0xF81F, 0xF81F,
    0xF81F, 0xF81F, 0xF81F, 0xF81F, 0xF81F, 0xF81F, 0xF81F, 0xF81F, 0xF81F, 0xF81F, 0xF81F, 0xF81F,
    0xF81F, 0xF81F, 0xF81F, 0xF81F, 0xF81F, 0xF81F, 0xF81F, 0xF81F, 0xF81F, 0xF81F, 0xF81F, 0xF81F,
    0xF81F, 0xF81F, 0xF81F, 0xF81F, 0xF81F, 0xF81F, 0xF81F, 0xF81F, 0xF81F, 0xF81F, 0xF81F, 0xF81F,
    0xF81F, 0xF81F, 0xF81F, 0xF81F, 0xF81F, 0xF81F, 0xF81F, 0xF81F, 0xF81F, 0xF81F, 0xF81F, 0xF81F,
    0xF81F, 0xF81F, 0xF81F, 0xF81F, 0xF81F, 0xF81F, 0xF81F, 0xF81F, 0xF81F, 0xF81F, 0xF81F, 0xF81F,
    0xF81F, 0xF81F, 0xF81F, 0xF81F, 0xF81F, 0xF81F, 0xF81F, 0xF81F, 0xF81F, 0xF81F, 0xF81F, 0xF81F,
    0xF81F, 0xF81F, 0xF81F, 0xF81F, 0xF81F, 0xF81F, 0xF81F, 0xF81F, 0xF81F, 0xF81F, 0xF81F, 0xF81F,
    0xF81F, 0xF81F, 0xF81F, 0xF81F, 0xF81F, 0xF81F, 0xF81F, 0xF81F, 0xF81F, 0xF81F, 0xF81F, 0xF81F,
    0xF81F, 0xF81F, 0xF81F, 0xF81F, 0xF81F, 0xF81F, 0xF81F, 0xF81F, 0xF81F, 0xF81F, 0xF81F, 0xF81F,
    0xF81F, 0xF81F, 0xF81F, 0xF81F, 0xF81F, 0xF81F, 0xF81F, 0xF81F, 0xF81F, 0xF81F, 0xF81F, 0xF81F,
    0xF81F, 0xF81F, 0xF81F, 0xF81F, 0xF81F, 0xF81F, 0xF81F, 0xF81F, 0xF81F, 0xF81F, 0xF81F, 0xF81F,
    0xF81F, 0xF81F, 0xF81F, 0xF81F, 0xF81F, 0xF81F, 0xF81F, 0xF81F, 0xF81F, 0xF81F, 0xF81F, 0xF81F,
    0xF81F, 0xF81F, 0xF81F, 0xF81F, 0xF81F, 0xF81F, 0xF81F, 0xF81F, 0xF81F, 0xF81F, 0xF81F, 0xF81F,
    0xF81F, 0xF81F, 0xF81F, 0xF81F, 0xF81F, 0xF81F, 0xF81F, 0xF81F, 0xF81F, 0xF81F, 0xF81F, 0xF81F,
    0xF81F, 0xF81F, 0xF81F, 0xF81F, 0xF81F, 0xF81F, 0xF81F, 0xF81F, 0xF81F, 0xF81F, 0xF81F, 0xF81F,
    0xF81F, 0xF81F, 0xF81F, 0xF81F, 0xF81F, 0xF81F, 0xF81F, 0xF81F, 0xF81F, 0xF81F, 0xF81F, 0xF81F,
    0xF81F, 0xF81F, 0xF81F, 0xF81F, 0xF81F, 0xF81F, 0xF81F, 0xF81F, 0xF81F, 0xF81F, 0xF81F, 0xF81F,
    0xF81F, 0xF81F, 0xF81F, 0xF81F, 0xF81F, 0xF81F, 0xF81F, 0xF81F, 0xF81F, 0xF81F, 0xF81F, 0xF81F,
    0xF81F, 0xF81F, 0xF81F, 0xF81F, 0xF81F, 0xF81F, 0xF81F, 0xF81F, 0xF81F, 0xF81F, 0xF81F, 0xF81F,
    0xF81F, 0xF81F, 0xF81F, 0xF81F, 0xF81F, 0xF81F, 0xF81F, 0xF81F, 0xF81F, 0xF81F, 0xF81F, 0xF81F,
    0xF81F, 0xF81F, 0xF81F, 0xF81F, 0xF81F, 0xF81F, 0xF81F, 0xF81F, 0xF81F, 0xF81F, 0xF81F, 0xF81F,
    0xF81F, 0xF81F, 0xF81F, 0xF81F, 0xF81F, 0xF81F, 0xF81F, 0xF81F, 0xF81F, 0xF81F, 0xF81F, 0xF81F,
    0xF81F, 0xF81F, 0xF81F, 0xF81F, 0xF81F, 0xF81F, 0xF81F, 0xF81F, 0xF81F, 0xF81F, 0xF81F, 0xF81F,
    0xF81F, 0xF81F, 0xF81F, 0xF81F, 0xF81F, 0xF81F, 0xF81F, 0xF81F, 0xF81F, 0xF81F, 0xF81F, 0xF81F,
    0xF81F, 0xF81F, 0xF81F, 0xF81F, 0xF81F, 0xF81F, 0xF81F, 0xF81F, 0xF81F, 0xF81F, 0xF81F, 0xF81F,
    0xF81F, 0xF81F, 0xF81F, 0xF81F, 0xF81F, 0xF81F, 0xF81F, 0xF81F, 0xF81F, 0xF81F, 0xF81F, 0xF81F,
    0xF81F, 0xF81F, 0xF81F, 0xF81F, 0xF81F, 0xF81F, 0xF81F, 0xF81F, 0xF81F, 0xF81F, 0xF81F, 0xF81F,
    0xF81F, 0xF81F, 0xF81F, 0xF81F, 0xF81F, 0xF81F, 0xF81F, 0xF81F, 0xF81F, 0xF81F, 0xF81F, 0xF81F,
    0xF81F, 0xF81F, 0xF81F, 0xF81F, 0xF81F, 0xF81F, 0xF81F, 0xF81F, 0xF81F, 0xF81F, 0xF81F, 0xF81F,
    0xF81F, 0xF81F, 0xF81F, 0xF81F, 0xF81F, 0xF81F, 0xF81F, 0xF81F, 0xF81F, 0xF81F, 0xF81F, 0xF81F,
    0xF81F, 0xF81F, 0xF81F, 0xF81F, 0xF81F, 0xF81F, 0xF81F, 0xF81F, 0xF81F, 0xF81F, 0xF81F, 0xF81F,
    0xF81F, 0xF81F, 0xF81F, 0xF81F, 0xF81F, 0xF81F, 0xF81F, 0xF81F, 0xF81F, 0xF81F, 0xF81F, 0xF81F,
    0xF81F, 0xF81F, 0xF81F, 0xF81F, 0xF81F, 0xF81F, 0xF81F, 0xF81F, 0xF81F, 0xF81F, 0xF81F, 0xF81F,
    0xF81F, 0xF81F, 0xF81F, 0xF81F, 0xF81F, 0xF81F, 0xF81F, 0xF81F, 0xF81F, 0xF81F, 0xF81F, 0xF81F,
    0xF81F, 0xF81F, 0xF81F, 0xF81F, 0xF81F, 0xF81F, 0xF81F, 0xF81F, 0xF81F, 0xF81F, 0xF81F, 0xF81F,
    0xF81F, 0xF81F, 0xF81F, 0xF81F, 0xF81F, 0xF81F, 0xF81F, 0xF81F, 0xF81F, 0xF81F, 0xF81F, 0xF81F,
    0xF81F, 0xF81F, 0xF81F, 0xF81F, 0xF81F, 0xF81F, 0xF81F, 0xF81F, 0xF81F, 0xF81F, 0xF81F, 0xF81F,
    0xF81F, 0xF81F, 0xF81F, 0xF81F, 0xF81F, 0xF81F, 0xF81F, 0xF81F, 0xF81F, 0xF81F, 0xF81F, 0xF81F,
    0xF81F, 0xF81F, 0xF81F, 0xF81F, 0xF81F, 0xF81F, 0xF81F, 0xF81F, 0xF81F, 0xF81F, 0xF81F, 0xF81F,
    0xF81F, 0xF81F, 0xF81F, 0xF81F, 0xF81F, 0xF81F, 0xF81F, 0xF81F, 0xF81F, 0xF81F, 0xF81F, 0xF81F,
    0xF81F, 0xF81F, 0xF81F, 0xF81F, 0xF81F, 0xF81F, 0xF81F, 0xF81F, 0xF81F, 0xF81F, 0xF81F, 0xF81F,
    0xF81F, 0xF81F, 0xF81F, 0xF81F, 0xF81F, 0xF81F, 0xF81F, 0xF81F, 0xF81F, 0xF81F, 0xF81F, 0xF81F,
    0xF81F, 0xF81F, 0xF81F, 0xF81F, 0xF81F, 0xF81F, 0xF81F, 0xF81F, 0xF81F, 0xF81F, 0xF81F, 0xF81F,
    0xF81F, 0xF81F, 0xF81F, 0xF81F, 0xF81F, 0xF81F, 0xF81F, 0xF81F, 0xF81F, 0xF81F, 0xF81F, 0xF81F,
    0xF81F, 0xF81F, 0xF81F, 0xF81F, 0xF81F, 0xF81F, 0xF81F, 0xF81F, 0xF81F, 0xF81F, 0xF81F, 0xF81F,
    0xF81F, 0xF81F, 0xF81F, 0xF81F, 0xF81F, 0xF81F, 0xF81F, 0xF81F, 0xF81F, 0xF81F, 0xF81F, 0xF81F,
    0xF81F, 0xF81F, 0xF81F, 0xF81F, 0xF81F, 0xF81F, 0xF81F, 0xF81F, 0xF81F, 0xF81F, 0xF81F, 0xF81F,
    0xF81F, 0xF81F, 0xF81F, 0xF81F, 0xF81F, 0xF81F, 0xF81F, 0xF81F, 0xF81F, 0xF81F, 0xF81F, 0xF81F,
    0xF81F, 0xF81F, 0xF81F, 0xF81F, 0xF81F, 0xF81F, 0xF81F, 0xF81F, 0xF81F, 0xF81F, 0xF81F, 0xF81F,
    0xF81F, 0xF81F, 0xF81F, 0xF81F, 0xF81F, 0xF81F, 0xF81F, 0xF81F, 0xF81F, 0xF81F, 0xF81F, 0xF81F,
    0xF81F, 0xF81F, 0xF81F, 0xF81F, 0xF81F, 0xF81F, 0xF81F, 0xF81F, 0xF81F, 0xF81F, 0xF81F, 0xF81F,
    0xF81F, 0xF81F, 0xF81F, 0xF81F, 0xF81F, 0xF81F, 0xF81F, 0xF81F, 0xF81F, 0xF81F, 0xF81F, 0xF81F,
    0xF81F, 0xF81F, 0xF81F, 0xF81F, 0xF81F, 0xF81F, 0xF81F, 0xF81F, 0xF81F, 0xF81F, 0xF81F, 0xF81F,
    0xF81F, 0xF81F, 0xF81F, 0xF81F, 0xF81F, 0xF81F, 0xF81F, 0xF81F, 0xF81F, 0xF81F, 0xF81F, 0xF81F,
    0xF81F, 0xF81F, 0xF81F, 0xF81F, 0xF81F, 0xF81F, 0xF81F, 0xF81F, 0xF81F, 0xF81F, 0xF81F, 0xF81F,
    0xF81F, 0xF81F, 0xF81F, 0xF81F, 0xF81F, 0xF81F, 0xF81F, 0xF81F, 0xF81F, 0xF81F, 0xF81F, 0xF81F,
    0xF81F, 0xF81F, 0xF81F, 0xF81F, 0xF81F, 0xF81F, 0xF81F, 0xF81F, 0xF81F, 0xF81F, 0xF81F, 0xF81F,
    0xF81F, 0xF81F, 0xF81F, 0xF81F, 0xF81F, 0xF81F, 0xF81F, 0xF81F, 0xF81F, 0xF81F, 0xF81F, 0xF81F,
    0xF81F, 0xF81F, 0xF81F, 0xF81F, 0xF81F, 0xF81F, 0xF81F, 0xF81F, 0xF81F, 0xF81F, 0xF81F, 0xF81F,
    0xF81F, 0xF81F, 0xF81F, 0xF81F, 0xF81F, 0xF81F, 0xF81F, 0xF81F, 0xF81F, 0xF81F, 0xF81F, 0xF81F,
    0xF81F, 0xF81F, 0xF81F, 0xF81F, 0xF81F, 0xF81F, 0xF81F, 0xF81F, 0xF81F, 0xF81F, 0xF81F, 0xF81F,
    0xF81F, 0xF81F, 0xF81F, 0xF81F, 0xF81F, 0xF81F, 0xF81F, 0xF81F, 0xF81F, 0xF81F, 0xF81F, 0xF81F,
    0xF81F, 0xF81F, 0xF81F, 0xF81F, 0xF81F, 0xF81F, 0xF81F, 0xF81F, 0xF81F, 0xF81F, 0xF81F, 0xF81F,
    0xF81F, 0xF81F, 0xF81F, 0xF81F, 0xF81F, 0xF81F, 0xF81F, 0xF81F, 0xF81F, 0xF81F, 0xF81F, 0xF81F,
    0xF81F, 0xF81F, 0xF81F, 0xF81F, 0xF81F, 0xF81F, 0xF81F, 0xF81F, 0xF81F, 0xF81F, 0xF81F, 0xF81F,
    0xF81F, 0xF81F, 0xF81F, 0xF81F, 0xF81F, 0xF81F, 0xF81F, 0xF81F, 0xF81F, 0xF81F, 0xF81F, 0xF81F,
    0xF81F, 0xF81F, 0xF81F, 0xF81F, 0xF81F, 0xF81F, 0xF81F, 0xF81F, 0xF81F, 0xF81F, 0xF81F, 0xF81F,
    0xF81F, 0xF81F, 0xF81F, 0xF81F, 0xF81F, 0xF81F, 0xF81F, 0xF81F, 0xF81F, 0xF81F, 0xF81F, 0xF81F,
    0xF81F, 0xF81F, 0xF81F, 0xF81F, 0xF81F, 0xF81F, 0xF81F, 0xF81F, 0xF81F, 0xF81F, 0xF81F, 0xF81F,
    0xF81F, 0xF81F, 0xF81F, 0xF81F, 0xF81F, 0xF81F, 0xF81F, 0xF81F, 0xF81F, 0xF81F, 0xF81F, 0xF81F,
    0xF81F, 0xF81F, 0xF81F, 0xF81F, 0xF81F, 0xF81F, 0xF81F, 0xF81F, 0xF81F, 0xF81F, 0xF81F, 0xF81F,
    0xF81F, 0xF81F, 0xF81F, 0xF81F, 0xF81F, 0xF81F, 0xF81F, 0xF81F, 0xF81F, 0xF81F, 0xF81F, 0xF81F,
    0xF81F, 0xF81F, 0xF81F, 0xF81F, 0xF81F, 0xF81F, 0xF81F, 0xF81F, 0xF81F, 0xF81F, 0xF81F, 0xF81F,
    0xF81F, 0xF81F, 0xF81F, 0xF81F, 0xF81F, 0xF81F, 0xF81F, 0xF81F, 0xF81F, 0xF81F, 0xF81F, 0xF81F,
    0xF81F, 0xF81F, 0xF81F, 0xF81F, 0xF81F, 0xF81F, 0xF81F, 0xF81F, 0xF81F, 0xF81F, 0xF81F, 0xF81F,
    0xF81F, 0xF81F, 0xF81F, 0xF81F, 0xF81F, 0xF81F, 0xF81F, 0xF81F, 0xF81F, 0xF81F, 0xF81F, 0xF81F,
    0xF81F, 0xF81F, 0xF81F, 0xF81F, 0xF81F, 0xF81F, 0xF81F, 0xF81F, 0xF81F, 0xF81F, 0xF81F, 0xF81F,
    0xF81F, 0xF81F, 0xF81F, 0xF81F, 0xF81F, 0xF81F, 0xF81F, 0xF81F, 0xF81F, 0xF81F, 0xF81F, 0xF81F,
    0xF81F, 0xF81F, 0xF81F, 0xF81F, 0xF81F, 0xF81F, 0xF81F, 0xF81F, 0xF81F, 0xF81F, 0xF81F, 0xF81F,
    0xF81F, 0xF81F, 0xF81F, 0xF81F, 0xF81F, 0xF81F, 0xF81F, 0xF81F, 0xF81F, 0xF81F, 0xF81F, 0xF81F,
    0xF81F, 0xF81F, 0xF81F, 0xF81F, 0xF81F, 0xF81F, 0xF81F, 0xF81F, 0xF81F, 0xF81F, 0xF81F, 0xF81F,
    0xF81F, 0xF81F, 0xF81F, 0xF81F, 0xF81F, 0xF81F, 0xF81F, 0xF81F, 0xF81F, 0xF81F, 0xF81F, 0xF81F,
    0xF81F, 0xF81F, 0xF81F, 0xF81F, 0xF81F, 0xF81F, 0xF81F, 0xF81F, 0xF81F, 0xF81F, 0xF81F, 0xF81F,
    0xF81F, 0xF81F, 0xF81F, 0xF81F, 0xF81F, 0xF81F, 0xF81F, 0xF81F, 0xF81F, 0xF81F, 0xF81F, 0xF81F,
    0xF81F, 0xF81F, 0xF81F, 0xF81F, 0xF81F, 0xF81F, 0xF81F, 0xF81F, 0xF81F, 0xF81F, 0xF81F, 0xF81F,
    0xF81F, 0xF81F, 0xF81F, 0xF81F, 0xF81F, 0xF81F, 0xF81F, 0xF81F, 0xF81F, 0xF81F, 0xF81F, 0xF81F,
    0xF81F, 0xF81F, 0xF81F, 0xF81F, 0xF81F, 0xF81F, 0xF81F, 0xF81F, 0xF81F, 0xF81F, 0xF81F, 0xF81F,
    0xF81F, 0xF81F, 0xF81F, 0xF81F, 0xF81F, 0xF81F, 0xF81F, 0xF81F, 0xF81F, 0xF81F, 0xF81F, 0xF81F,
    0xF81F, 0xF81F, 0xF81F, 0xF81F, 0xF81F, 0xF81F, 0xF81F, 0xF81F, 0xF81F, 0xF81F, 0xF81F, 0xF81F,
    0xF81F, 0xF81F, 0xF81F, 0xF81F, 0xF81F, 0xF81F, 0xF81F, 0xF81F, 0xF81F, 0xF81F, 0xF81F, 0xF81F,
    0xF81F, 0xF81F, 0xF81F, 0xF81F, 0xF81F, 0xF81F, 0xF81F, 0xF81F, 0xF81F, 0xF81F, 0xF81F, 0xF81F,
};

const uint16_t fish_1[9216] PROGMEM = {
    0xF81F, 0xF81F, 0xF81F, 0xF81F, 0xF81F, 0xF81F, 0xF81F, 0xF81F, 0xF81F, 0xF81F, 0xF81F, 0xF81F,
    0xF81F, 0xF81F, 0xF81F, 0xF81F, 0xF81F, 0xF81F, 0xF81F, 0xF81F, 0xF81F, 0xF81F, 0xF81F, 0xF81F,
    0xF81F, 0xF81F, 0xF81F, 0xF81F, 0xF81F, 0xF81F, 0xF81F, 0xF81F, 0xF81F, 0xF81F, 0xF81F, 0xF81F,
    0xF81F, 0xF81F, 0xF81F, 0xF81F, 0xF81F, 0xF81F, 0xF81F, 0xF81F, 0xF81F, 0xF81F, 0xF81F, 0xF81F,
    0xF81F, 0xF81F, 0xF81F, 0xF81F, 0xF81F, 0xF81F, 0xF81F, 0xF81F, 0xF81F, 0xF81F, 0xF81F, 0xF81F,
    0xF81F, 0xF81F, 0xF81F, 0xF81F, 0xF81F, 0xF81F, 0xF81F, 0xF81F, 0xF81F, 0xF81F, 0xF81F, 0xF81F,
    0xF81F, 0xF81F, 0xF81F, 0xF81F, 0xF81F, 0xF81F, 0xF81F, 0xF81F, 0xF81F, 0xF81F, 0xF81F, 0xF81F,
    0xF81F, 0xF81F, 0xF81F, 0xF81F, 0xF81F, 0xF81F, 0xF81F, 0xF81F, 0xF81F, 0xF81F, 0xF81F, 0xF81F,
    0xF81F, 0xF81F, 0xF81F, 0xF81F, 0xF81F, 0xF81F, 0xF81F, 0xF81F, 0xF81F, 0xF81F, 0xF81F, 0xF81F,
    0xF81F, 0xF81F, 0xF81F, 0xF81F, 0xF81F, 0xF81F, 0xF81F, 0xF81F, 0xF81F, 0xF81F, 0xF81F, 0xF81F,
    0xF81F, 0xF81F, 0xF81F, 0xF81F, 0xF81F, 0xF81F, 0xF81F, 0xF81F, 0xF81F, 0xF81F, 0xF81F, 0xF81F,
    0xF81F, 0xF81F, 0xF81F, 0xF81F, 0xF81F, 0xF81F, 0xF81F, 0xF81F, 0xF81F, 0xF81F, 0xF81F, 0xF81F,
    0xF81F, 0xF81F, 0xF81F, 0xF81F, 0xF81F, 0xF81F, 0xF81F, 0xF81F, 0xF81F, 0xF81F, 0xF81F, 0xF81F,
    0xF81F, 0xF81F, 0xF81F, 0xF81F, 0xF81F, 0xF81F, 0xF81F, 0xF81F, 0xF81F, 0xF81F, 0xF81F, 0xF81F,
    0xF81F, 0xF81F, 0xF81F, 0xF81F, 0xF81F, 0xF81F, 0xF81F, 0xF81F, 0xF81F, 0xF81F, 0xF81F, 0xF81F,
    0xF81F, 0xF81F, 0xF81F, 0xF81F, 0xF81F, 0xF81F, 0xF81F, 0xF81F, 0xF81F, 0xF81F, 0xF81F, 0xF81F,
    0xF81F, 0xF81F, 0xF81F, 0xF81F, 0xF81F, 0xF81F, 0xF81F, 0xF81F, 0xF81F, 0xF81F, 0xF81F, 0xF81F,
    0xF81F, 0xF81F, 0xF81F, 0xF81F, 0xF81F, 0xF81F, 0xF81F, 0xF81F, 0xF81F, 0xF81F, 0xF81F, 0xF81F,
    0xF81F, 0xF81F, 0xF81F, 0xF81F, 0xF81F, 0xF81F, 0xF81F, 0xF81F, 0xF81F, 0xF81F, 0xF81F, 0xF81F,
    0xF81F, 0xF81F, 0xF81F, 0xF81F, 0xF81F, 0xF81F, 0xF81F, 0xF81F, 0xF81F, 0xF81F, 0xF81F, 0xF81F,
    0xF81F, 0xF81F, 0xF81F, 0xF81F, 0xF81F, 0xF81F, 0xF81F, 0xF81F, 0xF81F, 0xF81F, 0xF81F, 0xF81F,
    0xF81F, 0xF81F, 0xF81F, 0xF81F, 0xF81F, 0xF81F, 0xF81F, 0xF81F, 0xF81F, 0xF81F, 0xF81F, 0xF81F,
    0xF81F, 0xF81F, 0xF81F, 0xF81F, 0xF81F, 0xF81F, 0xF81F, 0xF81F, 0xF81F, 0xF81F, 0xF81F, 0xF81F,
    0xF81F, 0xF81F, 0xF81F, 0xF81F, 0xF81F, 0xF81F, 0xF81F, 0xF81F, 0xF81F, 0xF81F, 0xF81F, 0xF81F,
    0xF81F, 0xF81F, 0xF81F, 0xF81F, 0xF81F, 0xF81F, 0xF81F, 0xF81F, 0xF81F, 0xF81F, 0xF81F, 0xF81F,
    0xF81F, 0xF81F, 0xF81F, 0xF81F, 0xF81F, 0xF81F, 0xF81F, 0xF81F, 0xF81F, 0xF81F, 0xF81F, 0xF81F,
    0xF81F, 0xF81F, 0xF81F, 0xF81F, 0xF81F, 0xF81F, 0xF81F, 0xF81F, 0xF81F, 0xF81F, 0xF81F, 0xF81F,
    0xF81F, 0xF81F, 0xF81F, 0xF81F, 0xF81F, 0xF81F, 0xF81F, 0xF81F, 0xF81F, 0xF81F, 0xF81F, 0xF81F,
    0xF81F, 0xF81F, 0xF81F, 0xF81F, 0xF81F, 0xF81F, 0xF81F, 0xF81F, 0xF81F, 0xF81F, 0xF81F, 0xF81F,
    0xF81F, 0xF81F, 0xF81F, 0xF81F, 0xF81F, 0xF81F, 0xF81F, 0xF81F, 0xF81F, 0xF81F, 0xF81F, 0xF81F,
    0xF81F, 0xF81F, 0xF81F, 0xF81F, 0xF81F, 0xF81F, 0xF81F, 0xF81F, 0xF81F, 0xF81F, 0xF81F, 0xF81F,
    0xF81F, 0xF81F, 0xF81F, 0xF81F, 0xF81F, 0xF81F, 0xF81F, 0xF81F, 0xF81F, 0xF81F, 0xF81F, 0xF81F,
    0xF81F, 0xF81F, 0xF81F, 0xF81F, 0xF81F, 0xF81F, 0xF81F, 0xF81F, 0xF81F, 0xF81F, 0xF81F, 0xF81F,
    0xF81F, 0xF81F, 0xF81F, 0xF81F, 0xF81F, 0xF81F, 0xF81F, 0xF81F, 0xF81F, 0xF81F, 0xF81F, 0xF81F,
    0xF81F, 0xF81F, 0xF81F, 0xF81F, 0xF81F, 0xF81F, 0xF81F, 0xF81F, 0xF81F, 0xF81F, 0xF81F, 0xF81F,
    0xF81F, 0xF81F, 0xF81F, 0xF81F, 0xF81F, 0xF81F, 0xF81F, 0xF81F, 0xF81F, 0xF81F, 0xF81F, 0xF81F,
    0xF81F, 0xF81F, 0xF81F, 0xF81F, 0xF81F, 0xF81F, 0xF81F, 0xF81F, 0xF81F, 0xF81F, 0xF81F, 0xF81F,
    0xF81F, 0xF81F, 0xF81F, 0xF81F, 0xF81F, 0xF81F, 0xF81F, 0xF81F, 0xF81F, 0xF81F, 0xF81F, 0xF81F,
    0xF81F, 0xF81F, 0xF81F, 0xF81F, 0xF81F, 0xF81F, 0xF81F, 0xF81F, 0xF81F, 0xF81F, 0xF81F, 0xF81F,
    0xF81F, 0xF81F, 0xF81F, 0xF81F, 0xF81F, 0xF81F, 0xF81F, 0xF81F, 0xF81F, 0xF81F, 0xF81F, 0xF81F,
    0xF81F, 0xF81F, 0xF81F, 0xF81F, 0xF81F, 0xF81F, 0xF81F, 0xF81F, 0xF81F, 0xF81F, 0xF81F, 0xF81F,
    0xF81F, 0xF81F, 0xF81F, 0xF81F, 0xF81F, 0xF81F, 0xF81F, 0xF81F, 0xF81F, 0xF81F, 0xF81F, 0xF81F,
    0xF81F, 0xF81F, 0xF81F, 0xF81F, 0xF81F, 0xF81F, 0xF81F, 0xF81F, 0xF81F, 0xF81F, 0xF81F, 0xF81F,
    0xF81F, 0xF81F, 0xF81F, 0xF81F, 0xF81F, 0xF81F, 0xF81F, 0xF81F, 0xF81F, 0xF81F, 0xF81F, 0xF81F,
    0xF81F, 0xF81F, 0xF81F, 0xF81F, 0xF81F, 0xF81F, 0xF81F, 0xF81F, 0xF81F, 0xF81F, 0xF81F, 0xF81F,
    0xF81F, 0xF81F, 0xF81F, 0xF81F, 0xF81F, 0xF81F, 0xF81F, 0xF81F, 0xF81F, 0xF81F, 0xF81F, 0xF81F,
    0xF81F, 0xF81F, 0xF81F, 0xF81F, 0xF81F, 0xF81F, 0xF81F, 0xF81F, 0xF81F, 0xF81F, 0xF81F, 0xF81F,
    0xF81F, 0xF81F, 0xF81F, 0xF81F, 0xF81F, 0xF81F, 0xF81F, 0xF81F, 0xF81F, 0xF81F, 0xF81F, 0xF81F,
    0xF81F, 0xF81F, 0xF81F, 0xF81F, 0xF81F, 0xF81F, 0xF81F, 0xF81F, 0xF81F, 0xF81F, 0xF81F, 0xF81F,
    0xF81F, 0xF81F, 0xF81F, 0xF81F, 0xF81F, 0xF81F, 0xF81F, 0xF81F, 0xF81F, 0xF81F, 0xF81F, 0xF81F,
    0xF81F, 0xF81F, 0xF81F, 0xF81F, 0xF81F, 0xF81F, 0xF81F, 0xF81F, 0xF81F, 0xF81F, 0xF81F, 0xF81F,
    0xF81F, 0xF81F, 0xF81F, 0xF81F, 0xF81F, 0xF81F, 0xF81F, 0xF81F, 0xF81F, 0xF81F, 0xF81F, 0xF81F,
    0xF81F, 0xF81F, 0xF81F, 0xF81F, 0xF81F, 0xF81F, 0xF81F, 0xF81F, 0xF81F, 0xF81F, 0xF81F, 0xF81F,
    0xF81F, 0xF81F, 0xF81F, 0xF81F, 0xF81F, 0xF81F, 0xF81F, 0xF81F, 0xF81F, 0xF81F, 0xF81F, 0xF81F,
    0xF81F, 0xF81F, 0xF81F, 0xF81F, 0xF81F, 0xF81F, 0xF81F, 0xF81F, 0xF81F, 0xF81F, 0xF81F, 0xF81F,
    0xF81F, 0xF81F, 0xF81F, 0xF81F, 0xF81F, 0xF81F, 0xF81F, 0xF81F, 0xF81F, 0xF81F, 0xF81F, 0xF81F,
    0xF81F, 0xF81F, 0xF81F, 0xF81F, 0xF81F, 0xF81F, 0xF81F, 0xF81F, 0xF81F, 0xF81F, 0xF81F, 0xF81F,
    0xF81F, 0xF81F, 0xF81F, 0xF81F, 0xF81F, 0xF81F, 0xF81F, 0xF81F, 0xF81F, 0xF81F, 0xF81F, 0xF81F,
    0xF81F, 0xF81F, 0xF81F, 0xF81F, 0xF81F, 0xF81F, 0xF81F, 0xF81F, 0xF81F, 0xF81F, 0xF81F, 0xF81F,
    0xF81F, 0xF81F, 0xF81F, 0xF81F, 0xF81F, 0xF81F, 0xF81F, 0xF81F, 0xF81F, 0xF81F, 0xF81F, 0xF81F,
    0xF81F, 0xF81F, 0xF81F, 0xF81F, 0xF81F, 0xF81F, 0xF81F, 0xF81F, 0xF81F, 0xF81F, 0xF81F, 0xF81F,
    0xF81F, 0xF81F, 0xF81F, 0xF81F, 0xF81F, 0xF81F, 0xF81F, 0xF81F, 0xF81F, 0xF81F, 0xF81F, 0xF81F,
    0xF81F, 0xF81F, 0xF81F, 0xF81F, 0xF81F, 0xF81F, 0xF81F, 0xF81F, 0xF81F, 0xF81F, 0xF81F, 0xF81F,
    0xF81F, 0xF81F, 0xF81F, 0xF81F, 0xF81F, 0xF81F, 0xF81F, 0xF81F, 0xF81F, 0xF81F, 0xF81F, 0xF81F,
    0xF81F, 0xF81F, 0xF81F, 0xF81F, 0xF81F, 0xF81F, 0xF81F, 0xF81F, 0xF81F, 0xF81F, 0xF81F, 0xF81F,
    0xF81F, 0xF81F, 0xF81F, 0xF81F, 0xF81F, 0xF81F, 0xF81F, 0xF81F, 0xF81F, 0xF81F, 0xF81F, 0xF81F,
    0xF81F, 0xF81F, 0xF81F, 0xF81F, 0xF81F, 0xF81F, 0xF81F, 0xF81F, 0xF81F, 0xF81F, 0xF81F, 0xF81F,
    0xF81F, 0xF81F, 0xF81F, 0xF81F, 0xF81F, 0xF81F, 0xF81F, 0xF81F, 0xF81F, 0xF81F, 0xF81F, 0xF81F,
    0xF81F, 0xF81F, 0xF81F, 0xF81F, 0xF81F, 0xF81F, 0xF81F, 0xF81F, 0xF81F, 0xF81F, 0xF81F, 0xF81F,
    0xF81F, 0xF81F, 0xF81F, 0xF81F, 0xF81F, 0xF81F, 0xF81F, 0xF81F, 0xF81F, 0xF81F, 0xF81F, 0xF81F,
    0xF81F, 0xF81F, 0xF81F, 0xF81F, 0xF81F, 0xF81F, 0xF81F, 0xF81F, 0xF81F, 0xF81F, 0xF81F, 0xF81F,
    0xF81F, 0xF81F, 0xF81F, 0xF81F, 0xF81F, 0xF81F, 0xF81F, 0xF81F, 0xF81F, 0xF81F, 0xF81F, 0xF81F,
    0xF81F, 0xF81F, 0xF81F, 0xF81F, 0xF81F, 0xF81F, 0xF81F, 0xF81F, 0xF81F, 0xF81F, 0xF81F, 0xF81F,
    0xF81F, 0xF81F, 0xF81F, 0xF81F, 0xF81F, 0xF81F, 0xF81F, 0xF81F, 0xF81F, 0xF81F, 0xF81F, 0xF81F,
    0xF81F, 0xF81F, 0xF81F, 0xF81F, 0xF81F, 0xF81F, 0xF81F, 0xF81F, 0xF81F, 0xF81F, 0xF81F, 0xF81F,
    0xF81F, 0xF81F, 0xF81F, 0xF81F, 0xF81F, 0xF81F, 0xF81F, 0xF81F, 0xF81F, 0xF81F, 0xF81F, 0xF81F,
    0xF81F, 0xF81F, 0xF81F, 0xF81F, 0xF81F, 0xF81F, 0xF81F, 0xF81F, 0xF81F, 0xF81F, 0xF81F, 0xF81F,
    0xF81F, 0xF81F, 0xF81F, 0xF81F, 0xF81F, 0xF81F, 0xF81F, 0xF81F, 0xF81F, 0xF81F, 0xF81F, 0xF81F,
    0xF81F, 0xF81F, 0xF81F, 0xF81F, 0xF81F, 0xF81F, 0xF81F, 0xF81F, 0xF81F, 0xF81F, 0xF81F, 0xF81F,
    0xF81F, 0xF81F, 0xF81F, 0xF81F, 0xF81F, 0xF81F, 0xF81F, 0xF81F, 0xF81F, 0xF81F, 0xF81F, 0xF81F,
    0xF81F, 0xF81F, 0xF81F, 0xF81F, 0xF81F, 0xF81F, 0xF81F, 0xF81F, 0xF81F, 0xF81F, 0xF81F, 0xF81F,
    0xF81F, 0xF81F, 0xF81F, 0xF81F, 0xF81F, 0xF81F, 0xF81F, 0xF81F, 0xF81F, 0xF81F, 0xF81F, 0xF81F,
    0xF81F, 0xF81F, 0xF81F, 0xF81F, 0xF81F, 0xF81F, 0xF81F, 0xF81F, 0xF81F, 0xF81F, 0xF81F, 0xF81F,
    0xF81F, 0xF81F, 0xF81F, 0xF81F, 0xF81F, 0xF81F, 0xF81F, 0xF81F, 0xF81F, 0xF81F, 0xF81F, 0xF81F,
    0xF81F, 0xF81F, 0xF81F, 0xF81F, 0xF81F, 0xF81F, 0xF81F, 0xF81F, 0xF81F, 0xF81F, 0xF81F, 0xF81F,
    0xF81F, 0xF81F, 0xF81F, 0xF81F, 0xF81F, 0xF81F, 0xF81F, 0xF81F, 0xF81F, 0xF81F, 0xF81F, 0xF81F,
    0xF81F, 0xF81F, 0xF81F, 0xF81F, 0xF81F, 0xF81F, 0xF81F, 0xF81F, 0xF81F, 0xF81F, 0xF81F, 0xF81F,
    0xF81F, 0xF81F, 0xF81F, 0xF81F, 0xF81F, 0xF81F, 0xF81F, 0xF81F, 0xF81F, 0xF81F, 0xF81F, 0xF81F,
    0xF81F, 0xF81F, 0xF81F, 0xF81F, 0xF81F, 0xF81F, 0xF81F, 0xF81F, 0xF81F, 0xF81F, 0xF81F, 0xF81F,
    0xF81F, 0xF81F, 0xF81F, 0xF81F, 0xF81F, 0xF81F, 0xF81F, 0xF81F, 0xF81F, 0xF81F, 0xF81F, 0xF81F,
    0xF81F, 0xF81F, 0xF81F, 0xF81F, 0xF81F, 0xF81F, 0xF81F, 0xF81F, 0xF81F, 0xF81F, 0xF81F, 0xF81F,
    0xF81F, 0xF81F, 0xF81F, 0xF81F, 0xF81F, 0xF81F, 0xF81F, 0xF81F, 0xF81F, 0xF81F, 0xF81F, 0xF81F,
    0xF81F, 0xF81F, 0xF81F, 0xF81F, 0xF81F, 0xF81F, 0xF81F, 0xF81F, 0xF81F, 0xF81F, 0xF81F, 0xF81F,
    0xF81F, 0xF81F, 0xF81F, 0xF81F, 0xF81F, 0xF81F, 0xF81F, 0xF81F, 0xF81F, 0xF81F, 0xF81F, 0xF81F,
    0xF81F, 0xF81F, 0xF81F, 0xF81F, 0xF81F, 0xF81F, 0xF81F, 0xF81F, 0xF81F, 0xF81F, 0xF81F, 0xF81F,
    0xF81F, 0xF81F, 0xF81F, 0xF81F, 0xF81F, 0xF81F, 0xF81F, 0xF81F, 0xF81F, 0xF81F, 0xF81F, 0xF81F,
    0xF81F, 0xF81F, 0xF81F, 0xF81F, 0xF81F, 0xF81F, 0xF81F, 0xF81F, 0xF81F, 0xF81F, 0xF81F, 0xF81F,
    0xF81F, 0xF81F, 0xF81F, 0xF81F, 0xF81F, 0xF81F, 0xF81F, 0xF81F, 0xF81F, 0xF81F, 0xF81F, 0xF81F,
    0xF81F, 0xF81F, 0xF81F, 0xF81F, 0xF81F, 0xF81F, 0xF81F, 0xF81F, 0xF81F, 0xF81F, 0xF81F, 0xF81F,
    0xF81F, 0xF81F, 0xF81F, 0xF81F, 0xF81F, 0xF81F, 0xF81F, 0xF81F, 0xF81F, 0xF81F, 0xF81F, 0xF81F,
    0xF81F, 0xF81F, 0xF81F, 0xF81F, 0xF81F, 0xF81F, 0xF81F, 0xF81F, 0xF81F, 0xF81F, 0xF81F, 0xF81F,
    0xF81F, 0xF81F, 0xF81F, 0xF81F, 0xF81F, 0xF81F, 0xF81F, 0xF81F, 0xF81F, 0xF81F, 0xF81F, 0xF81F,
    0xF81F, 0xF81F, 0xF81F, 0xF81F, 0xF81F, 0xF81F, 0xF81F, 0xF81F, 0xF81F, 0xF81F, 0xF81F, 0xF81F,
    0xF81F, 0xF81F, 0xF81F, 0xF81F, 0xF81F, 0xF81F, 0xF81F, 0xF81F, 0xF81F, 0xF81F, 0xF81F, 0xF81F,
    0xF81F, 0xF81F, 0xF81F, 0xF81F, 0xF81F, 0xF81F, 0xF81F, 0xF81F, 0xF81F, 0xF81F, 0xF81F, 0xF81F,
    0xF81F, 0xF81F, 0xF81F, 0xF81F, 0xF81F, 0xF81F, 0xF81F, 0xF81F, 0xF81F, 0xF81F, 0xF81F, 0xF81F,
    0xF81F, 0xF81F, 0xF81F, 0xF81F, 0xF81F, 0xF81F, 0xF81F, 0xF81F, 0xF81F, 0xF81F, 0xF81F, 0xF81F,
    0xF81F, 0xF81F, 0xF81F, 0xF81F, 0xF81F, 0xF81F, 0xF81F, 0xF81F, 0xF81F, 0xF81F, 0xF81F, 0xF81F,
    0xF81F, 0xF81F, 0xF81F, 0xF81F, 0xF81F, 0xF81F, 0xF81F, 0xF81F, 0xF81F, 0xF81F, 0xF81F, 0xF81F,
    0xF81F, 0xF81F, 0xF81F, 0xF81F, 0xF81F, 0xF81F, 0xF81F, 0xF81F, 0xF81F, 0xF81F, 0xF81F, 0xF81F,
    0xF81F, 0xF81F, 0xF81F, 0xF81F, 0xF81F, 0xF81F, 0xF81F, 0xF81F, 0xF81F, 0xF81F, 0xF81F, 0xF81F,
    0xF81F, 0xF81F, 0xF81F, 0xF81F, 0xF81F, 0xF81F, 0xF81F, 0xF81F, 0xF81F, 0xF81F, 0xF81F, 0xF81F,
    0xF81F, 0xF81F, 0xF81F, 0xF81F, 0xF81F, 0xF81F, 0xF81F, 0xF81F, 0xF81F, 0xF81F, 0xF81F, 0xF81F,
    0xF81F, 0xF81F, 0xF81F, 0xF81F, 0xF81F, 0xF81F, 0xF81F, 0xF81F, 0xF81F, 0xF81F, 0xF81F, 0xF81F,
    0xF81F, 0xF81F, 0xF81F, 0xF81F, 0xF81F, 0xF81F, 0xF81F, 0xF81F, 0xF81F, 0xF81F, 0xF81F, 0xF81F,
    0xF81F, 0xF81F, 0xF81F, 0xF81F, 0xF81F, 0xF81F, 0xF81F, 0xF81F, 0xF81F, 0xF81F, 0xF81F, 0xF81F,
    0xF81F, 0xF81F, 0xF81F, 0xF81F, 0xF81F, 0xF81F, 0xF81F, 0xF81F, 0xF81F, 0xF81F, 0xF81F, 0xF81F,
    0xF81F, 0xF81F, 0xF81F, 0xF81F, 0xF81F, 0xF81F, 0xF81F, 0xF81F, 0xF81F, 0xF81F, 0xF81F, 0xF81F,
    0xF81F, 0xF81F, 0xF81F, 0xF81F, 0xF81F, 0xF81F, 0xF81F, 0xF81F, 0xF81F, 0xF81F, 0xF81F, 0xF81F,
    0xF81F, 0xF81F, 0xF81F, 0xF81F, 0xF81F, 0xF81F, 0xF81F, 0xF81F, 0xF81F, 0xF81F, 0xF81F, 0xF81F,
    0xF81F, 0xF81F, 0xF81F, 0xF81F, 0xF81F, 0xF81F, 0xF81F, 0xF81F, 0xF81F, 0xF81F, 0xF81F, 0xF81F,
    0xF81F, 0xF81F, 0xF81F, 0xF81F, 0xF81F, 0xF81F, 0xF81F, 0xF81F, 0xF81F, 0xF81F, 0xF81F, 0xF81F,
    0xF81F, 0xF81F, 0xF81F, 0xF81F, 0xF81F, 0xF81F, 0xF81F, 0xF81F, 0xF81F, 0xF81F, 0xF81F, 0xF81F,
    0xF81F, 0xF81F, 0xF81F, 0xF81F, 0xF81F, 0xF81F, 0xF81F, 0xF81F, 0xF81F, 0xF81F, 0xF81F, 0xF81F,
    0xF81F, 0xF81F, 0xF81F, 0xF81F, 0xF81F, 0xF81F, 0xF81F, 0xF81F, 0xF81F, 0xF81F, 0xF81F, 0xF81F,
    0xF81F, 0xF81F, 0xF81F, 0xF81F, 0xF81F, 0xF81F, 0xF81F, 0xF81F, 0xF81F, 0xF81F, 0xF81F, 0xF81F,
    0xF81F, 0xF81F, 0xF81F, 0xF81F, 0xF81F, 0xF81F, 0xF81F, 0xF81F, 0xF81F, 0xF81F, 0xF81F, 0xF81F,
    0xF81F, 0xF81F, 0xF81F, 0xF81F, 0xF81F, 0xF81F, 0xF81F, 0xF81F, 0xF81F, 0xF81F, 0xF81F, 0xF81F,
    0xF81F, 0xF81F, 0xF81F, 0xF81F, 0xF81F, 0xF81F, 0xF81F, 0xF81F, 0xF81F, 0xF81F, 0xF81F, 0xF81F,
    0xF81F, 0xF81F, 0xF81F, 0xF81F, 0xF81F, 0xF81F, 0xF81F, 0xF81F, 0xF81F, 0xF81F, 0xF81F, 0xF81F,
    0xF81F, 0xF81F, 0xF81F, 0xF81F, 0xF81F, 0xF81F, 0xF81F, 0xF81F, 0xF81F, 0xF81F, 0xF81F, 0xF81F,
    0xF81F, 0xF81F, 0xF81F, 0xF81F, 0xF81F, 0xF81F, 0xF81F, 0xF81F, 0xF81F, 0xF81F, 0xF81F, 0xF81F,
    0xF81F, 0xF81F, 0xF81F, 0xF81F, 0xF81F, 0xF81F, 0xF81F, 0xF81F, 0xF81F, 0xF81F, 0xF81F, 0xF81F,
    0xF81F, 0xF81F, 0xF81F, 0xF81F, 0xF81F, 0xF81F, 0xF81F, 0xF81F, 0xF81F, 0xF81F, 0xF81F, 0xF81F,
    0xF81F, 0xF81F, 0xF81F, 0xF81F, 0xF81F, 0xF81F, 0xF81F, 0xF81F, 0xF81F, 0xF81F, 0xF81F, 0xF81F,
    0xF81F, 0xF81F, 0xF81F, 0xF81F, 0xF81F, 0xF81F, 0xF81F, 0xF81F, 0xF81F, 0xF81F, 0xF81F, 0xF81F,
    0xF81F, 0xF81F, 0xF81F, 0xF81F, 0xF81F, 0xF81F, 0xF81F, 0xF81F, 0xF81F, 0xF81F, 0xF81F, 0xF81F,
    0xF81F, 0xF81F, 0xF81F, 0xF81F, 0xF81F, 0xF81F, 0xF81F, 0xF81F, 0xF81F, 0xF81F, 0xF81F, 0xF81F,
    0xF81F, 0xF81F, 0xF81F, 0xF81F, 0xF81F, 0xF81F, 0xF81F, 0xF81F, 0xF81F, 0xF81F, 0xF81F, 0xF81F,
    0xF81F, 0xF81F, 0xF81F, 0xF81F, 0xF81F, 0xF81F, 0xF81F, 0xF81F, 0xF81F, 0xF81F, 0xF81F, 0xF81F,
    0xF81F, 0xF81F, 0xF81F, 0xF81F, 0xF81F, 0xF81F, 0xF81F, 0xF81F, 0xF81F, 0xF81F, 0xF81F, 0xF81F,
    0xF81F, 0xF81F, 0xF81F, 0xF81F, 0xF81F, 0xF81F, 0xF81F, 0xF81F, 0xF81F, 0xF81F, 0xF81F, 0xF81F,
    0xF81F, 0xF81F, 0xF81F, 0xF81F, 0xF81F, 0xF81F, 0xF81F, 0xF81F, 0xF81F, 0xF81F, 0xF81F, 0xF81F,
    0xF81F, 0xF81F, 0xF81F, 0xF81F, 0xF81F, 0xF81F, 0xF81F, 0xF81F, 0xF81F, 0xF81F, 0xF81F, 0xF81F,
    0xF81F, 0xF81F, 0xF81F, 0xF81F, 0xF81F, 0xF81F, 0xF81F, 0xF81F, 0xF81F, 0xF81F, 0xF81F, 0xF81F,
    0xF81F, 0xF81F, 0xF81F, 0xF81F, 0xF81F, 0xF81F, 0xF81F, 0xF81F, 0xF81F, 0xF81F, 0xF81F, 0xF81F,
    0xF81F, 0xF81F, 0xF81F, 0xF81F, 0xF81F, 0xF81F, 0xF81F, 0xF81F, 0xF81F, 0xF81F, 0xF81F, 0xF81F,
    0xF81F, 0xF81F, 0xF81F, 0xF81F, 0xF81F, 0xF81F, 0xF81F, 0xF81F, 0xF81F, 0xF81F, 0xF81F, 0xF81F,
    0xF81F, 0xF81F, 0xF81F, 0xF81F, 0xF81F, 0xF81F, 0xF81F, 0xF81F, 0xF81F, 0xF81F, 0xF81F, 0xF81F,
    0xF81F, 0xF81F, 0xF81F, 0xF81F, 0xF81F, 0xF81F, 0xF81F, 0xF81F, 0xF81F, 0xF81F, 0xF81F, 0xF81F,
    0xF81F, 0xF81F, 0xF81F, 0xF81F, 0xF81F, 0xF81F, 0xF81F, 0xF81F, 0xF81F, 0xF81F, 0xF81F, 0xF81F,
    0xF81F, 0xF81F, 0xF81F, 0xF81F, 0xF81F, 0xF81F, 0xF81F, 0xF81F, 0xF81F, 0xF81F, 0xF81F, 0xF81F,
    0xF81F, 0xF81F, 0xF81F, 0xF81F, 0xF81F, 0xF81F, 0xF81F, 0xF81F, 0xF81F, 0xF81F, 0xF81F, 0xF81F,
    0xF81F, 0xF81F, 0xF81F, 0xF81F, 0xF81F, 0xF81F, 0xF81F, 0xF81F, 0xF81F, 0xF81F, 0xF81F, 0xF81F,
    0xF81F, 0xF81F, 0xF81F, 0xF81F, 0xF81F, 0xF81F, 0xF81F, 0xF81F, 0xF81F, 0xF81F, 0xF81F, 0xF81F,
    0xF81F, 0xF81F, 0xF81F, 0xF81F, 0xF81F, 0xF81F, 0xF81F, 0xF81F, 0xF81F, 0xF81F, 0xF81F, 0xF81F,
    0xF81F, 0xF81F, 0xF81F, 0xF81F, 0xF81F, 0xF81F, 0xF81F, 0xF81F, 0xF81F, 0xF81F, 0xF81F, 0xF81F,
    0xF81F, 0xF81F, 0xF81F, 0xF81F, 0xF81F, 0xF81F, 0xF81F, 0xF81F, 0xF81F, 0xF81F, 0xF81F, 0xF81F,
    0xF81F, 0xF81F, 0xF81F, 0xF81F, 0xF81F, 0xF81F, 0xF81F, 0xF81F, 0xF81F, 0xF81F, 0xF81F, 0xF81F,
    0xF81F, 0xF81F, 0xF81F, 0xF81F, 0xF81F, 0xF81F, 0xF81F, 0xF81F, 0xF81F, 0xF81F, 0xF81F, 0xF81F,
    0xF81F, 0xF81F, 0xF81F, 0xF81F, 0xF81F, 0xF81F, 0xF81F, 0xF81F, 0xF81F, 0xF81F, 0xF81F, 0xF81F,
    0xF81F, 0xF81F, 0xF81F, 0xF81F, 0xF81F, 0xF81F, 0xF81F, 0xF81F, 0xF81F, 0xF81F, 0xF81F, 0xF81F,
    0xF81F, 0xF81F, 0xF81F, 0xF81F, 0xF81F, 0xF81F, 0xF81F, 0xF81F, 0xF81F, 0xF81F, 0xF81F, 0xF81F,
    0xF81F, 0xF81F, 0xF81F, 0xF81F, 0xF81F, 0xF81F, 0xF81F, 0xF81F, 0xF81F, 0xF81F, 0xF81F, 0xF81F,
    0xF81F, 0xF81F, 0xF81F, 0xF81F, 0xF81F, 0xF81F, 0xF81F, 0xF81F, 0xF81F, 0xF81F, 0xF81F, 0xF81F,
    0xF81F, 0xF81F, 0xF81F, 0xF81F, 0xF81F, 0xF81F, 0xF81F, 0xF81F, 0xF81F, 0xF81F, 0xF81F, 0xF81F,
    0xF81F, 0xF81F, 0xF81F, 0xF81F, 0xF81F, 0xF81F, 0xF81F, 0xF81F, 0xF81F, 0xF81F, 0xF81F, 0xF81F,
    0xF81F, 0xF81F, 0xF81F, 0xF81F, 0xF81F, 0xF81F, 0xF81F, 0xF81F, 0xF81F, 0xF81F, 0xF81F, 0xF81F,
    0xF81F, 0xF81F, 0xF81F, 0xF81F, 0xF81F, 0xF81F, 0xF81F, 0xF81F, 0xF81F, 0xF81F, 0xF81F, 0xF81F,
    0xF81F, 0xF81F, 0xF81F, 0xF81F, 0xF81F, 0xF81F, 0xF81F, 0xF81F, 0xF81F, 0xF81F, 0xF81F, 0xF81F,
    0xF81F, 0xF81F, 0xF81F, 0xF81F, 0xF81F, 0xF81F, 0xF81F, 0xF81F, 0xF81F, 0xF81F, 0xF81F, 0xF81F,
    0xF81F, 0xF81F, 0xF81F, 0xF81F, 0xF81F, 0xF81F, 0xF81F, 0xF81F, 0xF81F, 0xF81F, 0xF81F, 0xF81F,
    0xF81F, 0xF81F, 0xF81F, 0xF81F, 0xF81F, 0xF81F, 0xF81F, 0xF81F, 0xF81F, 0xF81F, 0xF81F, 0xF81F,
    0xF81F, 0xF81F, 0xF81F, 0xF81F, 0xF81F, 0xF81F, 0xF81F, 0xF81F, 0xF81F, 0xF81F, 0xF81F, 0xF81F,
    0xF81F, 0xF81F, 0xF81F, 0xF81F, 0xF81F, 0xF81F, 0xF81F, 0xF81F, 0xF81F, 0xF81F, 0xF81F, 0xF81F,
    0xF81F, 0xF81F, 0xF81F, 0xF81F, 0xF81F, 0xF81F, 0xF81F, 0xF81F, 0xF81F, 0xF81F, 0xF81F, 0xF81F,
    0xF81F, 0xF81F, 0xF81F, 0xF81F, 0xF81F, 0xF81F, 0xF81F, 0xF81F, 0xF81F, 0xF81F, 0xF81F, 0xF81F,
    0xF81F, 0xF81F, 0xF81F, 0xF81F, 0xF81F, 0xF81F, 0xF81F, 0xF81F, 0xF81F, 0xF81F, 0xF81F, 0xF81F,
    0xF81F, 0xF81F, 0xF81F, 0xF81F, 0xF81F, 0xF81F, 0xF81F, 0xF81F, 0xF81F, 0xF81F, 0xF81F, 0xF81F,
    0xF81F, 0xF81F, 0xF81F, 0xF81F, 0xF81F, 0xF81F, 0xF81F, 0xF81F, 0xF81F, 0xF81F, 0xF81F, 0xF81F,
    0xF81F, 0xF81F, 0xF81F, 0xF81F, 0xF81F, 0xF81F, 0xF81F, 0xF81F, 0xF81F, 0xF81F, 0xF81F, 0xF81F,
    0xF81F, 0xF81F, 0xF81F, 0xF81F, 0xF81F, 0xF81F, 0xF81F, 0xF81F, 0xF81F, 0xF81F, 0xF81F, 0xF81F,
    0xF81F, 0xF81F, 0xF81F, 0xF81F, 0xF81F, 0xF81F, 0xF81F, 0xF81F, 0xF81F, 0xF81F, 0xF81F, 0xF81F,
    0xF81F, 0xF81F, 0xF81F, 0xF81F, 0xF81F, 0xF81F, 0xF81F, 0xF81F, 0xF81F, 0xF81F, 0xF81F, 0xF81F,
    0xF81F, 0xF81F, 0xF81F, 0xF81F, 0xF81F, 0xF81F, 0xF81F, 0xF81F, 0xF81F, 0xF81F, 0xF81F, 0xF81F,
    0xF81F, 0xF81F, 0xF81F, 0xF81F, 0xF81F, 0xF81F, 0xF81F, 0xF81F, 0xF81F, 0xF81F, 0xF81F, 0xF81F,
    0xF81F, 0xF81F, 0xF81F, 0xF81F, 0xF81F, 0xF81F, 0xF81F, 0xF81F, 0xF81F, 0xF81F, 0xF81F, 0xF81F,
    0xF81F, 0xF81F, 0xF81F, 0xF81F, 0xF81F, 0xF81F, 0xF81F, 0xF81F, 0xF81F, 0xF81F, 0xF81F, 0xF81F,
    0xF81F, 0xF81F, 0xF81F, 0xF81F, 0xF81F, 0xF81F, 0xF81F, 0xF81F, 0xF81F, 0xF81F, 0xF81F, 0xF81F,
    0xF81F, 0xF81F, 0xF81F, 0xF81F, 0xF81F, 0xF81F, 0xF81F, 0xF81F, 0xF81F, 0xF81F, 0xF81F, 0xF81F,
    0xF81F, 0xF81F, 0xF81F, 0xF81F, 0xF81F, 0xF81F, 0xF81F, 0xF81F, 0xF81F, 0xF81F, 0xF81F, 0xF81F,
    0xF81F, 0xF81F, 0xF81F, 0xF81F, 0xF81F, 0xF81F, 0xF81F, 0xF81F, 0xF81F, 0xF81F, 0xF81F, 0xF81F,
    0xF81F, 0xF81F, 0xF81F, 0xF81F, 0xF81F, 0xF81F, 0xF81F, 0xF81F, 0xF81F, 0xF81F, 0xF81F, 0xF81F,
    0xF81F, 0xF81F, 0xF81F, 0xF81F, 0xF81F, 0xF81F, 0xF81F, 0xF81F, 0xF81F, 0xF81F, 0xF81F, 0xF81F,
    0xF81F, 0xF81F, 0xF81F, 0xF81F, 0xF81F, 0xF81F, 0xF81F, 0xF81F, 0xF81F, 0xF81F, 0xF81F, 0xF81F,
    0xF81F, 0xF81F, 0xF81F, 0xF81F, 0xF81F, 0xF81F, 0xF81F, 0xF81F, 0xF81F, 0xF81F, 0xF81F, 0xF81F,
    0xF81F, 0xF81F, 0xF81F, 0xF81F, 0xF81F, 0xF81F, 0xF81F, 0xF81F, 0xF81F, 0xF81F, 0xF81F, 0xF81F,
    0xF81F, 0xF81F, 0xF81F, 0xF81F, 0xF81F, 0xF81F, 0xF81F, 0xF81F, 0xF81F, 0xF81F, 0xF81F, 0xF81F,
    0xF81F, 0xF81F, 0xF81F, 0xF81F, 0xF81F, 0xF81F, 0xF81F, 0xF81F, 0xF81F, 0xF81F, 0xF81F, 0xF81F,
    0xF81F, 0xF81F, 0xF81F, 0xF81F, 0xF81F, 0xF81F, 0xF81F, 0xF81F, 0xF81F, 0xF81F, 0xF81F, 0xF81F,
    0xF81F, 0xF81F, 0xF81F, 0xF81F, 0xF81F, 0xF81F, 0xF81F, 0xF81F, 0xF81F, 0xF81F, 0xF81F, 0xF81F,
    0xF81F, 0xF81F, 0xF81F, 0xF81F, 0xF81F, 0xF81F, 0xF81F, 0xF81F, 0xF81F, 0xF81F, 0xF81F, 0xF81F,
    0xF81F, 0xF81F, 0xF81F, 0xF81F, 0xF81F, 0xF81F, 0xF81F, 0xF81F, 0xF81F, 0xF81F, 0xF81F, 0xF81F,
    0xF81F, 0xF81F, 0xF81F, 0xF81F, 0xF81F, 0xF81F, 0xF81F, 0xF81F, 0xF81F, 0xF81F, 0xF81F, 0xF81F,
    0xF81F, 0xF81F, 0xF81F, 0xF81F, 0xF81F, 0xF81F, 0xF81F, 0xF81F, 0xF81F, 0xF81F, 0xF81F, 0xF81F,
    0xF81F, 0xF81F, 0xF81F, 0xF81F, 0xF81F, 0xF81F, 0xF81F, 0xF81F, 0xF81F, 0xF81F, 0xF81F, 0xF81F,
    0xF81F, 0xF81F, 0xF81F, 0xF81F, 0xF81F, 0xF81F, 0xF81F, 0xF81F, 0xF81F, 0xF81F, 0xF81F, 0xF81F,
    0xF81F, 0xF81F, 0xF81F, 0xF81F, 0xF81F, 0xF81F, 0xF81F, 0xF81F, 0xF81F, 0xF81F, 0xF81F, 0xF81F,
    0xF81F, 0xF81F, 0xF81F, 0xF81F, 0xF81F, 0xF81F, 0xF81F, 0xF81F, 0xF81F, 0xF81F, 0xF81F, 0xF81F,
    0xF81F, 0xF81F, 0xF81F, 0xF81F, 0xF81F, 0xF81F, 0xF81F, 0xF81F, 0xF81F, 0xF81F, 0xF81F, 0xF81F,
    0xF81F, 0xF81F, 0xF81F, 0xF81F, 0xF81F, 0xF81F, 0xF81F, 0xF81F, 0xF81F, 0xF81F, 0xF81F, 0xF81F,
    0xF81F, 0xF81F, 0xF81F, 0xF81F, 0xF81F, 0xF81F, 0xF81F, 0xF81F, 0xF81F, 0xF81F, 0xF81F, 0xF81F,
    0xF81F, 0xF81F, 0xF81F, 0xF81F, 0xF81F, 0xF81F, 0xF81F, 0xF81F, 0xF81F, 0xF81F, 0xF81F, 0xF81F,
    0xF81F, 0xF81F, 0xF81F, 0xF81F, 0xF81F, 0xF81F, 0xF81F, 0xF81F, 0xF81F, 0xF81F, 0xF81F, 0xF81F,
    0xF81F, 0xF81F, 0xF81F, 0xF81F, 0xF81F, 0xF81F, 0xF81F, 0xF81F, 0xF81F, 0xF81F, 0xF81F, 0xF81F,
    0xF81F, 0xF81F, 0xF81F, 0xF81F, 0xF81F, 0xF81F, 0xF81F, 0xF81F, 0xF81F, 0xF81F, 0xF81F, 0xF81F,
    0xF81F, 0xF81F, 0xF81F, 0xF81F, 0xF81F, 0xF81F, 0xF81F, 0xF81F, 0xF81F, 0xF81F, 0xF81F, 0xF81F,
    0xF81F, 0xF81F, 0xF81F, 0xF81F, 0xF81F, 0xF81F, 0xF81F, 0xF81F, 0xF81F, 0xF81F, 0xF81F, 0xF81F,
    0xF81F, 0xF81F, 0xF81F, 0xF81F, 0xF81F, 0xF81F, 0xF81F, 0xF81F, 0xF81F, 0xF81F, 0xF81F, 0xF81F,
    0xF81F, 0xF81F, 0xF81F, 0xF81F, 0xF81F, 0xF81F, 0xF81F, 0xF81F, 0xF81F, 0xF81F, 0xF81F, 0xF81F,
    0xF81F, 0xF81F, 0xF81F, 0xF81F, 0xF81F, 0xF81F, 0xF81F, 0xF81F, 0xF81F, 0xF81F, 0xF81F, 0xF81F,
    0xF81F, 0xF81F, 0xF81F, 0xF81F, 0xF81F, 0xF81F, 0xF81F, 0xF81F, 0xF81F, 0xF81F, 0xF81F, 0xF81F,
    0xF81F, 0xF81F, 0xF81F, 0xF81F, 0xF81F, 0xF81F, 0xF81F, 0xF81F, 0xF81F, 0xF81F, 0xF81F, 0xF81F,
    0xF81F, 0xF81F, 0xF81F, 0xF81F, 0xF81F, 0xF81F, 0xF81F, 0xF81F, 0xF81F, 0xF81F, 0xF81F, 0xF81F,
    0xF81F, 0xF81F, 0xF81F, 0xF81F, 0xF81F, 0xF81F, 0xF81F, 0xF81F, 0xF81F, 0xF81F, 0xF81F, 0xF81F,
    0xF81F, 0xF81F, 0xF81F, 0xF81F, 0xF81F, 0xF81F, 0xF81F, 0xF81F, 0xF81F, 0xF81F, 0xF81F, 0xF81F,
    0xF81F, 0xF81F, 0xF81F, 0xF81F, 0xF81F, 0xF81F, 0xF81F, 0xF81F, 0xF81F, 0xF81F, 0xF81F, 0xF81F,
    0xF81F, 0xF81F, 0xF81F, 0xF81F, 0xF81F, 0xF81F, 0x1002, 0x0000, 0x0000, 0x0000, 0x0000, 0x0000,
    0x0000, 0x0000, 0xF81F, 0xF81F, 0xF81F, 0xF81F, 0xF81F, 0xF81F, 0xF81F, 0xF81F, 0xF81F, 0xF81F,
    0xF81F, 0xF81F, 0xF81F, 0xF81F, 0xF81F, 0xF81F, 0xF81F, 0xF81F, 0xF81F, 0xF81F, 0xF81F, 0xF81F,
    0xF81F, 0xF81F, 0xF81F, 0xF81F, 0xF81F, 0xF81F, 0xF81F, 0xF81F, 0xF81F, 0xF81F, 0xF81F, 0xF81F,
    0xF81F, 0xF81F, 0xF81F, 0xF81F, 0xF81F, 0xF81F, 0xF81F, 0xF81F, 0xF81F, 0xF81F, 0xF81F, 0xF81F,
    0xF81F, 0xF81F, 0xF81F, 0xF81F, 0xF81F, 0xF81F, 0xF81F, 0xF81F, 0xF81F, 0xF81F, 0xF81F, 0xF81F,
    0xF81F, 0xF81F, 0xF81F, 0xF81F, 0xF81F, 0xF81F, 0xF81F, 0xF81F, 0xF81F, 0xF81F, 0xF81F, 0xF81F,
    0xF81F, 0xF81F, 0xF81F, 0xF81F, 0xF81F, 0xF81F, 0xF81F, 0xF81F, 0xF81F, 0xF81F, 0xF81F, 0xF81F,
    0xF81F, 0xF81F, 0xF81F, 0xF81F, 0xF81F, 0xF81F, 0x0000, 0x2104, 0x6B4D, 0x630C, 0x630C, 0x632D,
    0x62EC, 0x0020, 0x1003, 0xF81F, 0xF81F, 0xF81F, 0xF81F, 0xF81F, 0xF81F, 0xF81F, 0xF81F, 0xF81F,
    0xF81F, 0xF81F, 0xF81F, 0xF81F, 0xF81F, 0xF81F, 0xF81F, 0xF81F, 0xF81F, 0xF81F, 0xF81F, 0xF81F,
    0xF81F, 0xF81F, 0xF81F, 0xF81F, 0xF81F, 0xF81F, 0xF81F, 0xF81F, 0xF81F, 0xF81F, 0xF81F, 0xF81F,
    0xF81F, 0xF81F, 0xF81F, 0xF81F, 0xF81F, 0xF81F, 0xF81F, 0xF81F, 0xF81F, 0xF81F, 0xF81F, 0xF81F,
    0xF81F, 0xF81F, 0xF81F, 0xF81F, 0xF81F, 0xF81F, 0xF81F, 0xF81F, 0xF81F, 0xF81F, 0xF81F, 0xF81F,
    0xF81F, 0xF81F, 0xF81F, 0xF81F, 0xF81F, 0xF81F, 0xF81F, 0xF81F, 0xF81F, 0xF81F, 0xF81F, 0xF81F,
    0xF81F, 0xF81F, 0xF81F, 0xF81F, 0xF81F, 0xF81F, 0xF81F, 0xF81F, 0xF81F, 0xF81F, 0xF81F, 0xF81F,
    0xF81F, 0xF81F, 0xF81F, 0xF81F, 0x0801, 0x0820, 0x1860, 0x732B, 0xFFFF, 0xFFFF, 0xFFFF, 0xFFFF,
    0xF77C, 0x1081, 0xF81F, 0xF81F, 0xF81F, 0xF81F, 0xF81F, 0xF81F, 0xF81F, 0xF81F, 0xF81F, 0xF81F,
    0xF81F, 0xF81F, 0xF81F, 0xF81F, 0xF81F, 0xF81F, 0xF81F, 0xF81F, 0xF81F, 0xF81F, 0xF81F, 0xF81F,
    0xF81F, 0xF81F, 0xF81F, 0xF81F, 0xF81F, 0xF81F, 0xF81F, 0xF81F, 0xF81F, 0xF81F, 0xF81F, 0xF81F,
    0xF81F, 0xF81F, 0xF81F, 0xF81F, 0xF81F, 0xF81F, 0xF81F, 0xF81F, 0xF81F, 0xF81F, 0xF81F, 0xF81F,
    0xF81F, 0xF81F, 0xF81F, 0xF81F, 0xF81F, 0xF81F, 0xF81F, 0xF81F, 0xF81F, 0xF81F, 0xF81F, 0xF81F,
    0xF81F, 0xF81F, 0xF81F, 0xF81F, 0xF81F, 0xF81F, 0xF81F, 0xF81F, 0xF81F, 0xF81F, 0xF81F, 0xF81F,
    0xF81F, 0xF81F, 0xF81F, 0xF81F, 0xF81F, 0xF81F, 0xF81F, 0xF81F, 0xF81F, 0xF81F, 0xF81F, 0xF81F,
    0xF81F, 0xF81F, 0xF81F, 0xF81F, 0x0000, 0x2080, 0xF3C0, 0xF422, 0xF486, 0xDA43, 0xEAE3, 0xFB83,
    0xE342, 0x0840, 0xF81F, 0xF81F, 0xF81F, 0xF81F, 0xF81F, 0xF81F, 0xF81F, 0xF81F, 0xF81F, 0xF81F,
    0xF81F, 0xF81F, 0xF81F, 0xF81F, 0xF81F, 0xF81F, 0xF81F, 0xF81F, 0xF81F, 0xF81F, 0xF81F, 0xF81F,
    0xF81F, 0xF81F, 0xF81F, 0xF81F, 0xF81F, 0xF81F, 0xF81F, 0xF81F, 0xF81F, 0xF81F, 0xF81F, 0xF81F,
    0xF81F, 0xF81F, 0xF81F, 0xF81F, 0xF81F, 0xF81F, 0xF81F, 0xF81F, 0xF81F, 0xF81F, 0xF81F, 0xF81F,
    0xF81F, 0xF81F, 0xF81F, 0xF81F, 0xF81F, 0xF81F, 0xF81F, 0xF81F, 0xF81F, 0xF81F, 0xF81F, 0xF81F,
    0xF81F, 0xF81F, 0xF81F, 0xF81F, 0xF81F, 0xF81F, 0xF81F, 0xF81F, 0xF81F, 0xF81F, 0xF81F, 0xF81F,
    0xF81F, 0xF81F, 0xF81F, 0xF81F, 0xF81F, 0xF81F, 0xF81F, 0xF81F, 0xF81F, 0xF81F, 0xF81F, 0xF81F,
    0xF81F, 0xF81F, 0x0801, 0x1840, 0xBA80, 0xD320, 0xFC40, 0xF2E0, 0xD0C0, 0xC880, 0xF280, 0xFB20,
    0xEB00, 0x0820, 0x0000, 0x1823, 0xF81F, 0xF81F, 0xF81F, 0xF81F, 0xF81F, 0xF81F, 0xF81F, 0xF81F,
    0xF81F, 0xF81F, 0xF81F, 0xF81F, 0xF81F, 0xF81F, 0xF81F, 0xF81F, 0xF81F, 0xF81F, 0xF81F, 0xF81F,
    0xF81F, 0xF81F, 0xF81F, 0xF81F, 0xF81F, 0xF81F, 0xF81F, 0xF81F, 0xF81F, 0xF81F, 0xF81F, 0xF81F,
    0xF81F, 0xF81F, 0xF81F, 0xF81F, 0xF81F, 0xF81F, 0xF81F, 0xF81F, 0xF81F, 0xF81F, 0xF81F, 0xF81F,
    0xF81F, 0xF81F, 0xF81F, 0xF81F, 0xF81F, 0xF81F, 0xF81F, 0xF81F, 0xF81F, 0xF81F, 0xF81F, 0xF81F,
    0xF81F, 0xF81F, 0xF81F, 0xF81F, 0xF81F, 0xF81F, 0xF81F, 0xF81F, 0xF81F, 0xF81F, 0xF81F, 0xF81F,
    0xF81F, 0xF81F, 0xF81F, 0xF81F, 0xF81F, 0xF81F, 0xF81F, 0xF81F, 0xF81F, 0xF81F, 0xF81F, 0xF81F,
    0xF81F, 0xF81F, 0x0000, 0x0820, 0xFB60, 0xFB80, 0xE180, 0xD100, 0xD960, 0xF2C0, 0xEA60, 0xD960,
    0xD180, 0xC200, 0x7940, 0x0000, 0xF81F, 0xF81F, 0xF81F, 0xF81F, 0xF81F, 0xF81F, 0xF81F, 0xF81F,
    0xF81F, 0xF81F, 0xF81F, 0xF81F, 0xF81F, 0xF81F, 0xF81F, 0xF81F, 0xF81F, 0xF81F, 0xF81F, 0xF81F,
    0xF81F, 0xF81F, 0xF81F, 0xF81F, 0xF81F, 0xF81F, 0xF81F, 0xF81F, 0xF81F, 0xF81F, 0xF81F, 0xF81F,
    0xF81F, 0xF81F, 0xF81F, 0xF81F, 0xF81F, 0xF81F, 0xF81F, 0xF81F, 0xF81F, 0xF81F, 0xF81F, 0xF81F,
    0xF81F, 0xF81F, 0xF81F, 0xF81F, 0xF81F, 0xF81F, 0xF81F, 0xF81F, 0xF81F, 0xF81F, 0xF81F, 0xF81F,
    0xF81F, 0xF81F, 0xF81F, 0xF81F, 0xF81F, 0xF81F, 0xF81F, 0xF81F, 0xF81F, 0xF81F, 0xF81F, 0xF81F,
    0xF81F, 0xF81F, 0xF81F, 0xF81F, 0xF81F, 0xF81F, 0xF81F, 0xF81F, 0xF81F, 0xF81F, 0xF81F, 0xF81F,
    0xF81F, 0xF81F, 0x2880, 0x5900, 0xEAA0, 0xEA60, 0xD080, 0xD920, 0xFA80, 0xFAE0, 0xE1E0, 0xD0C0,
    0xD920, 0xFA80, 0xB9E0, 0x1820, 0xF81F, 0xF81F, 0xF81F, 0xF81F, 0xF81F, 0xF81F, 0xF81F, 0xF81F,
    0xF81F, 0xF81F, 0xF81F, 0xF81F, 0xF81F, 0xF81F, 0xF81F, 0xF81F, 0xF81F, 0xF81F, 0xF81F, 0xF81F,
    0xF81F, 0xF81F, 0xF81F, 0xF81F, 0xF81F, 0xF81F, 0xF81F, 0xF81F, 0xF81F, 0xF81F, 0xF81F, 0xF81F,
    0xF81F, 0xF81F, 0xF81F, 0xF81F, 0xF81F, 0xF81F, 0xF81F, 0xF81F, 0xF81F, 0xF81F, 0xF81F, 0xF81F,
    0xF81F, 0xF81F, 0xF81F, 0xF81F, 0xF81F, 0xF81F, 0xF81F, 0xF81F, 0xF81F, 0xF81F, 0xF81F, 0xF81F,
    0xF81F, 0xF81F, 0xF81F, 0xF81F, 0xF81F, 0xF81F, 0xF81F, 0xF81F, 0xF81F, 0xF81F, 0xF81F, 0xF81F,
    0xF81F, 0xF81F, 0xF81F, 0xF81F, 0xF81F, 0xF81F, 0x0000, 0x0000, 0x0000, 0x0000, 0x0000, 0x0000,
    0x0000, 0x0000, 0x99A0, 0xFB00, 0xD0C0, 0xD0C0, 0xD0E0, 0xE180, 0xF220, 0xE120, 0xE140, 0xEA00,
    0xEA00, 0xE9E0, 0xD980, 0xC940, 0x4080, 0x0000, 0xF81F, 0xF81F, 0xF81F, 0xF81F, 0xF81F, 0xF81F,
    0xF81F, 0xF81F, 0xF81F, 0xF81F, 0xF81F, 0xF81F, 0xF81F, 0xF81F, 0xF81F, 0xF81F, 0xF81F, 0xF81F,
    0xF81F, 0xF81F, 0xF81F, 0xF81F, 0xF81F, 0xF81F, 0xF81F, 0xF81F, 0xF81F, 0xF81F, 0xF81F, 0xF81F,
    0xF81F, 0xF81F, 0xF81F, 0xF81F, 0xF81F, 0xF81F, 0xF81F, 0xF81F, 0xF81F, 0xF81F, 0xF81F, 0xF81F,
    0xF81F, 0xF81F, 0xF81F, 0xF81F, 0xF81F, 0xF81F, 0xF81F, 0xF81F, 0xF81F, 0xF81F, 0xF81F, 0xF81F,
    0xF81F, 0xF81F, 0xF81F, 0xF81F, 0xF81F, 0xF81F, 0xF81F, 0xF81F, 0xF81F, 0xF81F, 0xF81F, 0xF81F,
    0xF81F, 0xF81F, 0xF81F, 0x0002, 0x0001, 0x0000, 0x0000, 0x30E0, 0xB380, 0xAB60, 0xB380, 0xB3A0,
    0xB2A0, 0xBAC0, 0xE320, 0xFAE0, 0xC880, 0xC860, 0xC860, 0xC8A0, 0xD0C0, 0xC880, 0xD0A0, 0xD0C0,
    0xD0C0, 0xD920, 0xEA00, 0xFA20, 0x50C0, 0x0000, 0xF81F, 0xF81F, 0xF81F, 0xF81F, 0xF81F, 0xF81F,
    0xF81F, 0xF81F, 0xF81F, 0xF81F, 0xF81F, 0xF81F, 0xF81F, 0xF81F, 0xF81F, 0xF81F, 0xF81F, 0xF81F,
    0xF81F, 0xF81F, 0xF81F, 0xF81F, 0xF81F, 0xF81F, 0xF81F, 0xF81F, 0x0000, 0x0000, 0x0000, 0x0000,
    0x0000, 0x0801, 0xF81F, 0xF81F, 0xF81F, 0xF81F, 0xF81F, 0xF81F, 0xF81F, 0xF81F, 0xF81F, 0xF81F,
    0xF81F, 0xF81F, 0xF81F, 0xF81F, 0xF81F, 0xF81F, 0xF81F, 0xF81F, 0xF81F, 0xF81F, 0xF81F, 0xF81F,
    0xF81F, 0xF81F, 0xF81F, 0xF81F, 0xF81F, 0xF81F, 0xF81F, 0xF81F, 0xF81F, 0xF81F, 0xF81F, 0xF81F,
    0x0802, 0x0000, 0x0000, 0x5960, 0x69A0, 0x71C0, 0x7A40, 0xB300, 0xFCA0, 0xFCA0, 0xFCE0, 0xFCC0,
    0xFB00, 0xFAE0, 0xFA80, 0xEA00, 0xE9E0, 0xEA00, 0xEA40, 0xD960, 0xC860, 0xE1A0, 0xD100, 0xD080,
    0xC880, 0xD0C0, 0xE180, 0xE9A0, 0x80C0, 0x2820, 0xF81F, 0xF81F, 0xF81F, 0xF81F, 0xF81F, 0xF81F,
    0xF81F, 0xF81F, 0xF81F, 0xF81F, 0xF81F, 0xF81F, 0xF81F, 0xF81F, 0xF81F, 0xF81F, 0xF81F, 0xF81F,
    0xF81F, 0xF81F, 0xF81F, 0xF81F, 0xF81F, 0x0001, 0x0000, 0x28C0, 0x6A44, 0x62CC, 0x62EC, 0x6B2D,
    0x2924, 0x0000, 0xF81F, 0xF81F, 0xF81F, 0xF81F, 0xF81F, 0xF81F, 0xF81F, 0xF81F, 0xF81F, 0xF81F,
    0xF81F, 0xF81F, 0xF81F, 0xF81F, 0xF81F, 0xF81F, 0xF81F, 0xF81F, 0xF81F, 0xF81F, 0xF81F, 0xF81F,
    0xF81F, 0xF81F, 0xF81F, 0xF81F, 0xF81F, 0xF81F, 0xF81F, 0xF81F, 0xF81F, 0xF81F, 0x0802, 0x0802,
    0x0800, 0x1840, 0x2880, 0xF380, 0xFC00, 0xFC20, 0xFC60, 0xFBE0, 0xFAE0, 0xFB20, 0xFB00, 0xFB20,
    0xF220, 0xF1E0, 0xE0E0, 0xE0A0, 0xFB40, 0xFB80, 0xFBE0, 0xEA60, 0xD8A0, 0xFB20, 0xE1A0, 0xD080,
    0xD8A0, 0xD0A0, 0xD080, 0xD060, 0xE0A0, 0xA8C0, 0x0000, 0x0000, 0x0000, 0x0800, 0xF81F, 0xF81F,
    0xF81F, 0x0001, 0xF81F, 0xF81F, 0xF81F, 0xF81F, 0xF81F, 0xF81F, 0xF81F, 0xF81F, 0xF81F, 0xF81F,
    0xF81F, 0xF81F, 0xF81F, 0xF81F, 0x1003, 0x1860, 0x1860, 0x8B07, 0xFEF4, 0xFFDF, 0xFFBF, 0xFFFF,
    0x6288, 0x0000, 0xF81F, 0xF81F, 0xF81F, 0xF81F, 0xF81F, 0xF81F, 0xF81F, 0xF81F, 0xF81F, 0xF81F,
    0xF81F, 0xF81F, 0xF81F, 0xF81F, 0xF81F, 0xF81F, 0xF81F, 0xF81F, 0xF81F, 0xF81F, 0xF81F, 0xF81F,
    0xF81F, 0xF81F, 0xF81F, 0xF81F, 0xF81F, 0xF81F, 0xF81F, 0xF81F, 0x2023, 0x1022, 0x0000, 0x1840,
    0xE3C0, 0xEB00, 0xC860, 0xC080, 0xF2A0, 0xFB40, 0xFAA0, 0xFB40, 0xFC20, 0xFBC0, 0xE960, 0xF1C0,
    0xFC40, 0xFBA0, 0xF1A0, 0xF200, 0xE0E0, 0xE0C0, 0xE100, 0xE9E0, 0xFAC0, 0xFB00, 0xE140, 0xD040,
    0xD060, 0xD060, 0xD060, 0xD080, 0xD8C0, 0xE160, 0xA8E0, 0xB140, 0x8920, 0x0000, 0x0002, 0x0802,
    0x0841, 0x1061, 0x0821, 0x1003, 0xF81F, 0xF81F, 0xF81F, 0xF81F, 0xF81F, 0xF81F, 0xF81F, 0xF81F,
    0xF81F, 0xF81F, 0xF81F, 0x0000, 0x28C0, 0xEC60, 0xF4A0, 0xF694, 0xF7FF, 0xEBE7, 0xEA61, 0xFA81,
    0x50E0, 0x0000, 0xF81F, 0xF81F, 0xF81F, 0xF81F, 0xF81F, 0xF81F, 0xF81F, 0xF81F, 0xF81F, 0xF81F,
    0xF81F, 0xF81F, 0xF81F, 0xF81F, 0xF81F, 0xF81F, 0xF81F, 0xF81F, 0xF81F, 0xF81F, 0xF81F, 0xF81F,
    0xF81F, 0xF81F, 0xF81F, 0xF81F, 0xF81F, 0xF81F, 0xF81F, 0xF81F, 0x0000, 0x28C0, 0xDC20, 0xDBC0,
    0xF260, 0xE1A0, 0xD020, 0xD040, 0xE160, 0xEA20, 0xFB60, 0xFB40, 0xFB40, 0xFB40, 0xFA80, 0xFAC0,
    0xFBA0, 0xFB80, 0xFAC0, 0xFB40, 0xF280, 0xEA40, 0xD8A0, 0xE9E0, 0xFB00, 0xFAE0, 0xF200, 0xE960,
    0xE980, 0xE980, 0xE160, 0xD080, 0xD8C0, 0xFA20, 0xFA41, 0xF940, 0xD160, 0x60E0, 0x3040, 0x0000,
    0xCD07, 0xF6AA, 0x6A63, 0x0000, 0xF81F, 0xF81F, 0xF81F, 0xF81F, 0xF81F, 0xF81F, 0xF81F, 0xF81F,
    0x0803, 0x0000, 0x0820, 0xD340, 0xE400, 0xFCE0, 0xFC20, 0xFBC3, 0xFBA5, 0xD9A0, 0xD960, 0xFA40,
    0x50E0, 0x0000, 0xF81F, 0xF81F, 0xF81F, 0xF81F, 0xF81F, 0xF81F, 0xF81F, 0xF81F, 0xF81F, 0xF81F,
    0xF81F, 0xF81F, 0xF81F, 0xF81F, 0xF81F, 0xF81F, 0xF81F, 0xF81F, 0xF81F, 0xF81F, 0xF81F, 0xF81F,
    0xF81F, 0xF81F, 0xF81F, 0xF81F, 0xF81F, 0x0001, 0x0001, 0x40E1, 0x9B00, 0xBB00, 0xF280, 0xEA20,
    0xD020, 0xD840, 0xD880, 0xD880, 0xD020, 0xD0A0, 0xFBA0, 0xFAE0, 0xFA20, 0xFAC0, 0xFB80, 0xFB80,
    0xFB40, 0xFB40, 0xFBA0, 0xFBA0, 0xFBE0, 0xFBE0, 0xE920, 0xEA20, 0xFB20, 0xFAA0, 0xFAC0, 0xFAE0,
    0xFAC0, 0xFAE0, 0xFAA0, 0xD060, 0xD840, 0xFBC4, 0xF64D, 0xD8C0, 0xE120, 0xFAC0, 0xD940, 0xB080,
    0xDA00, 0xFA61, 0x6100, 0x0000, 0xF81F, 0xF81F, 0xF81F, 0xF81F, 0xF81F, 0xF81F, 0xF81F, 0x1823,
    0x1841, 0x40E0, 0xA260, 0xFC40, 0xFC00, 0xF2E0, 0xFB00, 0xF260, 0xE1C0, 0xD0E0, 0xD940, 0xFA80,
    0x50E0, 0x0000, 0xF81F, 0xF81F, 0xF81F, 0xF81F, 0xF81F, 0xF81F, 0xF81F, 0xF81F, 0xF81F, 0xF81F,
    0xF81F, 0xF81F, 0xF81F, 0xF81F, 0xF81F, 0xF81F, 0xF81F, 0xF81F, 0xF81F, 0xF81F, 0xF81F, 0xF81F,
    0xF81F, 0xF81F, 0xF81F, 0xF81F, 0xF81F, 0x2060, 0x30E0, 0x8A00, 0xFB80, 0xF2C0, 0xD820, 0xD820,
    0xE080, 0xD880, 0xD880, 0xD880, 0xD860, 0xD8A0, 0xF180, 0xF1E0, 0xFAE0, 0xFBC0, 0xF1C0, 0xF220,
    0xFBE0, 0xF200, 0xFB00, 0xFBE0, 0xFA60, 0xFA80, 0xFB40, 0xFB40, 0xFB00, 0xFAA0, 0xFAA0, 0xFAA0,
    0xFA80, 0xFAA0, 0xFAA0, 0xE9C0, 0xE9A0, 0xFB41, 0xF507, 0xE0C0, 0xE100, 0xFB00, 0xE120, 0xD040,
    0xC840, 0xD840, 0x80A0, 0x3880, 0x3023, 0xF81F, 0xF81F, 0xF81F, 0xF81F, 0xF81F, 0x0001, 0x0000,
    0xCB00, 0xFC40, 0xFC40, 0xE1C0, 0xE160, 0xE120, 0xF260, 0xD9A0, 0xC080, 0xD920, 0xA900, 0x6900,
    0x4082, 0xF81F, 0xF81F, 0xF81F, 0xF81F, 0xF81F, 0xF81F, 0xF81F, 0xF81F, 0xF81F, 0xF81F, 0xF81F,
    0xF81F, 0xF81F, 0xF81F, 0xF81F, 0xF81F, 0xF81F, 0xF81F, 0xF81F, 0xF81F, 0xF81F, 0xF81F, 0xF81F,
    0xF81F, 0xF81F, 0xF81F, 0x0000, 0x1840, 0xFB80, 0xFBA0, 0xF260, 0xD000, 0xD840, 0xE080, 0xE0A0,
    0xD880, 0xD880, 0xD880, 0xD880, 0xE080, 0xB8A0, 0x5060, 0xB160, 0xFA80, 0xFAE0, 0xFA60, 0xFAA0,
    0xF280, 0xF1A0, 0xFAE0, 0xFB80, 0xFA60, 0xFA80, 0xFBA0, 0xF2A0, 0xE1A0, 0xFAA0, 0xFAA0, 0xFAA0,
    0xFAA0, 0xFA80, 0xFA60, 0xFAC0, 0xFAC0, 0xFAA0, 0xFA80, 0xF220, 0xF220, 0xFAC0, 0xF220, 0xEA00,
    0xD0C0, 0xC820, 0xE960, 0xEA60, 0x0000, 0x0000, 0x0000, 0x0000, 0x0000, 0x0000, 0x71E0, 0xBB40,
    0xEAE0, 0xF260, 0xEA40, 0xD0E0, 0xE180, 0xF280, 0xD960, 0xD100, 0xC8E0, 0xF140, 0x80C0, 0x0000,
    0xF81F, 0xF81F, 0xF81F, 0xF81F, 0xF81F, 0xF81F, 0xF81F, 0xF81F, 0xF81F, 0xF81F, 0xF81F, 0xF81F,
    0xF81F, 0xF81F, 0xF81F, 0xF81F, 0xF81F, 0xF81F, 0xF81F, 0xF81F, 0xF81F, 0xF81F, 0xF81F, 0xF81F,
    0xF81F, 0xF81F, 0xF81F, 0x0800, 0x40C0, 0xFB60, 0xE140, 0xD880, 0xD8C0, 0xD8E0, 0xD8C0, 0xD860,
    0xD860, 0xD860, 0xD8E0, 0xF2A0, 0xFAC0, 0xCA60, 0x0020, 0x68E0, 0xE1C0, 0xE9C0, 0xFAA0, 0xFAE0,
    0xF1A0, 0xF1C0, 0xFA20, 0xFA60, 0xFA80, 0xFAC0, 0xFBA0, 0xEA20, 0xD900, 0xFAC0, 0xFA60, 0xFBE8,
    0xFF5C, 0xF3C9, 0xFA20, 0xFAA0, 0xFA60, 0xFA80, 0xFAA0, 0xFAC0, 0xFAC0, 0xFA80, 0xFAA0, 0xFAC0,
    0xE120, 0xD8A0, 0xE9A0, 0xF280, 0xB1C0, 0xA9A0, 0xA9A0, 0xA9A0, 0xB1C0, 0xA9A0, 0xEB00, 0xFC20,
    0xEA00, 0xE100, 0xE120, 0xD900, 0xE1A0, 0xF260, 0xD120, 0xD0C0, 0xC900, 0x5880, 0x3040, 0x1001,
    0xF81F, 0xF81F, 0xF81F, 0xF81F, 0xF81F, 0xF81F, 0xF81F, 0xF81F, 0xF81F, 0xF81F, 0xF81F, 0xF81F,
    0xF81F, 0xF81F, 0xF81F, 0xF81F, 0xF81F, 0xF81F, 0xF81F, 0xF81F, 0xF81F, 0xF81F, 0xF81F, 0xF81F,
    0xF81F, 0x0002, 0x1840, 0xEB20, 0xFBC0, 0xF220, 0xD800, 0xEA00, 0xFC80, 0xFC80, 0xFBA0, 0xF9E0,
    0xFA60, 0xF260, 0xFAA0, 0xFB20, 0xFB20, 0xFB00, 0xF320, 0x28A0, 0x1800, 0xF9E0, 0xE980, 0xE180,
    0xFB40, 0xFB60, 0xE940, 0xE980, 0xFB60, 0xFB60, 0xE940, 0xF1E0, 0xFA80, 0xFAA0, 0xFA00, 0xF3C7,
    0xFFFF, 0xF3E8, 0xF9A0, 0xFA60, 0xE140, 0xE160, 0xFAA0, 0xFA20, 0xFA40, 0xFA80, 0xFA80, 0xFA80,
    0xFAA0, 0xFA80, 0xFA60, 0xFA60, 0xFA80, 0xFA80, 0xFAA0, 0xFAA0, 0xFAA0, 0xFAA0, 0xFA80, 0xFA80,
    0xD920, 0xD0C0, 0xD900, 0xFAC0, 0xE1E0, 0xC880, 0xE120, 0xC0E0, 0x88A0, 0x0000, 0xF81F, 0xF81F,
    0xF81F, 0xF81F, 0xF81F, 0xF81F, 0xF81F, 0xF81F, 0xF81F, 0xF81F, 0xF81F, 0xF81F, 0xF81F, 0xF81F,
    0xF81F, 0xF81F, 0xF81F, 0xF81F, 0xF81F, 0xF81F, 0xF81F, 0xF81F, 0xF81F, 0xF81F, 0xF81F, 0xF81F,
    0xF81F, 0x40E0, 0x6960, 0xF220, 0xF220, 0xE960, 0xE080, 0xC180, 0x8A60, 0x81E0, 0x81A0, 0x8140,
    0xB220, 0xFB20, 0xFB00, 0xFB00, 0xFB00, 0xFB00, 0xFB40, 0x99E0, 0x48A0, 0x70C0, 0xD960, 0xE980,
    0xF260, 0xF280, 0xE960, 0xE980, 0xF280, 0xFAA0, 0xF1A0, 0xF220, 0xFA60, 0xFA60, 0xFC6C, 0xFE15,
    0xFFDF, 0xF615, 0xFD50, 0xF44B, 0xE100, 0xE160, 0xF2C1, 0xFCED, 0xFC8B, 0xFAA0, 0xFA60, 0xFA20,
    0xFA20, 0xFA40, 0xFA60, 0xFA60, 0xFA40, 0xFA20, 0xF240, 0xFA60, 0xFA40, 0xFA40, 0xFA80, 0xFAA0,
    0xD100, 0xD940, 0xEA00, 0xE1C0, 0xE1A0, 0xD140, 0x80C0, 0x4860, 0x2020, 0xF81F, 0xF81F, 0xF81F,
    0xF81F, 0xF81F, 0xF81F, 0xF81F, 0xF81F, 0xF81F, 0xF81F, 0xF81F, 0xF81F, 0xF81F, 0xF81F, 0xF81F,
    0xF81F, 0xF81F, 0xF81F, 0xF81F, 0xF81F, 0xF81F, 0xF81F, 0xF81F, 0xF81F, 0xF81F, 0xF81F, 0x1002,
    0x0000, 0xEB40, 0xFBE0, 0xD8A0, 0xE080, 0xE0C0, 0xF0E0, 0x90A0, 0x0000, 0x2126, 0x1925, 0x0000,
    0x5900, 0xFB20, 0xFAE0, 0xFB20, 0xFB20, 0xFB00, 0xFB00, 0xFB40, 0xA1E0, 0x0000, 0xC140, 0xF9A0,
    0xE980, 0xE980, 0xE9A0, 0xE9C0, 0xE9A0, 0xF1C0, 0xF240, 0xFA40, 0xFA60, 0xFA80, 0xFF1C, 0xFFFF,
    0xFFBF, 0xFFFF, 0xFFFF, 0xF5D5, 0xE100, 0xE960, 0xEAC4, 0xFFFF, 0xF75D, 0xFA60, 0xFBC6, 0xFD0D,
    0xFB87, 0xFB04, 0xFA80, 0xFA60, 0xFAC2, 0xFB65, 0xF324, 0xFA60, 0xFB03, 0xFB65, 0xFAA1, 0xFAC0,
    0xC900, 0xD9C0, 0xFAC0, 0xE180, 0xE1A0, 0xC9A0, 0x0000, 0x0000, 0xF81F, 0xF81F, 0xF81F, 0xF81F,
    0xF81F, 0xF81F, 0xF81F, 0xF81F, 0xF81F, 0xF81F, 0xF81F, 0xF81F, 0xF81F, 0xF81F, 0xF81F, 0xF81F,
    0xF81F, 0xF81F, 0xF81F, 0xF81F, 0xF81F, 0xF81F, 0xF81F, 0xF81F, 0xF81F, 0xF81F, 0xF81F, 0x0002,
    0x0000, 0xEBA0, 0xF260, 0xE0A0, 0xE0C0, 0xE060, 0xF8E0, 0x9900, 0x0000, 0xEF1C, 0xD67A, 0x0000,
    0x6960, 0xFB20, 0xFB00, 0xFAC0, 0xFAE0, 0xFB20, 0xFB00, 0xFB20, 0xA1E0, 0x0000, 0xC140, 0xF1A0,
    0xE9A0, 0xE9A0, 0xE960, 0xE920, 0xE920, 0xE940, 0xF200, 0xF240, 0xFA20, 0xF220, 0xFEB9, 0xFFDF,
    0xFFBF, 0xFF9E, 0xFFFF, 0xF552, 0xE8A0, 0xE100, 0xE242, 0xFFFF, 0xF6FB, 0xF160, 0xF530, 0xFFFF,
    0xFFFF, 0xF6B9, 0xFA00, 0xF9A0, 0xF409, 0xFFFF, 0xF657, 0xF120, 0xF656, 0xF7FF, 0xFAC1, 0xFA60,
    0xC920, 0xB080, 0xB080, 0xA880, 0x9860, 0x6860, 0x0000, 0xF81F, 0xF81F, 0xF81F, 0xF81F, 0xF81F,
    0xF81F, 0xF81F, 0xF81F, 0xF81F, 0xF81F, 0xF81F, 0xF81F, 0xF81F, 0xF81F, 0xF81F, 0xF81F, 0xF81F,
    0xF81F, 0xF81F, 0xF81F, 0xF81F, 0xF81F, 0xF81F, 0xF81F, 0xF81F, 0xF81F, 0xF81F, 0xF81F, 0x71C0,
    0xA2C0, 0xEA20, 0xE940, 0xD860, 0xEA82, 0xDC24, 0xB8E0, 0xA100, 0x0000, 0x31A7, 0x3186, 0x0000,
    0x6140, 0xFB20, 0xFB20, 0xFDF1, 0xFC48, 0xFAC0, 0xFB00, 0xFB20, 0xA1E0, 0x0000, 0xC940, 0xF9C0,
    0xF1C0, 0xF180, 0xF327, 0xFD51, 0xFD31, 0xFD10, 0xFAA1, 0xFA20, 0xFBC6, 0xF591, 0xFF5D, 0xFFDF,
    0xFFBF, 0xFFBF, 0xFFDF, 0xF6DA, 0xF512, 0xF532, 0xF5B4, 0xFFDF, 0xFF7E, 0xF552, 0xF6B9, 0xFFDF,
    0xFFDF, 0xFF7D, 0xFD92, 0xF552, 0xF657, 0xFFFF, 0xF73C, 0xF532, 0xFF5C, 0xFFFF, 0xFDF3, 0xFD91,
    0xE201, 0xD960, 0xD980, 0xD980, 0xD9A0, 0xB1A0, 0x0000, 0xF81F, 0xF81F, 0xF81F, 0xF81F, 0xF81F,
    0xF81F, 0xF81F, 0xF81F, 0xF81F, 0xF81F, 0xF81F, 0xF81F, 0xF81F, 0xF81F, 0xF81F, 0xF81F, 0xF81F,
    0xF81F, 0xF81F, 0xF81F, 0xF81F, 0xF81F, 0xF81F, 0xF81F, 0xF81F, 0xF81F, 0xF81F, 0x0000, 0xAAA0,
    0xFCA0, 0xE120, 0xE0E0, 0xE0A0, 0xE323, 0x7C24, 0x5860, 0xB180, 0x1040, 0x0800, 0x1000, 0x1040,
    0x71A1, 0xFB40, 0xF361, 0xF7FF, 0xFD50, 0xFAC0, 0xFB21, 0xFB20, 0xA200, 0x0000, 0x9920, 0xC160,
    0xB980, 0xB900, 0xC3AB, 0xD6FC, 0xD6DB, 0xCEBA, 0xC283, 0xD1E0, 0xF635, 0xFFFF, 0xFFBF, 0xFFBF,
    0xFFBF, 0xFFBF, 0xFFBF, 0xFFFF, 0xFFFF, 0xFFFF, 0xFFFF, 0xFFDF, 0xFFDF, 0xFFFF, 0xFFFF, 0xFFDF,
    0xFFDF, 0xFFDF, 0xFFFF, 0xFFFF, 0xF7FF, 0xF7BF, 0xF7DF, 0xF7FF, 0xF7DF, 0xF7BF, 0xF7FF, 0xF7FF,
    0xEAC3, 0xFA20, 0xFA80, 0xFAA0, 0xFAA0, 0xE280, 0x1840, 0xF81F, 0xF81F, 0xF81F, 0xF81F, 0xF81F,
    0xF81F, 0xF81F, 0xF81F, 0xF81F, 0xF81F, 0xF81F, 0xF81F, 0xF81F, 0xF81F, 0xF81F, 0xF81F, 0xF81F,
    0xF81F, 0xF81F, 0xF81F, 0xF81F, 0xF81F, 0xF81F, 0xF81F, 0xF81F, 0xF81F, 0xF81F, 0x0000, 0xA180,
    0xFA60, 0xFA40, 0xFA60, 0xFA40, 0xB9A0, 0x1800, 0x7100, 0xFAA0, 0xEAC0, 0xF2E0, 0xF2E0, 0xEAE0,
    0xF2E0, 0xFAC0, 0xFB20, 0xFFFF, 0xFD0E, 0xFA40, 0xFAA0, 0xFB00, 0xBA20, 0x0000, 0x0000, 0x0000,
    0x0000, 0x0000, 0x0000, 0x0000, 0x0000, 0x0000, 0x0000, 0x2144, 0xFFBF, 0xFFBF, 0xFFBF, 0xFFBF,
    0xFFBF, 0xFFBF, 0xFFBF, 0xFFBF, 0xFFBF, 0xFFBF, 0xFFBF, 0xFFDF, 0xFFBF, 0xFFBF, 0xFFDF, 0xFFFF,
    0xFFFF, 0xFFFF, 0xDEBB, 0xD69A, 0xE73D, 0xE75E, 0xE75E, 0xEF5E, 0xEF7F, 0xEF9F, 0xEFBF, 0xF7FF,
    0xEAC3, 0xF220, 0xEA20, 0xD100, 0xD920, 0xD140, 0xD160, 0x3060, 0x0001, 0xF81F, 0xF81F, 0xF81F,
    0xF81F, 0xF81F, 0xF81F, 0xF81F, 0xF81F, 0xF81F, 0xF81F, 0xF81F, 0xF81F, 0xF81F, 0xF81F, 0xF81F,
    0xF81F, 0xF81F, 0xF81F, 0xF81F, 0xF81F, 0xF81F, 0xF81F, 0xF81F, 0xF81F, 0xF81F, 0x0000, 0x4080,
    0x68E0, 0x68E0, 0x7100, 0xE1C0, 0xFA20, 0xFA80, 0xFA80, 0xFA80, 0xFAC0, 0xFAC0, 0xFAE0, 0xFB00,
    0xFD2C, 0xFDD1, 0xFDF3, 0xFFDF, 0xF6B8, 0xF591, 0xFDF2, 0x92C6, 0x3880, 0x0000, 0x89C0, 0x9A00,
    0x89E0, 0x89E0, 0x89E0, 0x89E0, 0x89E0, 0x89E0, 0x0800, 0x2965, 0xFFDF, 0xFFBF, 0xFFBF, 0xFFBF,
    0xFFBF, 0xFFBF, 0xFFBF, 0xFFBF, 0xFFBF, 0xFFDF, 0xFFDF, 0xFFDF, 0xFFDF, 0xFFFF, 0xF79F, 0xE73D,
    0xE75D, 0xE75D, 0xDEDB, 0xCE9A, 0x6B6D, 0x5B0C, 0x632C, 0x632D, 0x632D, 0x634D, 0x7B8E, 0xDC4D,
    0xEA61, 0xF240, 0xF240, 0xE9E0, 0xD980, 0xD0E0, 0xE180, 0x9940, 0x68E0, 0xF81F, 0xF81F, 0xF81F,
    0xF81F, 0xF81F, 0xF81F, 0xF81F, 0xF81F, 0xF81F, 0xF81F, 0xF81F, 0xF81F, 0xF81F, 0xF81F, 0xF81F,
    0xF81F, 0xF81F, 0xF81F, 0xF81F, 0xF81F, 0xF81F, 0xF81F, 0xF81F, 0xF81F, 0xF81F, 0x0801, 0x0000,
    0x0000, 0x0000, 0x0000, 0x4880, 0x7920, 0xCA40, 0xEB23, 0xFBA5, 0xF3C5, 0xFBE5, 0xFBE5, 0xFC26,
    0xFFBE, 0xFFFF, 0xFFFF, 0xFF9F, 0xF7DF, 0xF7FF, 0xF7FF, 0x4ACC, 0x0042, 0x18A2, 0xCA80, 0xEAE0,
    0xFAE0, 0xFAE0, 0xFB00, 0xFB00, 0xFB20, 0xF320, 0x1020, 0x2966, 0xFFDF, 0xFFBF, 0xFFBF, 0xFFBF,
    0xFFBF, 0xFFBF, 0xFFBF, 0xFFBF, 0xFFBF, 0xFFBF, 0xFFDF, 0xF7BF, 0xF79E, 0xF79E, 0xDEFC, 0xB5D7,
    0xBE17, 0xBE18, 0xB5F7, 0x9D34, 0x0000, 0x0000, 0x0000, 0x0000, 0x0000, 0x0000, 0x1000, 0xB0E0,
    0xE1C0, 0xEA00, 0xF240, 0xFB40, 0xF260, 0xD8C0, 0xE1A0, 0xF1E0, 0xE1E0, 0x0820, 0x0802, 0xF81F,
    0xF81F, 0xF81F, 0xF81F, 0xF81F, 0xF81F, 0xF81F, 0xF81F, 0xF81F, 0xF81F, 0xF81F, 0xF81F, 0xF81F,
    0xF81F, 0xF81F, 0xF81F, 0xF81F, 0xF81F, 0xF81F, 0xF81F, 0xF81F, 0xF81F, 0xF81F, 0xF81F, 0x1003,
    0x1020, 0xEA40, 0xFA80, 0xFAA0, 0x91C0, 0x0000, 0xB596, 0xFFFF, 0xFFDF, 0xFFFF, 0xFFFF, 0xFFDF,
    0xFFDF, 0xFFBF, 0xFFBF, 0xFFFF, 0xFFFF, 0xE71C, 0x0000, 0x736E, 0xEF5D, 0xBDF8, 0x0000, 0x2000,
    0xFA00, 0xF200, 0xFB40, 0xFB60, 0x1820, 0x0000, 0x0000, 0x39C7, 0xFFFF, 0xF7BF, 0xFFBF, 0xFFBF,
    0xFFBF, 0xFFDF, 0xFFDF, 0xFFDF, 0xFFDF, 0xFFDF, 0xFFFF, 0xE75E, 0xCE5A, 0xE73D, 0x8492, 0x0041,
    0x0062, 0x0041, 0x0020, 0x0000, 0xF81F, 0xF81F, 0xF81F, 0xF81F, 0xF81F, 0xF81F, 0x1843, 0x0020,
    0x80C0, 0xE140, 0xD980, 0xFB40, 0xF2C0, 0xE1E0, 0xD100, 0xD0C0, 0xC8E0, 0xD180, 0x68E0, 0x0000,
    0xF81F, 0xF81F, 0xF81F, 0xF81F, 0xF81F, 0xF81F, 0xF81F, 0xF81F, 0xF81F, 0xF81F, 0xF81F, 0xF81F,
    0xF81F, 0xF81F, 0xF81F, 0xF81F, 0xF81F, 0xF81F, 0xF81F, 0xF81F, 0xF81F, 0xF81F, 0xF81F, 0x0802,
    0x0800, 0x7920, 0x7940, 0x8180, 0x5120, 0x4208, 0xC638, 0xEF7E, 0xEF5D, 0xE75D, 0xEF9E, 0xFFFF,
    0xFFDF, 0xFFDF, 0xFFFF, 0xD6DB, 0x8C71, 0x6B6D, 0x4228, 0xAD35, 0xFFFF, 0xDEFC, 0x5AEB, 0x5A48,
    0x78E0, 0x7900, 0x81A0, 0x7980, 0x4A07, 0x5ACB, 0x528A, 0x8C51, 0xFFFF, 0xFFBF, 0xFFDF, 0xFFDF,
    0xFFDF, 0xEF5E, 0xE73D, 0xEF5E, 0xEF7E, 0xEF5E, 0xEF5D, 0xE73D, 0xC659, 0x6B8E, 0x4A08, 0x4840,
    0x58A0, 0x60C0, 0x3060, 0x0000, 0xF81F, 0xF81F, 0xF81F, 0xF81F, 0xF81F, 0xF81F, 0xF81F, 0xF81F,
    0x5081, 0x68A0, 0x80C0, 0xE9E0, 0xF2C0, 0xFC00, 0xD960, 0xD080, 0xC860, 0xF9C0, 0x9160, 0x1820,
    0x2844, 0xF81F, 0xF81F, 0xF81F, 0xF81F, 0xF81F, 0xF81F, 0xF81F, 0xF81F, 0xF81F, 0xF81F, 0xF81F,
    0xF81F, 0xF81F, 0xF81F, 0xF81F, 0xF81F, 0xF81F, 0xF81F, 0xF81F, 0xF81F, 0xF81F, 0xF81F, 0xF81F,
    0x0801, 0x0001, 0x0001, 0x0001, 0x0001, 0x94F3, 0xAD96, 0x9D55, 0xA555, 0xAD96, 0xD6DB, 0xF7BF,
    0xF79E, 0xF79E, 0xF7BE, 0x7C10, 0x0000, 0x1082, 0xCE7A, 0xEFBE, 0xFFFF, 0xF7DF, 0xFFFF, 0xC65A,
    0x0062, 0x0062, 0x0062, 0x0022, 0xC5F8, 0xFFFF, 0xFFFF, 0xFFFF, 0xF79F, 0xF79F, 0xF79F, 0xF79F,
    0xF79F, 0xCE9B, 0xC639, 0xB5D7, 0xB5D7, 0xB5D7, 0xB5D7, 0xBE18, 0x9CF4, 0x0000, 0x4820, 0xD900,
    0xE9C0, 0xFA60, 0x8960, 0x0000, 0xF81F, 0xF81F, 0xF81F, 0xF81F, 0xF81F, 0xF81F, 0xF81F, 0xF81F,
    0xF81F, 0x0000, 0x1820, 0xD140, 0xE1A0, 0xEA60, 0xF2C0, 0xF405, 0xF52B, 0xE1E0, 0xD960, 0xE200,
    0x40A0, 0x0000, 0xF81F, 0xF81F, 0xF81F, 0xF81F, 0xF81F, 0xF81F, 0xF81F, 0xF81F, 0xF81F, 0xF81F,
    0xF81F, 0xF81F, 0xF81F, 0xF81F, 0xF81F, 0xF81F, 0xF81F, 0xF81F, 0xF81F, 0xF81F, 0xF81F, 0xF81F,
    0xF81F, 0xF81F, 0xF81F, 0xF81F, 0xF81F, 0x0000, 0x0020, 0x0040, 0x0020, 0x52AB, 0xDF1C, 0xCE9A,
    0xCE9B, 0xCEDC, 0xBE59, 0x0000, 0x6B4D, 0xCE99, 0xC638, 0xCE7A, 0xD69A, 0xCE9B, 0xF7BE, 0xFFBF,
    0xEF5D, 0xEF5D, 0xEF7D, 0xEF5D, 0xF7BF, 0xFFDF, 0xCE7A, 0xC659, 0xD6DB, 0xD6DC, 0xD6DC, 0xD6DC,
    0xD6BB, 0xE73D, 0x9D35, 0x0841, 0x0840, 0x0040, 0x0840, 0x0040, 0x0020, 0x90C0, 0xD940, 0xD960,
    0xD180, 0xF200, 0x8140, 0x0000, 0xF81F, 0xF81F, 0xF81F, 0xF81F, 0xF81F, 0xF81F, 0xF81F, 0xF81F,
    0xF81F, 0x0801, 0x1021, 0x2860, 0x58A0, 0xE9C0, 0xF180, 0xF591, 0xFFFF, 0xED10, 0xE308, 0xE9A0,
    0x48C0, 0x0000, 0xF81F, 0xF81F, 0xF81F, 0xF81F, 0xF81F, 0xF81F, 0xF81F, 0xF81F, 0xF81F, 0xF81F,
    0xF81F, 0xF81F, 0xF81F, 0xF81F, 0xF81F, 0xF81F, 0xF81F, 0xF81F, 0xF81F, 0xF81F, 0xF81F, 0xF81F,
    0xF81F, 0xF81F, 0xF81F, 0xF81F, 0xF81F, 0xF81F, 0xF81F, 0x1824, 0x0000, 0x10A2, 0x3A07, 0x39E7,
    0x31E7, 0x3A07, 0x31E7, 0x3A07, 0xAD95, 0xE75C, 0xD6FB, 0xD6FB, 0xD6DB, 0xD6DB, 0xE75D, 0xE75E,
    0xEF7E, 0xEF7E, 0xE77E, 0xE77E, 0xE75D, 0xE73D, 0xD6DC, 0x9D55, 0x4269, 0x4269, 0x4269, 0x4269,
    0x4A69, 0x4A8A, 0x31C6, 0x0000, 0xF81F, 0xF81F, 0xF81F, 0xF81F, 0xF81F, 0x3860, 0x5060, 0x68A0,
    0xF656, 0xFF7B, 0x942F, 0x0000, 0xF81F, 0xF81F, 0xF81F, 0xF81F, 0xF81F, 0xF81F, 0xF81F, 0xF81F,
    0xF81F, 0xF81F, 0xF81F, 0x0000, 0x0000, 0x6900, 0x6880, 0xBCD1, 0xFFFF, 0xFFFF, 0xEDD4, 0xF960,
    0x58E0, 0x0000, 0xF81F, 0xF81F, 0xF81F, 0xF81F, 0xF81F, 0xF81F, 0xF81F, 0xF81F, 0xF81F, 0xF81F,
    0xF81F, 0xF81F, 0xF81F, 0xF81F, 0xF81F, 0xF81F, 0xF81F, 0xF81F, 0xF81F, 0xF81F, 0xF81F, 0xF81F,
    0xF81F, 0xF81F, 0xF81F, 0xF81F, 0xF81F, 0xF81F, 0xF81F, 0xF81F, 0x0802, 0x0001, 0x0000, 0x0000,
    0x0000, 0x0000, 0x0000, 0x39E7, 0x5B2C, 0x636D, 0x636D, 0x5B2C, 0x8430, 0x9D34, 0x9CF4, 0x94F4,
    0x94D4, 0x94D3, 0x94D3, 0x94D3, 0x94D3, 0x94D3, 0xA555, 0x6BAE, 0x0000, 0x0000, 0x0000, 0x0000,
    0x0000, 0x0000, 0x0000, 0x1002, 0xF81F, 0xF81F, 0xF81F, 0xF81F, 0xF81F, 0xF81F, 0x0000, 0x0000,
    0x5B0D, 0x6BAF, 0x528C, 0xF81F, 0xF81F, 0xF81F, 0xF81F, 0xF81F, 0xF81F, 0xF81F, 0xF81F, 0xF81F,
    0xF81F, 0xF81F, 0xF81F, 0xF81F, 0xF81F, 0x0000, 0x0000, 0x10C3, 0x39E7, 0x39E7, 0x3144, 0x4080,
    0x1840, 0x0000, 0xF81F, 0xF81F, 0xF81F, 0xF81F, 0xF81F, 0xF81F, 0xF81F, 0xF81F, 0xF81F, 0xF81F,
    0xF81F, 0xF81F, 0xF81F, 0xF81F, 0xF81F, 0xF81F, 0xF81F, 0xF81F, 0xF81F, 0xF81F, 0xF81F, 0xF81F,
    0xF81F, 0xF81F, 0xF81F, 0xF81F, 0xF81F, 0xF81F, 0xF81F, 0xF81F, 0xF81F, 0xF81F, 0xF81F, 0xF81F,
    0xF81F, 0xF81F, 0xF81F, 0x0000, 0x0000, 0x0000, 0x0000, 0x0000, 0x0000, 0x0000, 0x0000, 0x0000,
    0x0000, 0x0000, 0x0000, 0x0000, 0x0000, 0x0000, 0x0000, 0x4060, 0xC940, 0xC120, 0xD940, 0x50A0,
    0x0001, 0xF81F, 0xF81F, 0xF81F, 0xF81F, 0xF81F, 0xF81F, 0xF81F, 0xF81F, 0xF81F, 0x1001, 0x0000,
    0x0000, 0x0000, 0xF81F, 0xF81F, 0xF81F, 0xF81F, 0xF81F, 0xF81F, 0xF81F, 0xF81F, 0xF81F, 0xF81F,
    0xF81F, 0xF81F, 0xF81F, 0xF81F, 0xF81F, 0xF81F, 0x0801, 0x0000, 0x0000, 0x0000, 0x0000, 0x0001,
    0x0001, 0x0801, 0xF81F, 0xF81F, 0xF81F, 0xF81F, 0xF81F, 0xF81F, 0xF81F, 0xF81F, 0xF81F, 0xF81F,
    0xF81F, 0xF81F, 0xF81F, 0xF81F, 0xF81F, 0xF81F, 0xF81F, 0xF81F, 0xF81F, 0xF81F, 0xF81F, 0xF81F,
    0xF81F, 0xF81F, 0xF81F, 0xF81F, 0xF81F, 0xF81F, 0xF81F, 0xF81F, 0xF81F, 0xF81F, 0xF81F, 0xF81F,
    0xF81F, 0xF81F, 0xF81F, 0xF81F, 0xF81F, 0xF81F, 0xF81F, 0xF81F, 0xF81F, 0xF81F, 0xF81F, 0xF81F,
    0xF81F, 0xF81F, 0x0000, 0x0000, 0x9100, 0xB920, 0xA0A0, 0xB0C0, 0xD900, 0xE160, 0xFA40, 0xB220,
    0x0820, 0xF81F, 0xF81F, 0xF81F, 0xF81F, 0xF81F, 0xF81F, 0xF81F, 0xF81F, 0xF81F, 0xF81F, 0xF81F,
    0xF81F, 0xF81F, 0xF81F, 0xF81F, 0xF81F, 0xF81F, 0xF81F, 0xF81F, 0xF81F, 0xF81F, 0xF81F, 0xF81F,
    0xF81F, 0xF81F, 0xF81F, 0xF81F, 0xF81F, 0xF81F, 0xF81F, 0xF81F, 0xF81F, 0xF81F, 0xF81F, 0xF81F,
    0xF81F, 0xF81F, 0xF81F, 0xF81F, 0xF81F, 0xF81F, 0xF81F, 0xF81F, 0xF81F, 0xF81F, 0xF81F, 0xF81F,
    0xF81F, 0xF81F, 0xF81F, 0xF81F, 0xF81F, 0xF81F, 0xF81F, 0xF81F, 0xF81F, 0xF81F, 0xF81F, 0xF81F,
    0xF81F, 0xF81F, 0xF81F, 0xF81F, 0xF81F, 0xF81F, 0xF81F, 0xF81F, 0xF81F, 0xF81F, 0xF81F, 0xF81F,
    0xF81F, 0xF81F, 0xF81F, 0xF81F, 0xF81F, 0xF81F, 0xF81F, 0xF81F, 0xF81F, 0xF81F, 0xF81F, 0xF81F,
    0xF81F, 0xF81F, 0x0001, 0x0000, 0xD180, 0xF9E0, 0xE9C0, 0xD140, 0xC8A0, 0xC8E0, 0xF300, 0xFB80,
    0x1860, 0x0000, 0xF81F, 0xF81F, 0xF81F, 0xF81F, 0xF81F, 0xF81F, 0xF81F, 0xF81F, 0xF81F, 0xF81F,
    0xF81F, 0xF81F, 0xF81F, 0xF81F, 0xF81F, 0xF81F, 0xF81F, 0xF81F, 0xF81F, 0xF81F, 0xF81F, 0xF81F,
    0xF81F, 0xF81F, 0xF81F, 0xF81F, 0xF81F, 0xF81F, 0xF81F, 0xF81F, 0xF81F, 0xF81F, 0xF81F, 0xF81F,
    0xF81F, 0xF81F, 0xF81F, 0xF81F, 0xF81F, 0xF81F, 0xF81F, 0xF81F, 0xF81F, 0xF81F, 0xF81F, 0xF81F,
    0xF81F, 0xF81F, 0xF81F, 0xF81F, 0xF81F, 0xF81F, 0xF81F, 0xF81F, 0xF81F, 0xF81F, 0xF81F, 0xF81F,
    0xF81F, 0xF81F, 0xF81F, 0xF81F, 0xF81F, 0xF81F, 0xF81F, 0xF81F, 0xF81F, 0xF81F, 0xF81F, 0xF81F,
    0xF81F, 0xF81F, 0xF81F, 0xF81F, 0xF81F, 0xF81F, 0xF81F, 0xF81F, 0xF81F, 0xF81F, 0xF81F, 0xF81F,
    0xF81F, 0xF81F, 0xF81F, 0xF81F, 0x2061, 0x50C0, 0xFBC0, 0xF2A0, 0xD0C0, 0xC8A0, 0xD080, 0xC8A0,
    0x1820, 0x0000, 0xF81F, 0xF81F, 0xF81F, 0xF81F, 0xF81F, 0xF81F, 0xF81F, 0xF81F, 0xF81F, 0xF81F,
    0xF81F, 0xF81F, 0xF81F, 0xF81F, 0xF81F, 0xF81F, 0xF81F, 0xF81F, 0xF81F, 0xF81F, 0xF81F, 0xF81F,
    0xF81F, 0xF81F, 0xF81F, 0xF81F, 0xF81F, 0xF81F, 0xF81F, 0xF81F, 0xF81F, 0xF81F, 0xF81F, 0xF81F,
    0xF81F, 0xF81F, 0xF81F, 0xF81F, 0xF81F, 0xF81F, 0xF81F, 0xF81F, 0xF81F, 0xF81F, 0xF81F, 0xF81F,
    0xF81F, 0xF81F, 0xF81F, 0xF81F, 0xF81F, 0xF81F, 0xF81F, 0xF81F, 0xF81F, 0xF81F, 0xF81F, 0xF81F,
    0xF81F, 0xF81F, 0xF81F, 0xF81F, 0xF81F, 0xF81F, 0xF81F, 0xF81F, 0xF81F, 0xF81F, 0xF81F, 0xF81F,
    0xF81F, 0xF81F, 0xF81F, 0xF81F, 0xF81F, 0xF81F, 0xF81F, 0xF81F, 0xF81F, 0xF81F, 0xF81F, 0xF81F,
    0xF81F, 0xF81F, 0xF81F, 0xF81F, 0x0001, 0x0000, 0xA240, 0xCA60, 0xEA40, 0xE220, 0xDB8B, 0xCBCD,
    0x1040, 0x0000, 0xF81F, 0xF81F, 0xF81F, 0xF81F, 0xF81F, 0xF81F, 0xF81F, 0xF81F, 0xF81F, 0xF81F,
    0xF81F, 0xF81F, 0xF81F, 0xF81F, 0xF81F, 0xF81F, 0xF81F, 0xF81F, 0xF81F, 0xF81F, 0xF81F, 0xF81F,
    0xF81F, 0xF81F, 0xF81F, 0xF81F, 0xF81F, 0xF81F, 0xF81F, 0xF81F, 0xF81F, 0xF81F, 0xF81F, 0xF81F,
    0xF81F, 0xF81F, 0xF81F, 0xF81F, 0xF81F, 0xF81F, 0xF81F, 0xF81F, 0xF81F, 0xF81F, 0xF81F, 0xF81F,
    0xF81F, 0xF81F, 0xF81F, 0xF81F, 0xF81F, 0xF81F, 0xF81F, 0xF81F, 0xF81F, 0xF81F, 0xF81F, 0xF81F,
    0xF81F, 0xF81F, 0xF81F, 0xF81F, 0xF81F, 0xF81F, 0xF81F, 0xF81F, 0xF81F, 0xF81F, 0xF81F, 0xF81F,
    0xF81F, 0xF81F, 0xF81F, 0xF81F, 0xF81F, 0xF81F, 0xF81F, 0xF81F, 0xF81F, 0xF81F, 0xF81F, 0xF81F,
    0xF81F, 0xF81F, 0xF81F, 0xF81F, 0x1022, 0x0800, 0x0000, 0x5920, 0xFC20, 0xFC00, 0xFFFE, 0xFFFF,
    0x1082, 0x0000, 0xF81F, 0xF81F, 0xF81F, 0xF81F, 0xF81F, 0xF81F, 0xF81F, 0xF81F, 0xF81F, 0xF81F,
    0xF81F, 0xF81F, 0xF81F, 0xF81F, 0xF81F, 0xF81F, 0xF81F, 0xF81F, 0xF81F, 0xF81F, 0xF81F, 0xF81F,
    0xF81F, 0xF81F, 0xF81F, 0xF81F, 0xF81F, 0xF81F, 0xF81F, 0xF81F, 0xF81F, 0xF81F, 0xF81F, 0xF81F,
    0xF81F, 0xF81F, 0xF81F, 0xF81F, 0xF81F, 0xF81F, 0xF81F, 0xF81F, 0xF81F, 0xF81F, 0xF81F, 0xF81F,
    0xF81F, 0xF81F, 0xF81F, 0xF81F, 0xF81F, 0xF81F, 0xF81F, 0xF81F, 0xF81F, 0xF81F, 0xF81F, 0xF81F,
    0xF81F, 0xF81F, 0xF81F, 0xF81F, 0xF81F, 0xF81F, 0xF81F, 0xF81F, 0xF81F, 0xF81F, 0xF81F, 0xF81F,
    0xF81F, 0xF81F, 0xF81F, 0xF81F, 0xF81F, 0xF81F, 0xF81F, 0xF81F, 0xF81F, 0xF81F, 0xF81F, 0xF81F,
    0xF81F, 0xF81F, 0xF81F, 0xF81F, 0xF81F, 0xF81F, 0x0801, 0x1040, 0x4900, 0x4900, 0x5228, 0x4A29,
    0x0020, 0xF81F, 0xF81F, 0xF81F, 0xF81F, 0xF81F, 0xF81F, 0xF81F, 0xF81F, 0xF81F, 0xF81F, 0xF81F,
    0xF81F, 0xF81F, 0xF81F, 0xF81F, 0xF81F, 0xF81F, 0xF81F, 0xF81F, 0xF81F, 0xF81F, 0xF81F, 0xF81F,
    0xF81F, 0xF81F, 0xF81F, 0xF81F, 0xF81F, 0xF81F, 0xF81F, 0xF81F, 0xF81F, 0xF81F, 0xF81F, 0xF81F,
    0xF81F, 0xF81F, 0xF81F, 0xF81F, 0xF81F, 0xF81F, 0xF81F, 0xF81F, 0xF81F, 0xF81F, 0xF81F, 0xF81F,
    0xF81F, 0xF81F, 0xF81F, 0xF81F, 0xF81F, 0xF81F, 0xF81F, 0xF81F, 0xF81F, 0xF81F, 0xF81F, 0xF81F,
    0xF81F, 0xF81F, 0xF81F, 0xF81F, 0xF81F, 0xF81F, 0xF81F, 0xF81F, 0xF81F, 0xF81F, 0xF81F, 0xF81F,
    0xF81F, 0xF81F, 0xF81F, 0xF81F, 0xF81F, 0xF81F, 0xF81F, 0xF81F, 0xF81F, 0xF81F, 0xF81F, 0xF81F,
    0xF81F, 0xF81F, 0xF81F, 0xF81F, 0xF81F, 0xF81F, 0x1022, 0x0000, 0x0000, 0x0000, 0x0000, 0x0000,
    0x0001, 0xF81F, 0xF81F, 0xF81F, 0xF81F, 0xF81F, 0xF81F, 0xF81F, 0xF81F, 0xF81F, 0xF81F, 0xF81F,
    0xF81F, 0xF81F, 0xF81F, 0xF81F, 0xF81F, 0xF81F, 0xF81F, 0xF81F, 0xF81F, 0xF81F, 0xF81F, 0xF81F,
    0xF81F, 0xF81F, 0xF81F, 0xF81F, 0xF81F, 0xF81F, 0xF81F, 0xF81F, 0xF81F, 0xF81F, 0xF81F, 0xF81F,
    0xF81F, 0xF81F, 0xF81F, 0xF81F, 0xF81F, 0xF81F, 0xF81F, 0xF81F, 0xF81F, 0xF81F, 0xF81F, 0xF81F,
    0xF81F, 0xF81F, 0xF81F, 0xF81F, 0xF81F, 0xF81F, 0xF81F, 0xF81F, 0xF81F, 0xF81F, 0xF81F, 0xF81F,
    0xF81F, 0xF81F, 0xF81F, 0xF81F, 0xF81F, 0xF81F, 0xF81F, 0xF81F, 0xF81F, 0xF81F, 0xF81F, 0xF81F,
    0xF81F, 0xF81F, 0xF81F, 0xF81F, 0xF81F, 0xF81F, 0xF81F, 0xF81F, 0xF81F, 0xF81F, 0xF81F, 0xF81F,
    0xF81F, 0xF81F, 0xF81F, 0xF81F, 0xF81F, 0xF81F, 0xF81F, 0xF81F, 0xF81F, 0xF81F, 0xF81F, 0xF81F,
    0xF81F, 0xF81F, 0xF81F, 0xF81F, 0xF81F, 0xF81F, 0xF81F, 0xF81F, 0xF81F, 0xF81F, 0xF81F, 0xF81F,
    0xF81F, 0xF81F, 0xF81F, 0xF81F, 0xF81F, 0xF81F, 0xF81F, 0xF81F, 0xF81F, 0xF81F, 0xF81F, 0xF81F,
    0xF81F, 0xF81F, 0xF81F, 0xF81F, 0xF81F, 0xF81F, 0xF81F, 0xF81F, 0xF81F, 0xF81F, 0xF81F, 0xF81F,
    0xF81F, 0xF81F, 0xF81F, 0xF81F, 0xF81F, 0xF81F, 0xF81F, 0xF81F, 0xF81F, 0xF81F, 0xF81F, 0xF81F,
    0xF81F, 0xF81F, 0xF81F, 0xF81F, 0xF81F, 0xF81F, 0xF81F, 0xF81F, 0xF81F, 0xF81F, 0xF81F, 0xF81F,
    0xF81F, 0xF81F, 0xF81F, 0xF81F, 0xF81F, 0xF81F, 0xF81F, 0xF81F, 0xF81F, 0xF81F, 0xF81F, 0xF81F,
    0xF81F, 0xF81F, 0xF81F, 0xF81F, 0xF81F, 0xF81F, 0xF81F, 0xF81F, 0xF81F, 0xF81F, 0xF81F, 0xF81F,
    0xF81F, 0xF81F, 0xF81F, 0xF81F, 0xF81F, 0xF81F, 0xF81F, 0xF81F, 0xF81F, 0xF81F, 0xF81F, 0xF81F,
    0xF81F, 0xF81F, 0xF81F, 0xF81F, 0xF81F, 0xF81F, 0xF81F, 0xF81F, 0xF81F, 0xF81F, 0xF81F, 0xF81F,
    0xF81F, 0xF81F, 0xF81F, 0xF81F, 0xF81F, 0xF81F, 0xF81F, 0xF81F, 0xF81F, 0xF81F, 0xF81F, 0xF81F,
    0xF81F, 0xF81F, 0xF81F, 0xF81F, 0xF81F, 0xF81F, 0xF81F, 0xF81F, 0xF81F, 0xF81F, 0xF81F, 0xF81F,
    0xF81F, 0xF81F, 0xF81F, 0xF81F, 0xF81F, 0xF81F, 0xF81F, 0xF81F, 0xF81F, 0xF81F, 0xF81F, 0xF81F,
    0xF81F, 0xF81F, 0xF81F, 0xF81F, 0xF81F, 0xF81F, 0xF81F, 0xF81F, 0xF81F, 0xF81F, 0xF81F, 0xF81F,
    0xF81F, 0xF81F, 0xF81F, 0xF81F, 0xF81F, 0xF81F, 0xF81F, 0xF81F, 0xF81F, 0xF81F, 0xF81F, 0xF81F,
    0xF81F, 0xF81F, 0xF81F, 0xF81F, 0xF81F, 0xF81F, 0xF81F, 0xF81F, 0xF81F, 0xF81F, 0xF81F, 0xF81F,
    0xF81F, 0xF81F, 0xF81F, 0xF81F, 0xF81F, 0xF81F, 0xF81F, 0xF81F, 0xF81F, 0xF81F, 0xF81F, 0xF81F,
    0xF81F, 0xF81F, 0xF81F, 0xF81F, 0xF81F, 0xF81F, 0xF81F, 0xF81F, 0xF81F, 0xF81F, 0xF81F, 0xF81F,
    0xF81F, 0xF81F, 0xF81F, 0xF81F, 0xF81F, 0xF81F, 0xF81F, 0xF81F, 0xF81F, 0xF81F, 0xF81F, 0xF81F,
    0xF81F, 0xF81F, 0xF81F, 0xF81F, 0xF81F, 0xF81F, 0xF81F, 0xF81F, 0xF81F, 0xF81F, 0xF81F, 0xF81F,
    0xF81F, 0xF81F, 0xF81F, 0xF81F, 0xF81F, 0xF81F, 0xF81F, 0xF81F, 0xF81F, 0xF81F, 0xF81F, 0xF81F,
    0xF81F, 0xF81F, 0xF81F, 0xF81F, 0xF81F, 0xF81F, 0xF81F, 0xF81F, 0xF81F, 0xF81F, 0xF81F, 0xF81F,
    0xF81F, 0xF81F, 0xF81F, 0xF81F, 0xF81F, 0xF81F, 0xF81F, 0xF81F, 0xF81F, 0xF81F, 0xF81F, 0xF81F,
    0xF81F, 0xF81F, 0xF81F, 0xF81F, 0xF81F, 0xF81F, 0xF81F, 0xF81F, 0xF81F, 0xF81F, 0xF81F, 0xF81F,
    0xF81F, 0xF81F, 0xF81F, 0xF81F, 0xF81F, 0xF81F, 0xF81F, 0xF81F, 0xF81F, 0xF81F, 0xF81F, 0xF81F,
    0xF81F, 0xF81F, 0xF81F, 0xF81F, 0xF81F, 0xF81F, 0xF81F, 0xF81F, 0xF81F, 0xF81F, 0xF81F, 0xF81F,
    0xF81F, 0xF81F, 0xF81F, 0xF81F, 0xF81F, 0xF81F, 0xF81F, 0xF81F, 0xF81F, 0xF81F, 0xF81F, 0xF81F,
    0xF81F, 0xF81F, 0xF81F, 0xF81F, 0xF81F, 0xF81F, 0xF81F, 0xF81F, 0xF81F, 0xF81F, 0xF81F, 0xF81F,
    0xF81F, 0xF81F, 0xF81F, 0xF81F, 0xF81F, 0xF81F, 0xF81F, 0xF81F, 0xF81F, 0xF81F, 0xF81F, 0xF81F,
    0xF81F, 0xF81F, 0xF81F, 0xF81F, 0xF81F, 0xF81F, 0xF81F, 0xF81F, 0xF81F, 0xF81F, 0xF81F, 0xF81F,
    0xF81F, 0xF81F, 0xF81F, 0xF81F, 0xF81F, 0xF81F, 0xF81F, 0xF81F, 0xF81F, 0xF81F, 0xF81F, 0xF81F,
    0xF81F, 0xF81F, 0xF81F, 0xF81F, 0xF81F, 0xF81F, 0xF81F, 0xF81F, 0xF81F, 0xF81F, 0xF81F, 0xF81F,
    0xF81F, 0xF81F, 0xF81F, 0xF81F, 0xF81F, 0xF81F, 0xF81F, 0xF81F, 0xF81F, 0xF81F, 0xF81F, 0xF81F,
    0xF81F, 0xF81F, 0xF81F, 0xF81F, 0xF81F, 0xF81F, 0xF81F, 0xF81F, 0xF81F, 0xF81F, 0xF81F, 0xF81F,
    0xF81F, 0xF81F, 0xF81F, 0xF81F, 0xF81F, 0xF81F, 0xF81F, 0xF81F, 0xF81F, 0xF81F, 0xF81F, 0xF81F,
    0xF81F, 0xF81F, 0xF81F, 0xF81F, 0xF81F, 0xF81F, 0xF81F, 0xF81F, 0xF81F, 0xF81F, 0xF81F, 0xF81F,
    0xF81F, 0xF81F, 0xF81F, 0xF81F, 0xF81F, 0xF81F, 0xF81F, 0xF81F, 0xF81F, 0xF81F, 0xF81F, 0xF81F,
    0xF81F, 0xF81F, 0xF81F, 0xF81F, 0xF81F, 0xF81F, 0xF81F, 0xF81F, 0xF81F, 0xF81F, 0xF81F, 0xF81F,
    0xF81F, 0xF81F, 0xF81F, 0xF81F, 0xF81F, 0xF81F, 0xF81F, 0xF81F, 0xF81F, 0xF81F, 0xF81F, 0xF81F,
    0xF81F, 0xF81F, 0xF81F, 0xF81F, 0xF81F, 0xF81F, 0xF81F, 0xF81F, 0xF81F, 0xF81F, 0xF81F, 0xF81F,
    0xF81F, 0xF81F, 0xF81F, 0xF81F, 0xF81F, 0xF81F, 0xF81F, 0xF81F, 0xF81F, 0xF81F, 0xF81F, 0xF81F,
    0xF81F, 0xF81F, 0xF81F, 0xF81F, 0xF81F, 0xF81F, 0xF81F, 0xF81F, 0xF81F, 0xF81F, 0xF81F, 0xF81F,
    0xF81F, 0xF81F, 0xF81F, 0xF81F, 0xF81F, 0xF81F, 0xF81F, 0xF81F, 0xF81F, 0xF81F, 0xF81F, 0xF81F,
    0xF81F, 0xF81F, 0xF81F, 0xF81F, 0xF81F, 0xF81F, 0xF81F, 0xF81F, 0xF81F, 0xF81F, 0xF81F, 0xF81F,
    0xF81F, 0xF81F, 0xF81F, 0xF81F, 0xF81F, 0xF81F, 0xF81F, 0xF81F, 0xF81F, 0xF81F, 0xF81F, 0xF81F,
    0xF81F, 0xF81F, 0xF81F, 0xF81F, 0xF81F, 0xF81F, 0xF81F, 0xF81F, 0xF81F, 0xF81F, 0xF81F, 0xF81F,
    0xF81F, 0xF81F, 0xF81F, 0xF81F, 0xF81F, 0xF81F, 0xF81F, 0xF81F, 0xF81F, 0xF81F, 0xF81F, 0xF81F,
    0xF81F, 0xF81F, 0xF81F, 0xF81F, 0xF81F, 0xF81F, 0xF81F, 0xF81F, 0xF81F, 0xF81F, 0xF81F, 0xF81F,
    0xF81F, 0xF81F, 0xF81F, 0xF81F, 0xF81F, 0xF81F, 0xF81F, 0xF81F, 0xF81F, 0xF81F, 0xF81F, 0xF81F,
    0xF81F, 0xF81F, 0xF81F, 0xF81F, 0xF81F, 0xF81F, 0xF81F, 0xF81F, 0xF81F, 0xF81F, 0xF81F, 0xF81F,
    0xF81F, 0xF81F, 0xF81F, 0xF81F, 0xF81F, 0xF81F, 0xF81F, 0xF81F, 0xF81F, 0xF81F, 0xF81F, 0xF81F,
    0xF81F, 0xF81F, 0xF81F, 0xF81F, 0xF81F, 0xF81F, 0xF81F, 0xF81F, 0xF81F, 0xF81F, 0xF81F, 0xF81F,
    0xF81F, 0xF81F, 0xF81F, 0xF81F, 0xF81F, 0xF81F, 0xF81F, 0xF81F, 0xF81F, 0xF81F, 0xF81F, 0xF81F,
    0xF81F, 0xF81F, 0xF81F, 0xF81F, 0xF81F, 0xF81F, 0xF81F, 0xF81F, 0xF81F, 0xF81F, 0xF81F, 0xF81F,
    0xF81F, 0xF81F, 0xF81F, 0xF81F, 0xF81F, 0xF81F, 0xF81F, 0xF81F, 0xF81F, 0xF81F, 0xF81F, 0xF81F,
    0xF81F, 0xF81F, 0xF81F, 0xF81F, 0xF81F, 0xF81F, 0xF81F, 0xF81F, 0xF81F, 0xF81F, 0xF81F, 0xF81F,
    0xF81F, 0xF81F, 0xF81F, 0xF81F, 0xF81F, 0xF81F, 0xF81F, 0xF81F, 0xF81F, 0xF81F, 0xF81F, 0xF81F,
    0xF81F, 0xF81F, 0xF81F, 0xF81F, 0xF81F, 0xF81F, 0xF81F, 0xF81F, 0xF81F, 0xF81F, 0xF81F, 0xF81F,
    0xF81F, 0xF81F, 0xF81F, 0xF81F, 0xF81F, 0xF81F, 0xF81F, 0xF81F, 0xF81F, 0xF81F, 0xF81F, 0xF81F,
    0xF81F, 0xF81F, 0xF81F, 0xF81F, 0xF81F, 0xF81F, 0xF81F, 0xF81F, 0xF81F, 0xF81F, 0xF81F, 0xF81F,
    0xF81F, 0xF81F, 0xF81F, 0xF81F, 0xF81F, 0xF81F, 0xF81F, 0xF81F, 0xF81F, 0xF81F, 0xF81F, 0xF81F,
    0xF81F, 0xF81F, 0xF81F, 0xF81F, 0xF81F, 0xF81F, 0xF81F, 0xF81F, 0xF81F, 0xF81F, 0xF81F, 0xF81F,
    0xF81F, 0xF81F, 0xF81F, 0xF81F, 0xF81F, 0xF81F, 0xF81F, 0xF81F, 0xF81F, 0xF81F, 0xF81F, 0xF81F,
    0xF81F, 0xF81F, 0xF81F, 0xF81F, 0xF81F, 0xF81F, 0xF81F, 0xF81F, 0xF81F, 0xF81F, 0xF81F, 0xF81F,
    0xF81F, 0xF81F, 0xF81F, 0xF81F, 0xF81F, 0xF81F, 0xF81F, 0xF81F, 0xF81F, 0xF81F, 0xF81F, 0xF81F,
    0xF81F, 0xF81F, 0xF81F, 0xF81F, 0xF81F, 0xF81F, 0xF81F, 0xF81F, 0xF81F, 0xF81F, 0xF81F, 0xF81F,
    0xF81F, 0xF81F, 0xF81F, 0xF81F, 0xF81F, 0xF81F, 0xF81F, 0xF81F, 0xF81F, 0xF81F, 0xF81F, 0xF81F,
    0xF81F, 0xF81F, 0xF81F, 0xF81F, 0xF81F, 0xF81F, 0xF81F, 0xF81F, 0xF81F, 0xF81F, 0xF81F, 0xF81F,
    0xF81F, 0xF81F, 0xF81F, 0xF81F, 0xF81F, 0xF81F, 0xF81F, 0xF81F, 0xF81F, 0xF81F, 0xF81F, 0xF81F,
    0xF81F, 0xF81F, 0xF81F, 0xF81F, 0xF81F, 0xF81F, 0xF81F, 0xF81F, 0xF81F, 0xF81F, 0xF81F, 0xF81F,
    0xF81F, 0xF81F, 0xF81F, 0xF81F, 0xF81F, 0xF81F, 0xF81F, 0xF81F, 0xF81F, 0xF81F, 0xF81F, 0xF81F,
    0xF81F, 0xF81F, 0xF81F, 0xF81F, 0xF81F, 0xF81F, 0xF81F, 0xF81F, 0xF81F, 0xF81F, 0xF81F, 0xF81F,
    0xF81F, 0xF81F, 0xF81F, 0xF81F, 0xF81F, 0xF81F, 0xF81F, 0xF81F, 0xF81F, 0xF81F, 0xF81F, 0xF81F,
    0xF81F, 0xF81F, 0xF81F, 0xF81F, 0xF81F, 0xF81F, 0xF81F, 0xF81F, 0xF81F, 0xF81F, 0xF81F, 0xF81F,
    0xF81F, 0xF81F, 0xF81F, 0xF81F, 0xF81F, 0xF81F, 0xF81F, 0xF81F, 0xF81F, 0xF81F, 0xF81F, 0xF81F,
    0xF81F, 0xF81F, 0xF81F, 0xF81F, 0xF81F, 0xF81F, 0xF81F, 0xF81F, 0xF81F, 0xF81F, 0xF81F, 0xF81F,
    0xF81F, 0xF81F, 0xF81F, 0xF81F, 0xF81F, 0xF81F, 0xF81F, 0xF81F, 0xF81F, 0xF81F, 0xF81F, 0xF81F,
    0xF81F, 0xF81F, 0xF81F, 0xF81F, 0xF81F, 0xF81F, 0xF81F, 0xF81F, 0xF81F, 0xF81F, 0xF81F, 0xF81F,
    0xF81F, 0xF81F, 0xF81F, 0xF81F, 0xF81F, 0xF81F, 0xF81F, 0xF81F, 0xF81F, 0xF81F, 0xF81F, 0xF81F,
    0xF81F, 0xF81F, 0xF81F, 0xF81F, 0xF81F, 0xF81F, 0xF81F, 0xF81F, 0xF81F, 0xF81F, 0xF81F, 0xF81F,
    0xF81F, 0xF81F, 0xF81F, 0xF81F, 0xF81F, 0xF81F, 0xF81F, 0xF81F, 0xF81F, 0xF81F, 0xF81F, 0xF81F,
    0xF81F, 0xF81F, 0xF81F, 0xF81F, 0xF81F, 0xF81F, 0xF81F, 0xF81F, 0xF81F, 0xF81F, 0xF81F, 0xF81F,
    0xF81F, 0xF81F, 0xF81F, 0xF81F, 0xF81F, 0xF81F, 0xF81F, 0xF81F, 0xF81F, 0xF81F, 0xF81F, 0xF81F,
    0xF81F, 0xF81F, 0xF81F, 0xF81F, 0xF81F, 0xF81F, 0xF81F, 0xF81F, 0xF81F, 0xF81F, 0xF81F, 0xF81F,
    0xF81F, 0xF81F, 0xF81F, 0xF81F, 0xF81F, 0xF81F, 0xF81F, 0xF81F, 0xF81F, 0xF81F, 0xF81F, 0xF81F,
    0xF81F, 0xF81F, 0xF81F, 0xF81F, 0xF81F, 0xF81F, 0xF81F, 0xF81F, 0xF81F, 0xF81F, 0xF81F, 0xF81F,
    0xF81F, 0xF81F, 0xF81F, 0xF81F, 0xF81F, 0xF81F, 0xF81F, 0xF81F, 0xF81F, 0xF81F, 0xF81F, 0xF81F,
    0xF81F, 0xF81F, 0xF81F, 0xF81F, 0xF81F, 0xF81F, 0xF81F, 0xF81F, 0xF81F, 0xF81F, 0xF81F, 0xF81F,
    0xF81F, 0xF81F, 0xF81F, 0xF81F, 0xF81F, 0xF81F, 0xF81F, 0xF81F, 0xF81F, 0xF81F, 0xF81F, 0xF81F,
    0xF81F, 0xF81F, 0xF81F, 0xF81F, 0xF81F, 0xF81F, 0xF81F, 0xF81F, 0xF81F, 0xF81F, 0xF81F, 0xF81F,
    0xF81F, 0xF81F, 0xF81F, 0xF81F, 0xF81F, 0xF81F, 0xF81F, 0xF81F, 0xF81F, 0xF81F, 0xF81F, 0xF81F,
    0xF81F, 0xF81F, 0xF81F, 0xF81F, 0xF81F, 0xF81F, 0xF81F, 0xF81F, 0xF81F, 0xF81F, 0xF81F, 0xF81F,
    0xF81F, 0xF81F, 0xF81F, 0xF81F, 0xF81F, 0xF81F, 0xF81F, 0xF81F, 0xF81F, 0xF81F, 0xF81F, 0xF81F,
    0xF81F, 0xF81F, 0xF81F, 0xF81F, 0xF81F, 0xF81F, 0xF81F, 0xF81F, 0xF81F, 0xF81F, 0xF81F, 0xF81F,
    0xF81F, 0xF81F, 0xF81F, 0xF81F, 0xF81F, 0xF81F, 0xF81F, 0xF81F, 0xF81F, 0xF81F, 0xF81F, 0xF81F,
    0xF81F, 0xF81F, 0xF81F, 0xF81F, 0xF81F, 0xF81F, 0xF81F, 0xF81F, 0xF81F, 0xF81F, 0xF81F, 0xF81F,
    0xF81F, 0xF81F, 0xF81F, 0xF81F, 0xF81F, 0xF81F, 0xF81F, 0xF81F, 0xF81F, 0xF81F, 0xF81F, 0xF81F,
    0xF81F, 0xF81F, 0xF81F, 0xF81F, 0xF81F, 0xF81F, 0xF81F, 0xF81F, 0xF81F, 0xF81F, 0xF81F, 0xF81F,
    0xF81F, 0xF81F, 0xF81F, 0xF81F, 0xF81F, 0xF81F, 0xF81F, 0xF81F, 0xF81F, 0xF81F, 0xF81F, 0xF81F,
    0xF81F, 0xF81F, 0xF81F, 0xF81F, 0xF81F, 0xF81F, 0xF81F, 0xF81F, 0xF81F, 0xF81F, 0xF81F, 0xF81F,
    0xF81F, 0xF81F, 0xF81F, 0xF81F, 0xF81F, 0xF81F, 0xF81F, 0xF81F, 0xF81F, 0xF81F, 0xF81F, 0xF81F,
    0xF81F, 0xF81F, 0xF81F, 0xF81F, 0xF81F, 0xF81F, 0xF81F, 0xF81F, 0xF81F, 0xF81F, 0xF81F, 0xF81F,
    0xF81F, 0xF81F, 0xF81F, 0xF81F, 0xF81F, 0xF81F, 0xF81F, 0xF81F, 0xF81F, 0xF81F, 0xF81F, 0xF81F,
    0xF81F, 0xF81F, 0xF81F, 0xF81F, 0xF81F, 0xF81F, 0xF81F, 0xF81F, 0xF81F, 0xF81F, 0xF81F, 0xF81F,
    0xF81F, 0xF81F, 0xF81F, 0xF81F, 0xF81F, 0xF81F, 0xF81F, 0xF81F, 0xF81F, 0xF81F, 0xF81F, 0xF81F,
    0xF81F, 0xF81F, 0xF81F, 0xF81F, 0xF81F, 0xF81F, 0xF81F, 0xF81F, 0xF81F, 0xF81F, 0xF81F, 0xF81F,
    0xF81F, 0xF81F, 0xF81F, 0xF81F, 0xF81F, 0xF81F, 0xF81F, 0xF81F, 0xF81F, 0xF81F, 0xF81F, 0xF81F,
    0xF81F, 0xF81F, 0xF81F, 0xF81F, 0xF81F, 0xF81F, 0xF81F, 0xF81F, 0xF81F, 0xF81F, 0xF81F, 0xF81F,
    0xF81F, 0xF81F, 0xF81F, 0xF81F, 0xF81F, 0xF81F, 0xF81F, 0xF81F, 0xF81F, 0xF81F, 0xF81F, 0xF81F,
    0xF81F, 0xF81F, 0xF81F, 0xF81F, 0xF81F, 0xF81F, 0xF81F, 0xF81F, 0xF81F, 0xF81F, 0xF81F, 0xF81F,
    0xF81F, 0xF81F, 0xF81F, 0xF81F, 0xF81F, 0xF81F, 0xF81F, 0xF81F, 0xF81F, 0xF81F, 0xF81F, 0xF81F,
    0xF81F, 0xF81F, 0xF81F, 0xF81F, 0xF81F, 0xF81F, 0xF81F, 0xF81F, 0xF81F, 0xF81F, 0xF81F, 0xF81F,
    0xF81F, 0xF81F, 0xF81F, 0xF81F, 0xF81F, 0xF81F, 0xF81F, 0xF81F, 0xF81F, 0xF81F, 0xF81F, 0xF81F,
    0xF81F, 0xF81F, 0xF81F, 0xF81F, 0xF81F, 0xF81F, 0xF81F, 0xF81F, 0xF81F, 0xF81F, 0xF81F, 0xF81F,
    0xF81F, 0xF81F, 0xF81F, 0xF81F, 0xF81F, 0xF81F, 0xF81F, 0xF81F, 0xF81F, 0xF81F, 0xF81F, 0xF81F,
    0xF81F, 0xF81F, 0xF81F, 0xF81F, 0xF81F, 0xF81F, 0xF81F, 0xF81F, 0xF81F, 0xF81F, 0xF81F, 0xF81F,
    0xF81F, 0xF81F, 0xF81F, 0xF81F, 0xF81F, 0xF81F, 0xF81F, 0xF81F, 0xF81F, 0xF81F, 0xF81F, 0xF81F,
    0xF81F, 0xF81F, 0xF81F, 0xF81F, 0xF81F, 0xF81F, 0xF81F, 0xF81F, 0xF81F, 0xF81F, 0xF81F, 0xF81F,
    0xF81F, 0xF81F, 0xF81F, 0xF81F, 0xF81F, 0xF81F, 0xF81F, 0xF81F, 0xF81F, 0xF81F, 0xF81F, 0xF81F,
    0xF81F, 0xF81F, 0xF81F, 0xF81F, 0xF81F, 0xF81F, 0xF81F, 0xF81F, 0xF81F, 0xF81F, 0xF81F, 0xF81F,
    0xF81F, 0xF81F, 0xF81F, 0xF81F, 0xF81F, 0xF81F, 0xF81F, 0xF81F, 0xF81F, 0xF81F, 0xF81F, 0xF81F,
    0xF81F, 0xF81F, 0xF81F, 0xF81F, 0xF81F, 0xF81F, 0xF81F, 0xF81F, 0xF81F, 0xF81F, 0xF81F, 0xF81F,
    0xF81F, 0xF81F, 0xF81F, 0xF81F, 0xF81F, 0xF81F, 0xF81F, 0xF81F, 0xF81F, 0xF81F, 0xF81F, 0xF81F,
    0xF81F, 0xF81F, 0xF81F, 0xF81F, 0xF81F, 0xF81F, 0xF81F, 0xF81F, 0xF81F, 0xF81F, 0xF81F, 0xF81F,
    0xF81F, 0xF81F, 0xF81F, 0xF81F, 0xF81F, 0xF81F, 0xF81F, 0xF81F, 0xF81F, 0xF81F, 0xF81F, 0xF81F,
    0xF81F, 0xF81F, 0xF81F, 0xF81F, 0xF81F, 0xF81F, 0xF81F, 0xF81F, 0xF81F, 0xF81F, 0xF81F, 0xF81F,
    0xF81F, 0xF81F, 0xF81F, 0xF81F, 0xF81F, 0xF81F, 0xF81F, 0xF81F, 0xF81F, 0xF81F, 0xF81F, 0xF81F,
    0xF81F, 0xF81F, 0xF81F, 0xF81F, 0xF81F, 0xF81F, 0xF81F, 0xF81F, 0xF81F, 0xF81F, 0xF81F, 0xF81F,
    0xF81F, 0xF81F, 0xF81F, 0xF81F, 0xF81F, 0xF81F, 0xF81F, 0xF81F, 0xF81F, 0xF81F, 0xF81F, 0xF81F,
    0xF81F, 0xF81F, 0xF81F, 0xF81F, 0xF81F, 0xF81F, 0xF81F, 0xF81F, 0xF81F, 0xF81F, 0xF81F, 0xF81F,
    0xF81F, 0xF81F, 0xF81F, 0xF81F, 0xF81F, 0xF81F, 0xF81F, 0xF81F, 0xF81F, 0xF81F, 0xF81F, 0xF81F,
    0xF81F, 0xF81F, 0xF81F, 0xF81F, 0xF81F, 0xF81F, 0xF81F, 0xF81F, 0xF81F, 0xF81F, 0xF81F, 0xF81F,
    0xF81F, 0xF81F, 0xF81F, 0xF81F, 0xF81F, 0xF81F, 0xF81F, 0xF81F, 0xF81F, 0xF81F, 0xF81F, 0xF81F,
    0xF81F, 0xF81F, 0xF81F, 0xF81F, 0xF81F, 0xF81F, 0xF81F, 0xF81F, 0xF81F, 0xF81F, 0xF81F, 0xF81F,
    0xF81F, 0xF81F, 0xF81F, 0xF81F, 0xF81F, 0xF81F, 0xF81F, 0xF81F, 0xF81F, 0xF81F, 0xF81F, 0xF81F,
    0xF81F, 0xF81F, 0xF81F, 0xF81F, 0xF81F, 0xF81F, 0xF81F, 0xF81F, 0xF81F, 0xF81F, 0xF81F, 0xF81F,
    0xF81F, 0xF81F, 0xF81F, 0xF81F, 0xF81F, 0xF81F, 0xF81F, 0xF81F, 0xF81F, 0xF81F, 0xF81F, 0xF81F,
    0xF81F, 0xF81F, 0xF81F, 0xF81F, 0xF81F, 0xF81F, 0xF81F, 0xF81F, 0xF81F, 0xF81F, 0xF81F, 0xF81F,
    0xF81F, 0xF81F, 0xF81F, 0xF81F, 0xF81F, 0xF81F, 0xF81F, 0xF81F, 0xF81F, 0xF81F, 0xF81F, 0xF81F,
    0xF81F, 0xF81F, 0xF81F, 0xF81F, 0xF81F, 0xF81F, 0xF81F, 0xF81F, 0xF81F, 0xF81F, 0xF81F, 0xF81F,
    0xF81F, 0xF81F, 0xF81F, 0xF81F, 0xF81F, 0xF81F, 0xF81F, 0xF81F, 0xF81F, 0xF81F, 0xF81F, 0xF81F,
    0xF81F, 0xF81F, 0xF81F, 0xF81F, 0xF81F, 0xF81F, 0xF81F, 0xF81F, 0xF81F, 0xF81F, 0xF81F, 0xF81F,
    0xF81F, 0xF81F, 0xF81F, 0xF81F, 0xF81F, 0xF81F, 0xF81F, 0xF81F, 0xF81F, 0xF81F, 0xF81F, 0xF81F,
    0xF81F, 0xF81F, 0xF81F, 0xF81F, 0xF81F, 0xF81F, 0xF81F, 0xF81F, 0xF81F, 0xF81F, 0xF81F, 0xF81F,
    0xF81F, 0xF81F, 0xF81F, 0xF81F, 0xF81F, 0xF81F, 0xF81F, 0xF81F, 0xF81F, 0xF81F, 0xF81F, 0xF81F,
    0xF81F, 0xF81F, 0xF81F, 0xF81F, 0xF81F, 0xF81F, 0xF81F, 0xF81F, 0xF81F, 0xF81F, 0xF81F, 0xF81F,
    0xF81F, 0xF81F, 0xF81F, 0xF81F, 0xF81F, 0xF81F, 0xF81F, 0xF81F, 0xF81F, 0xF81F, 0xF81F, 0xF81F,
    0xF81F, 0xF81F, 0xF81F, 0xF81F, 0xF81F, 0xF81F, 0xF81F, 0xF81F, 0xF81F, 0xF81F, 0xF81F, 0xF81F,
    0xF81F, 0xF81F, 0xF81F, 0xF81F, 0xF81F, 0xF81F, 0xF81F, 0xF81F, 0xF81F, 0xF81F, 0xF81F, 0xF81F,
    0xF81F, 0xF81F, 0xF81F, 0xF81F, 0xF81F, 0xF81F, 0xF81F, 0xF81F, 0xF81F, 0xF81F, 0xF81F, 0xF81F,
    0xF81F, 0xF81F, 0xF81F, 0xF81F, 0xF81F, 0xF81F, 0xF81F, 0xF81F, 0xF81F, 0xF81F, 0xF81F, 0xF81F,
    0xF81F, 0xF81F, 0xF81F, 0xF81F, 0xF81F, 0xF81F, 0xF81F, 0xF81F, 0xF81F, 0xF81F, 0xF81F, 0xF81F,
    0xF81F, 0xF81F, 0xF81F, 0xF81F, 0xF81F, 0xF81F, 0xF81F, 0xF81F, 0xF81F, 0xF81F, 0xF81F, 0xF81F,
    0xF81F, 0xF81F, 0xF81F, 0xF81F, 0xF81F, 0xF81F, 0xF81F, 0xF81F, 0xF81F, 0xF81F, 0xF81F, 0xF81F,
    0xF81F, 0xF81F, 0xF81F, 0xF81F, 0xF81F, 0xF81F, 0xF81F, 0xF81F, 0xF81F, 0xF81F, 0xF81F, 0xF81F,
    0xF81F, 0xF81F, 0xF81F, 0xF81F, 0xF81F, 0xF81F, 0xF81F, 0xF81F, 0xF81F, 0xF81F, 0xF81F, 0xF81F,
    0xF81F, 0xF81F, 0xF81F, 0xF81F, 0xF81F, 0xF81F, 0xF81F, 0xF81F, 0xF81F, 0xF81F, 0xF81F, 0xF81F,
    0xF81F, 0xF81F, 0xF81F, 0xF81F, 0xF81F, 0xF81F, 0xF81F, 0xF81F, 0xF81F, 0xF81F, 0xF81F, 0xF81F,
    0xF81F, 0xF81F, 0xF81F, 0xF81F, 0xF81F, 0xF81F, 0xF81F, 0xF81F, 0xF81F, 0xF81F, 0xF81F, 0xF81F,
    0xF81F, 0xF81F, 0xF81F, 0xF81F, 0xF81F, 0xF81F, 0xF81F, 0xF81F, 0xF81F, 0xF81F, 0xF81F, 0xF81F,
    0xF81F, 0xF81F, 0xF81F, 0xF81F, 0xF81F, 0xF81F, 0xF81F, 0xF81F, 0xF81F, 0xF81F, 0xF81F, 0xF81F,
    0xF81F, 0xF81F, 0xF81F, 0xF81F, 0xF81F, 0xF81F, 0xF81F, 0xF81F, 0xF81F, 0xF81F, 0xF81F, 0xF81F,
    0xF81F, 0xF81F, 0xF81F, 0xF81F, 0xF81F, 0xF81F, 0xF81F, 0xF81F, 0xF81F, 0xF81F, 0xF81F, 0xF81F,
    0xF81F, 0xF81F, 0xF81F, 0xF81F, 0xF81F, 0xF81F, 0xF81F, 0xF81F, 0xF81F, 0xF81F, 0xF81F, 0xF81F,
    0xF81F, 0xF81F, 0xF81F, 0xF81F, 0xF81F, 0xF81F, 0xF81F, 0xF81F, 0xF81F, 0xF81F, 0xF81F, 0xF81F,
    0xF81F, 0xF81F, 0xF81F, 0xF81F, 0xF81F, 0xF81F, 0xF81F, 0xF81F, 0xF81F, 0xF81F, 0xF81F, 0xF81F,
    0xF81F, 0xF81F, 0xF81F, 0xF81F, 0xF81F, 0xF81F, 0xF81F, 0xF81F, 0xF81F, 0xF81F, 0xF81F, 0xF81F,
    0xF81F, 0xF81F, 0xF81F, 0xF81F, 0xF81F, 0xF81F, 0xF81F, 0xF81F, 0xF81F, 0xF81F, 0xF81F, 0xF81F,
    0xF81F, 0xF81F, 0xF81F, 0xF81F, 0xF81F, 0xF81F, 0xF81F, 0xF81F, 0xF81F, 0xF81F, 0xF81F, 0xF81F,
    0xF81F, 0xF81F, 0xF81F, 0xF81F, 0xF81F, 0xF81F, 0xF81F, 0xF81F, 0xF81F, 0xF81F, 0xF81F, 0xF81F,
    0xF81F, 0xF81F, 0xF81F, 0xF81F, 0xF81F, 0xF81F, 0xF81F, 0xF81F, 0xF81F, 0xF81F, 0xF81F, 0xF81F,
    0xF81F, 0xF81F, 0xF81F, 0xF81F, 0xF81F, 0xF81F, 0xF81F, 0xF81F, 0xF81F, 0xF81F, 0xF81F, 0xF81F,
    0xF81F, 0xF81F, 0xF81F, 0xF81F, 0xF81F, 0xF81F, 0xF81F, 0xF81F, 0xF81F, 0xF81F, 0xF81F, 0xF81F,
    0xF81F, 0xF81F, 0xF81F, 0xF81F, 0xF81F, 0xF81F, 0xF81F, 0xF81F, 0xF81F, 0xF81F, 0xF81F, 0xF81F,
    0xF81F, 0xF81F, 0xF81F, 0xF81F, 0xF81F, 0xF81F, 0xF81F, 0xF81F, 0xF81F, 0xF81F, 0xF81F, 0xF81F,
    0xF81F, 0xF81F, 0xF81F, 0xF81F, 0xF81F, 0xF81F, 0xF81F, 0xF81F, 0xF81F, 0xF81F, 0xF81F, 0xF81F,
    0xF81F, 0xF81F, 0xF81F, 0xF81F, 0xF81F, 0xF81F, 0xF81F, 0xF81F, 0xF81F, 0xF81F, 0xF81F, 0xF81F,
    0xF81F, 0xF81F, 0xF81F, 0xF81F, 0xF81F, 0xF81F, 0xF81F, 0xF81F, 0xF81F, 0xF81F, 0xF81F, 0xF81F,
    0xF81F, 0xF81F, 0xF81F, 0xF81F, 0xF81F, 0xF81F, 0xF81F, 0xF81F, 0xF81F, 0xF81F, 0xF81F, 0xF81F,
    0xF81F, 0xF81F, 0xF81F, 0xF81F, 0xF81F, 0xF81F, 0xF81F, 0xF81F, 0xF81F, 0xF81F, 0xF81F, 0xF81F,
    0xF81F, 0xF81F, 0xF81F, 0xF81F, 0xF81F, 0xF81F, 0xF81F, 0xF81F, 0xF81F, 0xF81F, 0xF81F, 0xF81F,
    0xF81F, 0xF81F, 0xF81F, 0xF81F, 0xF81F, 0xF81F, 0xF81F, 0xF81F, 0xF81F, 0xF81F, 0xF81F, 0xF81F,
    0xF81F, 0xF81F, 0xF81F, 0xF81F, 0xF81F, 0xF81F, 0xF81F, 0xF81F, 0xF81F, 0xF81F, 0xF81F, 0xF81F,
    0xF81F, 0xF81F, 0xF81F, 0xF81F, 0xF81F, 0xF81F, 0xF81F, 0xF81F, 0xF81F, 0xF81F, 0xF81F, 0xF81F,
    0xF81F, 0xF81F, 0xF81F, 0xF81F, 0xF81F, 0xF81F, 0xF81F, 0xF81F, 0xF81F, 0xF81F, 0xF81F, 0xF81F,
    0xF81F, 0xF81F, 0xF81F, 0xF81F, 0xF81F, 0xF81F, 0xF81F, 0xF81F, 0xF81F, 0xF81F, 0xF81F, 0xF81F,
    0xF81F, 0xF81F, 0xF81F, 0xF81F, 0xF81F, 0xF81F, 0xF81F, 0xF81F, 0xF81F, 0xF81F, 0xF81F, 0xF81F,
    0xF81F, 0xF81F, 0xF81F, 0xF81F, 0xF81F, 0xF81F, 0xF81F, 0xF81F, 0xF81F, 0xF81F, 0xF81F, 0xF81F,
    0xF81F, 0xF81F, 0xF81F, 0xF81F, 0xF81F, 0xF81F, 0xF81F, 0xF81F, 0xF81F, 0xF81F, 0xF81F, 0xF81F,
    0xF81F, 0xF81F, 0xF81F, 0xF81F, 0xF81F, 0xF81F, 0xF81F, 0xF81F, 0xF81F, 0xF81F, 0xF81F, 0xF81F,
    0xF81F, 0xF81F, 0xF81F, 0xF81F, 0xF81F, 0xF81F, 0xF81F, 0xF81F, 0xF81F, 0xF81F, 0xF81F, 0xF81F,
    0xF81F, 0xF81F, 0xF81F, 0xF81F, 0xF81F, 0xF81F, 0xF81F, 0xF81F, 0xF81F, 0xF81F, 0xF81F, 0xF81F,
    0xF81F, 0xF81F, 0xF81F, 0xF81F, 0xF81F, 0xF81F, 0xF81F, 0xF81F, 0xF81F, 0xF81F, 0xF81F, 0xF81F,
    0xF81F, 0xF81F, 0xF81F, 0xF81F, 0xF81F, 0xF81F, 0xF81F, 0xF81F, 0xF81F, 0xF81F, 0xF81F, 0xF81F,
    0xF81F, 0xF81F, 0xF81F, 0xF81F, 0xF81F, 0xF81F, 0xF81F, 0xF81F, 0xF81F, 0xF81F, 0xF81F, 0xF81F,
    0xF81F, 0xF81F, 0xF81F, 0xF81F, 0xF81F, 0xF81F, 0xF81F, 0xF81F, 0xF81F, 0xF81F, 0xF81F, 0xF81F,
    0xF81F, 0xF81F, 0xF81F, 0xF81F, 0xF81F, 0xF81F, 0xF81F, 0xF81F, 0xF81F, 0xF81F, 0xF81F, 0xF81F,
    0xF81F, 0xF81F, 0xF81F, 0xF81F, 0xF81F, 0xF81F, 0xF81F, 0xF81F, 0xF81F, 0xF81F, 0xF81F, 0xF81F,
    0xF81F, 0xF81F, 0xF81F, 0xF81F, 0xF81F, 0xF81F, 0xF81F, 0xF81F, 0xF81F, 0xF81F, 0xF81F, 0xF81F,
    0xF81F, 0xF81F, 0xF81F, 0xF81F, 0xF81F, 0xF81F, 0xF81F, 0xF81F, 0xF81F, 0xF81F, 0xF81F, 0xF81F,
    0xF81F, 0xF81F, 0xF81F, 0xF81F, 0xF81F, 0xF81F, 0xF81F, 0xF81F, 0xF81F, 0xF81F, 0xF81F, 0xF81F,
    0xF81F, 0xF81F, 0xF81F, 0xF81F, 0xF81F, 0xF81F, 0xF81F, 0xF81F, 0xF81F, 0xF81F, 0xF81F, 0xF81F,
    0xF81F, 0xF81F, 0xF81F, 0xF81F, 0xF81F, 0xF81F, 0xF81F, 0xF81F, 0xF81F, 0xF81F, 0xF81F, 0xF81F,
    0xF81F, 0xF81F, 0xF81F, 0xF81F, 0xF81F, 0xF81F, 0xF81F, 0xF81F, 0xF81F, 0xF81F, 0xF81F, 0xF81F,
    0xF81F, 0xF81F, 0xF81F, 0xF81F, 0xF81F, 0xF81F, 0xF81F, 0xF81F, 0xF81F, 0xF81F, 0xF81F, 0xF81F,
    0xF81F, 0xF81F, 0xF81F, 0xF81F, 0xF81F, 0xF81F, 0xF81F, 0xF81F, 0xF81F, 0xF81F, 0xF81F, 0xF81F,
    0xF81F, 0xF81F, 0xF81F, 0xF81F, 0xF81F, 0xF81F, 0xF81F, 0xF81F, 0xF81F, 0xF81F, 0xF81F, 0xF81F,
    0xF81F, 0xF81F, 0xF81F, 0xF81F, 0xF81F, 0xF81F, 0xF81F, 0xF81F, 0xF81F, 0xF81F, 0xF81F, 0xF81F,
    0xF81F, 0xF81F, 0xF81F, 0xF81F, 0xF81F, 0xF81F, 0xF81F, 0xF81F, 0xF81F, 0xF81F, 0xF81F, 0xF81F,
    0xF81F, 0xF81F, 0xF81F, 0xF81F, 0xF81F, 0xF81F, 0xF81F, 0xF81F, 0xF81F, 0xF81F, 0xF81F, 0xF81F,
    0xF81F, 0xF81F, 0xF81F, 0xF81F, 0xF81F, 0xF81F, 0xF81F, 0xF81F, 0xF81F, 0xF81F, 0xF81F, 0xF81F,
    0xF81F, 0xF81F, 0xF81F, 0xF81F, 0xF81F, 0xF81F, 0xF81F, 0xF81F, 0xF81F, 0xF81F, 0xF81F, 0xF81F,
    0xF81F, 0xF81F, 0xF81F, 0xF81F, 0xF81F, 0xF81F, 0xF81F, 0xF81F, 0xF81F, 0xF81F, 0xF81F, 0xF81F,
    0xF81F, 0xF81F, 0xF81F, 0xF81F, 0xF81F, 0xF81F, 0xF81F, 0xF81F, 0xF81F, 0xF81F, 0xF81F, 0xF81F,
    0xF81F, 0xF81F, 0xF81F, 0xF81F, 0xF81F, 0xF81F, 0xF81F, 0xF81F, 0xF81F, 0xF81F, 0xF81F, 0xF81F,
    0xF81F, 0xF81F, 0xF81F, 0xF81F, 0xF81F, 0xF81F, 0xF81F, 0xF81F, 0xF81F, 0xF81F, 0xF81F, 0xF81F,
    0xF81F, 0xF81F, 0xF81F, 0xF81F, 0xF81F, 0xF81F, 0xF81F, 0xF81F, 0xF81F, 0xF81F, 0xF81F, 0xF81F,
    0xF81F, 0xF81F, 0xF81F, 0xF81F, 0xF81F, 0xF81F, 0xF81F, 0xF81F, 0xF81F, 0xF81F, 0xF81F, 0xF81F,
    0xF81F, 0xF81F, 0xF81F, 0xF81F, 0xF81F, 0xF81F, 0xF81F, 0xF81F, 0xF81F, 0xF81F, 0xF81F, 0xF81F,
    0xF81F, 0xF81F, 0xF81F, 0xF81F, 0xF81F, 0xF81F, 0xF81F, 0xF81F, 0xF81F, 0xF81F, 0xF81F, 0xF81F,
    0xF81F, 0xF81F, 0xF81F, 0xF81F, 0xF81F, 0xF81F, 0xF81F, 0xF81F, 0xF81F, 0xF81F, 0xF81F, 0xF81F,
};

const uint16_t fish_2[9216] PROGMEM = {
    0xF81F, 0xF81F, 0xF81F, 0xF81F, 0xF81F, 0xF81F, 0xF81F, 0xF81F, 0xF81F, 0xF81F, 0xF81F, 0xF81F,
    0xF81F, 0xF81F, 0xF81F, 0xF81F, 0xF81F, 0xF81F, 0xF81F, 0xF81F, 0xF81F, 0xF81F, 0xF81F, 0xF81F,
    0xF81F, 0xF81F, 0xF81F, 0xF81F, 0xF81F, 0xF81F, 0xF81F, 0xF81F, 0xF81F, 0xF81F, 0xF81F, 0xF81F,
    0xF81F, 0xF81F, 0xF81F, 0xF81F, 0xF81F, 0xF81F, 0xF81F, 0xF81F, 0xF81F, 0xF81F, 0xF81F, 0xF81F,
    0xF81F, 0xF81F, 0xF81F, 0xF81F, 0xF81F, 0xF81F, 0xF81F, 0xF81F, 0xF81F, 0xF81F, 0xF81F, 0xF81F,
    0xF81F, 0xF81F, 0xF81F, 0xF81F, 0xF81F, 0xF81F, 0xF81F, 0xF81F, 0xF81F, 0xF81F, 0xF81F, 0xF81F,
    0xF81F, 0xF81F, 0xF81F, 0xF81F, 0xF81F, 0xF81F, 0xF81F, 0xF81F, 0xF81F, 0xF81F, 0xF81F, 0xF81F,
    0xF81F, 0xF81F, 0xF81F, 0xF81F, 0xF81F, 0xF81F, 0xF81F, 0xF81F, 0xF81F, 0xF81F, 0xF81F, 0xF81F,
    0xF81F, 0xF81F, 0xF81F, 0xF81F, 0xF81F, 0xF81F, 0xF81F, 0xF81F, 0xF81F, 0xF81F, 0xF81F, 0xF81F,
    0xF81F, 0xF81F, 0xF81F, 0xF81F, 0xF81F, 0xF81F, 0xF81F, 0xF81F, 0xF81F, 0xF81F, 0xF81F, 0xF81F,
    0xF81F, 0xF81F, 0xF81F, 0xF81F, 0xF81F, 0xF81F, 0xF81F, 0xF81F, 0xF81F, 0xF81F, 0xF81F, 0xF81F,
    0xF81F, 0xF81F, 0xF81F, 0xF81F, 0xF81F, 0xF81F, 0xF81F, 0xF81F, 0xF81F, 0xF81F, 0xF81F, 0xF81F,
    0xF81F, 0xF81F, 0xF81F, 0xF81F, 0xF81F, 0xF81F, 0xF81F, 0xF81F, 0xF81F, 0xF81F, 0xF81F, 0xF81F,
    0xF81F, 0xF81F, 0xF81F, 0xF81F, 0xF81F, 0xF81F, 0xF81F, 0xF81F, 0xF81F, 0xF81F, 0xF81F, 0xF81F,
    0xF81F, 0xF81F, 0xF81F, 0xF81F, 0xF81F, 0xF81F, 0xF81F, 0xF81F, 0xF81F, 0xF81F, 0xF81F, 0xF81F,
    0xF81F, 0xF81F, 0xF81F, 0xF81F, 0xF81F, 0xF81F, 0xF81F, 0xF81F, 0xF81F, 0xF81F, 0xF81F, 0xF81F,
    0xF81F, 0xF81F, 0xF81F, 0xF81F, 0xF81F, 0xF81F, 0xF81F, 0xF81F, 0xF81F, 0xF81F, 0xF81F, 0xF81F,
    0xF81F, 0xF81F, 0xF81F, 0xF81F, 0xF81F, 0xF81F, 0xF81F, 0xF81F, 0xF81F, 0xF81F, 0xF81F, 0xF81F,
    0xF81F, 0xF81F, 0xF81F, 0xF81F, 0xF81F, 0xF81F, 0xF81F, 0xF81F, 0xF81F, 0xF81F, 0xF81F, 0xF81F,
    0xF81F, 0xF81F, 0xF81F, 0xF81F, 0xF81F, 0xF81F, 0xF81F, 0xF81F, 0xF81F, 0xF81F, 0xF81F, 0xF81F,
    0xF81F, 0xF81F, 0xF81F, 0xF81F, 0xF81F, 0xF81F, 0xF81F, 0xF81F, 0xF81F, 0xF81F, 0xF81F, 0xF81F,
    0xF81F, 0xF81F, 0xF81F, 0xF81F, 0xF81F, 0xF81F, 0xF81F, 0xF81F, 0xF81F, 0xF81F, 0xF81F, 0xF81F,
    0xF81F, 0xF81F, 0xF81F, 0xF81F, 0xF81F, 0xF81F, 0xF81F, 0xF81F, 0xF81F, 0xF81F, 0xF81F, 0xF81F,
    0xF81F, 0xF81F, 0xF81F, 0xF81F, 0xF81F, 0xF81F, 0xF81F, 0xF81F, 0xF81F, 0xF81F, 0xF81F, 0xF81F,
    0xF81F, 0xF81F, 0xF81F, 0xF81F, 0xF81F, 0xF81F, 0xF81F, 0xF81F, 0xF81F, 0xF81F, 0xF81F, 0xF81F,
    0xF81F, 0xF81F, 0xF81F, 0xF81F, 0xF81F, 0xF81F, 0xF81F, 0xF81F, 0xF81F, 0xF81F, 0xF81F, 0xF81F,
    0xF81F, 0xF81F, 0xF81F, 0xF81F, 0xF81F, 0xF81F, 0xF81F, 0xF81F, 0xF81F, 0xF81F, 0xF81F, 0xF81F,
    0xF81F, 0xF81F, 0xF81F, 0xF81F, 0xF81F, 0xF81F, 0xF81F, 0xF81F, 0xF81F, 0xF81F, 0xF81F, 0xF81F,
    0xF81F, 0xF81F, 0xF81F, 0xF81F, 0xF81F, 0xF81F, 0xF81F, 0xF81F, 0xF81F, 0xF81F, 0xF81F, 0xF81F,
    0xF81F, 0xF81F, 0xF81F, 0xF81F, 0xF81F, 0xF81F, 0xF81F, 0xF81F, 0xF81F, 0xF81F, 0xF81F, 0xF81F,
    0xF81F, 0xF81F, 0xF81F, 0xF81F, 0xF81F, 0xF81F, 0xF81F, 0xF81F, 0xF81F, 0xF81F, 0xF81F, 0xF81F,
    0xF81F, 0xF81F, 0xF81F, 0xF81F, 0xF81F, 0xF81F, 0xF81F, 0xF81F, 0xF81F, 0xF81F, 0xF81F, 0xF81F,
    0xF81F, 0xF81F, 0xF81F, 0xF81F, 0xF81F, 0xF81F, 0xF81F, 0xF81F, 0xF81F, 0xF81F, 0xF81F, 0xF81F,
    0xF81F, 0xF81F, 0xF81F, 0xF81F, 0xF81F, 0xF81F, 0xF81F, 0xF81F, 0xF81F, 0xF81F, 0xF81F, 0xF81F,
    0xF81F, 0xF81F, 0xF81F, 0xF81F, 0xF81F, 0xF81F, 0xF81F, 0xF81F, 0xF81F, 0xF81F, 0xF81F, 0xF81F,
    0xF81F, 0xF81F, 0xF81F, 0xF81F, 0xF81F, 0xF81F, 0xF81F, 0xF81F, 0xF81F, 0xF81F, 0xF81F, 0xF81F,
    0xF81F, 0xF81F, 0xF81F, 0xF81F, 0xF81F, 0xF81F, 0xF81F, 0xF81F, 0xF81F, 0xF81F, 0xF81F, 0xF81F,
    0xF81F, 0xF81F, 0xF81F, 0xF81F, 0xF81F, 0xF81F, 0xF81F, 0xF81F, 0xF81F, 0xF81F, 0xF81F, 0xF81F,
    0xF81F, 0xF81F, 0xF81F, 0xF81F, 0xF81F, 0xF81F, 0xF81F, 0xF81F, 0xF81F, 0xF81F, 0xF81F, 0xF81F,
    0xF81F, 0xF81F, 0xF81F, 0xF81F, 0xF81F, 0xF81F, 0xF81F, 0xF81F, 0xF81F, 0xF81F, 0xF81F, 0xF81F,
    0xF81F, 0xF81F, 0xF81F, 0xF81F, 0xF81F, 0xF81F, 0xF81F, 0xF81F, 0xF81F, 0xF81F, 0xF81F, 0xF81F,
    0xF81F, 0xF81F, 0xF81F, 0xF81F, 0xF81F, 0xF81F, 0xF81F, 0xF81F, 0xF81F, 0xF81F, 0xF81F, 0xF81F,
    0xF81F, 0xF81F, 0xF81F, 0xF81F, 0xF81F, 0xF81F, 0xF81F, 0xF81F, 0xF81F, 0xF81F, 0xF81F, 0xF81F,
    0xF81F, 0xF81F, 0xF81F, 0xF81F, 0xF81F, 0xF81F, 0xF81F, 0xF81F, 0xF81F, 0xF81F, 0xF81F, 0xF81F,
    0xF81F, 0xF81F, 0xF81F, 0xF81F, 0xF81F, 0xF81F, 0xF81F, 0xF81F, 0xF81F, 0xF81F, 0xF81F, 0xF81F,
    0xF81F, 0xF81F, 0xF81F, 0xF81F, 0xF81F, 0xF81F, 0xF81F, 0xF81F, 0xF81F, 0xF81F, 0xF81F, 0xF81F,
    0xF81F, 0xF81F, 0xF81F, 0xF81F, 0xF81F, 0xF81F, 0xF81F, 0xF81F, 0xF81F, 0xF81F, 0xF81F, 0xF81F,
    0xF81F, 0xF81F, 0xF81F, 0xF81F, 0xF81F, 0xF81F, 0xF81F, 0xF81F, 0xF81F, 0xF81F, 0xF81F, 0xF81F,
    0xF81F, 0xF81F, 0xF81F, 0xF81F, 0xF81F, 0xF81F, 0xF81F, 0xF81F, 0xF81F, 0xF81F, 0xF81F, 0xF81F,
    0xF81F, 0xF81F, 0xF81F, 0xF81F, 0xF81F, 0xF81F, 0xF81F, 0xF81F, 0xF81F, 0xF81F, 0xF81F, 0xF81F,
    0xF81F, 0xF81F, 0xF81F, 0xF81F, 0xF81F, 0xF81F, 0xF81F, 0xF81F, 0xF81F, 0xF81F, 0xF81F, 0xF81F,
    0xF81F, 0xF81F, 0xF81F, 0xF81F, 0xF81F, 0xF81F, 0xF81F, 0xF81F, 0xF81F, 0xF81F, 0xF81F, 0xF81F,
    0xF81F, 0xF81F, 0xF81F, 0xF81F, 0xF81F, 0xF81F, 0xF81F, 0xF81F, 0xF81F, 0xF81F, 0xF81F, 0xF81F,
    0xF81F, 0xF81F, 0xF81F, 0xF81F, 0xF81F, 0xF81F, 0xF81F, 0xF81F, 0xF81F, 0xF81F, 0xF81F, 0xF81F,
    0xF81F, 0xF81F, 0xF81F, 0xF81F, 0xF81F, 0xF81F, 0xF81F, 0xF81F, 0xF81F, 0xF81F, 0xF81F, 0xF81F,
    0xF81F, 0xF81F, 0xF81F, 0xF81F, 0xF81F, 0xF81F, 0xF81F, 0xF81F, 0xF81F, 0xF81F, 0xF81F, 0xF81F,
    0xF81F, 0xF81F, 0xF81F, 0xF81F, 0xF81F, 0xF81F, 0xF81F, 0xF81F, 0xF81F, 0xF81F, 0xF81F, 0xF81F,
    0xF81F, 0xF81F, 0xF81F, 0xF81F, 0xF81F, 0xF81F, 0xF81F, 0xF81F, 0xF81F, 0xF81F, 0xF81F, 0xF81F,
    0xF81F, 0xF81F, 0xF81F, 0xF81F, 0xF81F, 0xF81F, 0xF81F, 0xF81F, 0xF81F, 0xF81F, 0xF81F, 0xF81F,
    0xF81F, 0xF81F, 0xF81F, 0xF81F, 0xF81F, 0xF81F, 0xF81F, 0xF81F, 0xF81F, 0xF81F, 0xF81F, 0xF81F,
    0xF81F, 0xF81F, 0xF81F, 0xF81F, 0xF81F, 0xF81F, 0xF81F, 0xF81F, 0xF81F, 0xF81F, 0xF81F, 0xF81F,
    0xF81F, 0xF81F, 0xF81F, 0xF81F, 0xF81F, 0xF81F, 0xF81F, 0xF81F, 0xF81F, 0xF81F, 0xF81F, 0xF81F,
    0xF81F, 0xF81F, 0xF81F, 0xF81F, 0xF81F, 0xF81F, 0xF81F, 0xF81F, 0xF81F, 0xF81F, 0xF81F, 0xF81F,
    0xF81F, 0xF81F, 0xF81F, 0xF81F, 0xF81F, 0xF81F, 0xF81F, 0xF81F, 0xF81F, 0xF81F, 0xF81F, 0xF81F,
    0xF81F, 0xF81F, 0xF81F, 0xF81F, 0xF81F, 0xF81F, 0xF81F, 0xF81F, 0xF81F, 0xF81F, 0xF81F, 0xF81F,
    0xF81F, 0xF81F, 0xF81F, 0xF81F, 0xF81F, 0xF81F, 0xF81F, 0xF81F, 0xF81F, 0xF81F, 0xF81F, 0xF81F,
    0xF81F, 0xF81F, 0xF81F, 0xF81F, 0xF81F, 0xF81F, 0xF81F, 0xF81F, 0xF81F, 0xF81F, 0xF81F, 0xF81F,
    0xF81F, 0xF81F, 0xF81F, 0xF81F, 0xF81F, 0xF81F, 0xF81F, 0xF81F, 0xF81F, 0xF81F, 0xF81F, 0xF81F,
    0xF81F, 0xF81F, 0xF81F, 0xF81F, 0xF81F, 0xF81F, 0xF81F, 0xF81F, 0xF81F, 0xF81F, 0xF81F, 0xF81F,
    0xF81F, 0xF81F, 0xF81F, 0xF81F, 0xF81F, 0xF81F, 0xF81F, 0xF81F, 0xF81F, 0xF81F, 0xF81F, 0xF81F,
    0xF81F, 0xF81F, 0xF81F, 0xF81F, 0xF81F, 0xF81F, 0xF81F, 0xF81F, 0xF81F, 0xF81F, 0xF81F, 0xF81F,
    0xF81F, 0xF81F, 0xF81F, 0xF81F, 0xF81F, 0xF81F, 0xF81F, 0xF81F, 0xF81F, 0xF81F, 0xF81F, 0xF81F,
    0xF81F, 0xF81F, 0xF81F, 0xF81F, 0xF81F, 0xF81F, 0xF81F, 0xF81F, 0xF81F, 0xF81F, 0xF81F, 0xF81F,
    0xF81F, 0xF81F, 0xF81F, 0xF81F, 0xF81F, 0xF81F, 0xF81F, 0xF81F, 0xF81F, 0xF81F, 0xF81F, 0xF81F,
    0xF81F, 0xF81F, 0xF81F, 0xF81F, 0xF81F, 0xF81F, 0xF81F, 0xF81F, 0xF81F, 0xF81F, 0xF81F, 0xF81F,
    0xF81F, 0xF81F, 0xF81F, 0xF81F, 0xF81F, 0xF81F, 0xF81F, 0xF81F, 0xF81F, 0xF81F, 0xF81F, 0xF81F,
    0xF81F, 0xF81F, 0xF81F, 0xF81F, 0xF81F, 0xF81F, 0xF81F, 0xF81F, 0xF81F, 0xF81F, 0xF81F, 0xF81F,
    0xF81F, 0xF81F, 0xF81F, 0xF81F, 0xF81F, 0xF81F, 0xF81F, 0xF81F, 0xF81F, 0xF81F, 0xF81F, 0xF81F,
    0xF81F, 0xF81F, 0xF81F, 0xF81F, 0xF81F, 0xF81F, 0xF81F, 0xF81F, 0xF81F, 0xF81F, 0xF81F, 0xF81F,
    0xF81F, 0xF81F, 0xF81F, 0xF81F, 0xF81F, 0xF81F, 0xF81F, 0xF81F, 0xF81F, 0xF81F, 0xF81F, 0xF81F,
    0xF81F, 0xF81F, 0xF81F, 0xF81F, 0xF81F, 0xF81F, 0xF81F, 0xF81F, 0xF81F, 0xF81F, 0xF81F, 0xF81F,
    0xF81F, 0xF81F, 0xF81F, 0xF81F, 0xF81F, 0xF81F, 0xF81F, 0xF81F, 0xF81F, 0xF81F, 0xF81F, 0xF81F,
    0xF81F, 0xF81F, 0xF81F, 0xF81F, 0xF81F, 0xF81F, 0xF81F, 0xF81F, 0xF81F, 0xF81F, 0xF81F, 0xF81F,
    0xF81F, 0xF81F, 0xF81F, 0xF81F, 0xF81F, 0xF81F, 0xF81F, 0xF81F, 0xF81F, 0xF81F, 0xF81F, 0xF81F,
    0xF81F, 0xF81F, 0xF81F, 0xF81F, 0xF81F, 0xF81F, 0xF81F, 0xF81F, 0xF81F, 0xF81F, 0xF81F, 0xF81F,
    0xF81F, 0xF81F, 0xF81F, 0xF81F, 0xF81F, 0xF81F, 0xF81F, 0xF81F, 0xF81F, 0xF81F, 0xF81F, 0xF81F,
    0xF81F, 0xF81F, 0xF81F, 0xF81F, 0xF81F, 0xF81F, 0xF81F, 0xF81F, 0xF81F, 0xF81F, 0xF81F, 0xF81F,
    0xF81F, 0xF81F, 0xF81F, 0xF81F, 0xF81F, 0xF81F, 0xF81F, 0xF81F, 0xF81F, 0xF81F, 0xF81F, 0xF81F,
    0xF81F, 0xF81F, 0xF81F, 0xF81F, 0xF81F, 0xF81F, 0xF81F, 0xF81F, 0xF81F, 0xF81F, 0xF81F, 0xF81F,
    0xF81F, 0xF81F, 0xF81F, 0xF81F, 0xF81F, 0xF81F, 0xF81F, 0xF81F, 0xF81F, 0xF81F, 0xF81F, 0xF81F,
    0xF81F, 0xF81F, 0xF81F, 0xF81F, 0xF81F, 0xF81F, 0xF81F, 0xF81F, 0xF81F, 0xF81F, 0xF81F, 0xF81F,
    0xF81F, 0xF81F, 0xF81F, 0xF81F, 0xF81F, 0xF81F, 0xF81F, 0xF81F, 0xF81F, 0xF81F, 0xF81F, 0xF81F,
    0xF81F, 0xF81F, 0xF81F, 0xF81F, 0xF81F, 0xF81F, 0xF81F, 0xF81F, 0xF81F, 0xF81F, 0xF81F, 0xF81F,
    0xF81F, 0xF81F, 0xF81F, 0xF81F, 0xF81F, 0xF81F, 0xF81F, 0xF81F, 0xF81F, 0xF81F, 0xF81F, 0xF81F,
    0xF81F, 0xF81F, 0xF81F, 0xF81F, 0xF81F, 0xF81F, 0xF81F, 0xF81F, 0xF81F, 0xF81F, 0xF81F, 0xF81F,
    0xF81F, 0xF81F, 0xF81F, 0xF81F, 0xF81F, 0xF81F, 0xF81F, 0xF81F, 0xF81F, 0xF81F, 0xF81F, 0xF81F,
    0xF81F, 0xF81F, 0xF81F, 0xF81F, 0xF81F, 0xF81F, 0xF81F, 0xF81F, 0xF81F, 0xF81F, 0xF81F, 0xF81F,
    0xF81F, 0xF81F, 0xF81F, 0xF81F, 0xF81F, 0xF81F, 0xF81F, 0xF81F, 0xF81F, 0xF81F, 0xF81F, 0xF81F,
    0xF81F, 0xF81F, 0xF81F, 0xF81F, 0xF81F, 0xF81F, 0xF81F, 0xF81F, 0xF81F, 0xF81F, 0xF81F, 0xF81F,
    0xF81F, 0xF81F, 0xF81F, 0xF81F, 0xF81F, 0xF81F, 0xF81F, 0xF81F, 0xF81F, 0xF81F, 0xF81F, 0xF81F,
    0xF81F, 0xF81F, 0xF81F, 0xF81F, 0xF81F, 0xF81F, 0xF81F, 0xF81F, 0xF81F, 0xF81F, 0xF81F, 0xF81F,
    0xF81F, 0xF81F, 0xF81F, 0xF81F, 0xF81F, 0xF81F, 0xF81F, 0xF81F, 0xF81F, 0xF81F, 0xF81F, 0xF81F,
    0xF81F, 0xF81F, 0xF81F, 0xF81F, 0xF81F, 0xF81F, 0xF81F, 0xF81F, 0xF81F, 0xF81F, 0xF81F, 0xF81F,
    0xF81F, 0xF81F, 0xF81F, 0xF81F, 0xF81F, 0xF81F, 0xF81F, 0xF81F, 0xF81F, 0xF81F, 0xF81F, 0xF81F,
    0xF81F, 0xF81F, 0xF81F, 0xF81F, 0xF81F, 0xF81F, 0xF81F, 0xF81F, 0xF81F, 0xF81F, 0xF81F, 0xF81F,
    0xF81F, 0xF81F, 0xF81F, 0xF81F, 0xF81F, 0xF81F, 0xF81F, 0xF81F, 0xF81F, 0xF81F, 0xF81F, 0xF81F,
    0xF81F, 0xF81F, 0xF81F, 0xF81F, 0xF81F, 0xF81F, 0xF81F, 0xF81F, 0xF81F, 0xF81F, 0xF81F, 0xF81F,
    0xF81F, 0xF81F, 0xF81F, 0xF81F, 0xF81F, 0xF81F, 0xF81F, 0xF81F, 0xF81F, 0xF81F, 0xF81F, 0xF81F,
    0xF81F, 0xF81F, 0xF81F, 0xF81F, 0xF81F, 0xF81F, 0xF81F, 0xF81F, 0xF81F, 0xF81F, 0xF81F, 0xF81F,
    0xF81F, 0xF81F, 0xF81F, 0xF81F, 0xF81F, 0xF81F, 0xF81F, 0xF81F, 0xF81F, 0xF81F, 0xF81F, 0xF81F,
    0xF81F, 0xF81F, 0xF81F, 0xF81F, 0xF81F, 0xF81F, 0xF81F, 0xF81F, 0xF81F, 0xF81F, 0xF81F, 0xF81F,
    0xF81F, 0xF81F, 0xF81F, 0xF81F, 0xF81F, 0xF81F, 0xF81F, 0xF81F, 0xF81F, 0xF81F, 0xF81F, 0xF81F,
    0xF81F, 0xF81F, 0xF81F, 0xF81F, 0xF81F, 0xF81F, 0xF81F, 0xF81F, 0xF81F, 0xF81F, 0xF81F, 0xF81F,
    0xF81F, 0xF81F, 0xF81F, 0xF81F, 0xF81F, 0xF81F, 0xF81F, 0xF81F, 0xF81F, 0xF81F, 0xF81F, 0xF81F,
    0xF81F, 0xF81F, 0xF81F, 0xF81F, 0xF81F, 0xF81F, 0xF81F, 0xF81F, 0xF81F, 0xF81F, 0xF81F, 0xF81F,
    0xF81F, 0xF81F, 0xF81F, 0xF81F, 0xF81F, 0xF81F, 0xF81F, 0xF81F, 0xF81F, 0xF81F, 0xF81F, 0xF81F,
    0xF81F, 0xF81F, 0xF81F, 0xF81F, 0xF81F, 0xF81F, 0xF81F, 0xF81F, 0xF81F, 0xF81F, 0xF81F, 0xF81F,
    0xF81F, 0xF81F, 0xF81F, 0xF81F, 0xF81F, 0xF81F, 0xF81F, 0xF81F, 0xF81F, 0xF81F, 0xF81F, 0xF81F,
    0xF81F, 0xF81F, 0xF81F, 0xF81F, 0xF81F, 0xF81F, 0xF81F, 0xF81F, 0xF81F, 0xF81F, 0xF81F, 0xF81F,
    0xF81F, 0xF81F, 0xF81F, 0xF81F, 0xF81F, 0xF81F, 0xF81F, 0xF81F, 0xF81F, 0xF81F, 0xF81F, 0xF81F,
    0xF81F, 0xF81F, 0xF81F, 0xF81F, 0xF81F, 0xF81F, 0xF81F, 0xF81F, 0xF81F, 0xF81F, 0xF81F, 0xF81F,
    0xF81F, 0xF81F, 0xF81F, 0xF81F, 0xF81F, 0xF81F, 0xF81F, 0xF81F, 0xF81F, 0xF81F, 0xF81F, 0xF81F,
    0xF81F, 0xF81F, 0xF81F, 0xF81F, 0xF81F, 0xF81F, 0xF81F, 0xF81F, 0xF81F, 0xF81F, 0xF81F, 0xF81F,
    0xF81F, 0xF81F, 0xF81F, 0xF81F, 0xF81F, 0xF81F, 0xF81F, 0xF81F, 0xF81F, 0xF81F, 0xF81F, 0xF81F,
    0xF81F, 0xF81F, 0xF81F, 0xF81F, 0xF81F, 0xF81F, 0xF81F, 0xF81F, 0xF81F, 0xF81F, 0xF81F, 0xF81F,
    0xF81F, 0xF81F, 0xF81F, 0xF81F, 0xF81F, 0xF81F, 0xF81F, 0xF81F, 0xF81F, 0xF81F, 0xF81F, 0xF81F,
    0xF81F, 0xF81F, 0xF81F, 0xF81F, 0xF81F, 0xF81F, 0xF81F, 0xF81F, 0xF81F, 0xF81F, 0xF81F, 0xF81F,
    0xF81F, 0xF81F, 0xF81F, 0xF81F, 0xF81F, 0xF81F, 0xF81F, 0xF81F, 0xF81F, 0xF81F, 0xF81F, 0xF81F,
    0xF81F, 0xF81F, 0xF81F, 0xF81F, 0xF81F, 0xF81F, 0xF81F, 0xF81F, 0xF81F, 0xF81F, 0xF81F, 0xF81F,
    0xF81F, 0xF81F, 0xF81F, 0xF81F, 0xF81F, 0xF81F, 0xF81F, 0xF81F, 0xF81F, 0xF81F, 0xF81F, 0xF81F,
    0xF81F, 0xF81F, 0xF81F, 0xF81F, 0xF81F, 0xF81F, 0xF81F, 0xF81F, 0xF81F, 0xF81F, 0xF81F, 0xF81F,
    0xF81F, 0xF81F, 0xF81F, 0xF81F, 0xF81F, 0xF81F, 0xF81F, 0xF81F, 0xF81F, 0xF81F, 0xF81F, 0xF81F,
    0xF81F, 0xF81F, 0xF81F, 0xF81F, 0xF81F, 0xF81F, 0xF81F, 0xF81F, 0xF81F, 0xF81F, 0xF81F, 0xF81F,
    0xF81F, 0xF81F, 0xF81F, 0xF81F, 0xF81F, 0xF81F, 0xF81F, 0xF81F, 0xF81F, 0xF81F, 0xF81F, 0xF81F,
    0xF81F, 0xF81F, 0xF81F, 0xF81F, 0xF81F, 0xF81F, 0xF81F, 0xF81F, 0xF81F, 0xF81F, 0xF81F, 0xF81F,
    0xF81F, 0xF81F, 0xF81F, 0xF81F, 0xF81F, 0xF81F, 0xF81F, 0xF81F, 0xF81F, 0xF81F, 0xF81F, 0xF81F,
    0xF81F, 0xF81F, 0xF81F, 0xF81F, 0xF81F, 0xF81F, 0xF81F, 0xF81F, 0xF81F, 0xF81F, 0xF81F, 0xF81F,
    0xF81F, 0xF81F, 0xF81F, 0xF81F, 0xF81F, 0xF81F, 0xF81F, 0xF81F, 0xF81F, 0xF81F, 0xF81F, 0xF81F,
    0xF81F, 0xF81F, 0xF81F, 0xF81F, 0xF81F, 0xF81F, 0xF81F, 0xF81F, 0xF81F, 0xF81F, 0xF81F, 0xF81F,
    0xF81F, 0xF81F, 0xF81F, 0xF81F, 0xF81F, 0xF81F, 0xF81F, 0xF81F, 0xF81F, 0xF81F, 0xF81F, 0xF81F,
    0xF81F, 0xF81F, 0xF81F, 0xF81F, 0xF81F, 0xF81F, 0xF81F, 0xF81F, 0xF81F, 0xF81F, 0xF81F, 0xF81F,
    0xF81F, 0xF81F, 0xF81F, 0xF81F, 0xF81F, 0xF81F, 0xF81F, 0xF81F, 0xF81F, 0xF81F, 0xF81F, 0xF81F,
    0xF81F, 0xF81F, 0xF81F, 0xF81F, 0xF81F, 0xF81F, 0xF81F, 0xF81F, 0xF81F, 0xF81F, 0xF81F, 0xF81F,
    0xF81F, 0xF81F, 0xF81F, 0xF81F, 0xF81F, 0xF81F, 0xF81F, 0xF81F, 0xF81F, 0xF81F, 0xF81F, 0xF81F,
    0xF81F, 0xF81F, 0xF81F, 0xF81F, 0xF81F, 0xF81F, 0xF81F, 0xF81F, 0xF81F, 0xF81F, 0xF81F, 0xF81F,
    0xF81F, 0xF81F, 0xF81F, 0xF81F, 0xF81F, 0xF81F, 0xF81F, 0xF81F, 0xF81F, 0xF81F, 0xF81F, 0xF81F,
    0xF81F, 0xF81F, 0xF81F, 0xF81F, 0xF81F, 0xF81F, 0xF81F, 0xF81F, 0xF81F, 0xF81F, 0xF81F, 0xF81F,
    0xF81F, 0xF81F, 0xF81F, 0xF81F, 0xF81F, 0xF81F, 0xF81F, 0xF81F, 0xF81F, 0xF81F, 0xF81F, 0xF81F,
    0xF81F, 0xF81F, 0xF81F, 0xF81F, 0xF81F, 0xF81F, 0xF81F, 0xF81F, 0xF81F, 0xF81F, 0xF81F, 0xF81F,
    0xF81F, 0xF81F, 0xF81F, 0xF81F, 0xF81F, 0xF81F, 0xF81F, 0xF81F, 0xF81F, 0xF81F, 0xF81F, 0xF81F,
    0xF81F, 0xF81F, 0xF81F, 0xF81F, 0xF81F, 0xF81F, 0xF81F, 0xF81F, 0xF81F, 0xF81F, 0xF81F, 0xF81F,
    0xF81F, 0xF81F, 0xF81F, 0xF81F, 0xF81F, 0xF81F, 0xF81F, 0xF81F, 0xF81F, 0xF81F, 0xF81F, 0xF81F,
    0xF81F, 0xF81F, 0xF81F, 0xF81F, 0xF81F, 0xF81F, 0xF81F, 0xF81F, 0xF81F, 0xF81F, 0xF81F, 0xF81F,
    0xF81F, 0xF81F, 0xF81F, 0xF81F, 0xF81F, 0xF81F, 0xF81F, 0xF81F, 0xF81F, 0xF81F, 0xF81F, 0xF81F,
    0xF81F, 0xF81F, 0xF81F, 0xF81F, 0xF81F, 0xF81F, 0xF81F, 0xF81F, 0xF81F, 0xF81F, 0xF81F, 0xF81F,
    0xF81F, 0xF81F, 0xF81F, 0xF81F, 0xF81F, 0xF81F, 0xF81F, 0xF81F, 0xF81F, 0xF81F, 0xF81F, 0xF81F,
    0xF81F, 0xF81F, 0xF81F, 0xF81F, 0xF81F, 0xF81F, 0xF81F, 0xF81F, 0xF81F, 0xF81F, 0xF81F, 0xF81F,
    0xF81F, 0xF81F, 0xF81F, 0xF81F, 0xF81F, 0xF81F, 0xF81F, 0xF81F, 0xF81F, 0xF81F, 0xF81F, 0xF81F,
    0xF81F, 0xF81F, 0xF81F, 0xF81F, 0xF81F, 0xF81F, 0xF81F, 0xF81F, 0xF81F, 0xF81F, 0xF81F, 0xF81F,
    0xF81F, 0xF81F, 0xF81F, 0xF81F, 0xF81F, 0xF81F, 0xF81F, 0xF81F, 0xF81F, 0xF81F, 0xF81F, 0xF81F,
    0xF81F, 0xF81F, 0xF81F, 0xF81F, 0xF81F, 0xF81F, 0xF81F, 0xF81F, 0xF81F, 0xF81F, 0xF81F, 0xF81F,
    0xF81F, 0xF81F, 0xF81F, 0xF81F, 0xF81F, 0xF81F, 0xF81F, 0xF81F, 0xF81F, 0xF81F, 0xF81F, 0xF81F,
    0xF81F, 0xF81F, 0xF81F, 0xF81F, 0xF81F, 0xF81F, 0xF81F, 0xF81F, 0xF81F, 0xF81F, 0xF81F, 0xF81F,
    0xF81F, 0xF81F, 0xF81F, 0xF81F, 0xF81F, 0xF81F, 0xF81F, 0xF81F, 0xF81F, 0xF81F, 0xF81F, 0xF81F,
    0xF81F, 0xF81F, 0xF81F, 0xF81F, 0xF81F, 0xF81F, 0xF81F, 0xF81F, 0xF81F, 0xF81F, 0xF81F, 0xF81F,
    0xF81F, 0xF81F, 0xF81F, 0xF81F, 0xF81F, 0xF81F, 0xF81F, 0xF81F, 0xF81F, 0xF81F, 0xF81F, 0xF81F,
    0xF81F, 0xF81F, 0xF81F, 0xF81F, 0xF81F, 0xF81F, 0xF81F, 0xF81F, 0xF81F, 0xF81F, 0xF81F, 0xF81F,
    0xF81F, 0xF81F, 0xF81F, 0xF81F, 0xF81F, 0xF81F, 0xF81F, 0xF81F, 0xF81F, 0xF81F, 0xF81F, 0xF81F,
    0xF81F, 0xF81F, 0xF81F, 0xF81F, 0xF81F, 0xF81F, 0xF81F, 0xF81F, 0xF81F, 0xF81F, 0xF81F, 0xF81F,
    0xF81F, 0xF81F, 0xF81F, 0xF81F, 0xF81F, 0xF81F, 0xF81F, 0xF81F, 0xF81F, 0xF81F, 0xF81F, 0xF81F,
    0xF81F, 0xF81F, 0xF81F, 0xF81F, 0xF81F, 0xF81F, 0xF81F, 0xF81F, 0xF81F, 0xF81F, 0xF81F, 0xF81F,
    0xF81F, 0xF81F, 0xF81F, 0xF81F, 0xF81F, 0xF81F, 0xF81F, 0xF81F, 0xF81F, 0xF81F, 0xF81F, 0xF81F,
    0xF81F, 0xF81F, 0xF81F, 0xF81F, 0xF81F, 0xF81F, 0xF81F, 0xF81F, 0xF81F, 0xF81F, 0xF81F, 0xF81F,
    0xF81F, 0xF81F, 0xF81F, 0xF81F, 0xF81F, 0xF81F, 0xF81F, 0xF81F, 0xF81F, 0xF81F, 0xF81F, 0xF81F,
    0xF81F, 0xF81F, 0xF81F, 0xF81F, 0xF81F, 0xF81F, 0xF81F, 0xF81F, 0xF81F, 0xF81F, 0xF81F, 0xF81F,
    0xF81F, 0xF81F, 0xF81F, 0xF81F, 0xF81F, 0xF81F, 0xF81F, 0xF81F, 0xF81F, 0xF81F, 0xF81F, 0xF81F,
    0xF81F, 0xF81F, 0xF81F, 0xF81F, 0xF81F, 0xF81F, 0xF81F, 0xF81F, 0xF81F, 0xF81F, 0xF81F, 0xF81F,
    0xF81F, 0xF81F, 0xF81F, 0xF81F, 0xF81F, 0xF81F, 0xF81F, 0xF81F, 0xF81F, 0xF81F, 0xF81F, 0xF81F,
    0xF81F, 0xF81F, 0xF81F, 0xF81F, 0xF81F, 0xF81F, 0xF81F, 0xF81F, 0xF81F, 0xF81F, 0xF81F, 0xF81F,
    0xF81F, 0xF81F, 0xF81F, 0xF81F, 0xF81F, 0xF81F, 0xF81F, 0xF81F, 0xF81F, 0xF81F, 0xF81F, 0xF81F,
    0xF81F, 0xF81F, 0xF81F, 0xF81F, 0xF81F, 0xF81F, 0xF81F, 0xF81F, 0xF81F, 0xF81F, 0xF81F, 0xF81F,
    0xF81F, 0xF81F, 0xF81F, 0xF81F, 0xF81F, 0xF81F, 0xF81F, 0xF81F, 0xF81F, 0xF81F, 0xF81F, 0xF81F,
    0xF81F, 0xF81F, 0xF81F, 0xF81F, 0xF81F, 0xF81F, 0xF81F, 0xF81F, 0xF81F, 0xF81F, 0xF81F, 0xF81F,
    0xF81F, 0xF81F, 0xF81F, 0xF81F, 0xF81F, 0xF81F, 0xF81F, 0xF81F, 0xF81F, 0xF81F, 0xF81F, 0xF81F,
    0xF81F, 0xF81F, 0xF81F, 0xF81F, 0xF81F, 0xF81F, 0xF81F, 0xF81F, 0xF81F, 0xF81F, 0xF81F, 0xF81F,
    0xF81F, 0xF81F, 0xF81F, 0xF81F, 0xF81F, 0xF81F, 0xF81F, 0xF81F, 0xF81F, 0xF81F, 0xF81F, 0xF81F,
    0xF81F, 0xF81F, 0xF81F, 0xF81F, 0xF81F, 0xF81F, 0xF81F, 0xF81F, 0xF81F, 0xF81F, 0xF81F, 0xF81F,
    0xF81F, 0xF81F, 0xF81F, 0xF81F, 0xF81F, 0xF81F, 0xF81F, 0xF81F, 0xF81F, 0xF81F, 0xF81F, 0xF81F,
    0xF81F, 0xF81F, 0xF81F, 0xF81F, 0xF81F, 0xF81F, 0xF81F, 0xF81F, 0xF81F, 0xF81F, 0xF81F, 0xF81F,
    0xF81F, 0xF81F, 0xF81F, 0xF81F, 0xF81F, 0xF81F, 0xF81F, 0xF81F, 0xF81F, 0xF81F, 0xF81F, 0xF81F,
    0xF81F, 0xF81F, 0xF81F, 0xF81F, 0xF81F, 0xF81F, 0xF81F, 0xF81F, 0xF81F, 0xF81F, 0xF81F, 0xF81F,
    0xF81F, 0xF81F, 0xF81F, 0xF81F, 0xF81F, 0xF81F, 0xF81F, 0xF81F, 0xF81F, 0xF81F, 0xF81F, 0xF81F,
    0xF81F, 0xF81F, 0xF81F, 0xF81F, 0xF81F, 0xF81F, 0xF81F, 0xF81F, 0xF81F, 0xF81F, 0xF81F, 0xF81F,
    0xF81F, 0xF81F, 0xF81F, 0xF81F, 0xF81F, 0xF81F, 0xF81F, 0xF81F, 0xF81F, 0xF81F, 0xF81F, 0xF81F,
    0xF81F, 0xF81F, 0xF81F, 0xF81F, 0xF81F, 0xF81F, 0xF81F, 0xF81F, 0xF81F, 0xF81F, 0xF81F, 0xF81F,
    0xF81F, 0xF81F, 0xF81F, 0xF81F, 0xF81F, 0xF81F, 0xF81F, 0xF81F, 0xF81F, 0xF81F, 0xF81F, 0xF81F,
    0xF81F, 0xF81F, 0xF81F, 0xF81F, 0xF81F, 0xF81F, 0xF81F, 0xF81F, 0xF81F, 0xF81F, 0xF81F, 0xF81F,
    0xF81F, 0xF81F, 0xF81F, 0xF81F, 0xF81F, 0xF81F, 0xF81F, 0xF81F, 0xF81F, 0xF81F, 0xF81F, 0xF81F,
    0xF81F, 0xF81F, 0xF81F, 0xF81F, 0xF81F, 0xF81F, 0xF81F, 0xF81F, 0xF81F, 0xF81F, 0xF81F, 0xF81F,
    0xF81F, 0xF81F, 0xF81F, 0xF81F, 0xF81F, 0xF81F, 0xF81F, 0xF81F, 0xF81F, 0xF81F, 0xF81F, 0xF81F,
    0xF81F, 0xF81F, 0xF81F, 0xF81F, 0xF81F, 0xF81F, 0xF81F, 0xF81F, 0xF81F, 0xF81F, 0xF81F, 0xF81F,
    0xF81F, 0xF81F, 0xF81F, 0xF81F, 0xF81F, 0xF81F, 0xF81F, 0xF81F, 0xF81F, 0xF81F, 0xF81F, 0xF81F,
    0xF81F, 0xF81F, 0xF81F, 0xF81F, 0xF81F, 0xF81F, 0xF81F, 0xF81F, 0xF81F, 0xF81F, 0xF81F, 0xF81F,
    0xF81F, 0xF81F, 0xF81F, 0xF81F, 0xF81F, 0xF81F, 0xF81F, 0xF81F, 0xF81F, 0xF81F, 0xF81F, 0xF81F,
    0xF81F, 0xF81F, 0xF81F, 0xF81F, 0xF81F, 0xF81F, 0xF81F, 0xF81F, 0xF81F, 0xF81F, 0xF81F, 0xF81F,
    0xF81F, 0xF81F, 0xF81F, 0xF81F, 0xF81F, 0xF81F, 0xF81F, 0xF81F, 0xF81F, 0xF81F, 0xF81F, 0xF81F,
    0xF81F, 0xF81F, 0xF81F, 0xF81F, 0xF81F, 0xF81F, 0xF81F, 0xF81F, 0xF81F, 0xF81F, 0xF81F, 0xF81F,
    0xF81F, 0xF81F, 0xF81F, 0xF81F, 0xF81F, 0xF81F, 0xF81F, 0xF81F, 0xF81F, 0xF81F, 0xF81F, 0xF81F,
    0xF81F, 0xF81F, 0xF81F, 0xF81F, 0xF81F, 0xF81F, 0xF81F, 0xF81F, 0xF81F, 0xF81F, 0xF81F, 0xF81F,
    0xF81F, 0xF81F, 0xF81F, 0xF81F, 0xF81F, 0xF81F, 0xF81F, 0xF81F, 0xF81F, 0xF81F, 0xF81F, 0xF81F,
    0xF81F, 0xF81F, 0xF81F, 0xF81F, 0xF81F, 0xF81F, 0xF81F, 0xF81F, 0xF81F, 0xF81F, 0xF81F, 0xF81F,
    0xF81F, 0xF81F, 0xF81F, 0xF81F, 0xF81F, 0xF81F, 0xF81F, 0xF81F, 0xF81F, 0xF81F, 0xF81F, 0xF81F,
    0xF81F, 0xF81F, 0xF81F, 0xF81F, 0xF81F, 0xF81F, 0xF81F, 0xF81F, 0xF81F, 0xF81F, 0xF81F, 0xF81F,
    0xF81F, 0xF81F, 0xF81F, 0xF81F, 0xF81F, 0xF81F, 0xF81F, 0xF81F, 0xF81F, 0xF81F, 0xF81F, 0xF81F,
    0xF81F, 0xF81F, 0xF81F, 0xF81F, 0xF81F, 0xF81F, 0xF81F, 0xF81F, 0xF81F, 0xF81F, 0xF81F, 0xF81F,
    0xF81F, 0xF81F, 0xF81F, 0xF81F, 0xF81F, 0xF81F, 0xF81F, 0xF81F, 0xF81F, 0xF81F, 0xF81F, 0xF81F,
    0xF81F, 0xF81F, 0xF81F, 0xF81F, 0xF81F, 0xF81F, 0xF81F, 0xF81F, 0xF81F, 0xF81F, 0xF81F, 0xF81F,
    0xF81F, 0xF81F, 0xF81F, 0xF81F, 0xF81F, 0xF81F, 0xF81F, 0xF81F, 0xF81F, 0xF81F, 0xF81F, 0xF81F,
    0xF81F, 0xF81F, 0xF81F, 0xF81F, 0xF81F, 0xF81F, 0xF81F, 0xF81F, 0xF81F, 0xF81F, 0xF81F, 0xF81F,
    0xF81F, 0xF81F, 0xF81F, 0xF81F, 0xF81F, 0xF81F, 0xF81F, 0xF81F, 0xF81F, 0xF81F, 0xF81F, 0xF81F,
    0xF81F, 0xF81F, 0xF81F, 0xF81F, 0xF81F, 0xF81F, 0xF81F, 0xF81F, 0xF81F, 0xF81F, 0xF81F, 0xF81F,
    0xF81F, 0xF81F, 0xF81F, 0xF81F, 0xF81F, 0xF81F, 0xF81F, 0xF81F, 0xF81F, 0xF81F, 0xF81F, 0xF81F,
    0xF81F, 0xF81F, 0xF81F, 0xF81F, 0xF81F, 0xF81F, 0xF81F, 0xF81F, 0xF81F, 0xF81F, 0xF81F, 0xF81F,
    0xF81F, 0xF81F, 0xF81F, 0xF81F, 0xF81F, 0xF81F, 0xF81F, 0xF81F, 0xF81F, 0xF81F, 0xF81F, 0xF81F,
    0xF81F, 0xF81F, 0xF81F, 0xF81F, 0xF81F, 0xF81F, 0xF81F, 0xF81F, 0xF81F, 0xF81F, 0xF81F, 0xF81F,
    0xF81F, 0xF81F, 0xF81F, 0xF81F, 0xF81F, 0xF81F, 0xF81F, 0xF81F, 0xF81F, 0xF81F, 0xF81F, 0xF81F,
    0xF81F, 0xF81F, 0xF81F, 0xF81F, 0xF81F, 0xF81F, 0xF81F, 0xF81F, 0xF81F, 0xF81F, 0xF81F, 0xF81F,
    0xF81F, 0xF81F, 0xF81F, 0xF81F, 0xF81F, 0xF81F, 0xF81F, 0xF81F, 0xF81F, 0xF81F, 0xF81F, 0xF81F,
    0xF81F, 0xF81F, 0xF81F, 0xF81F, 0xF81F, 0xF81F, 0xF81F, 0xF81F, 0xF81F, 0xF81F, 0xF81F, 0xF81F,
    0xF81F, 0xF81F, 0xF81F, 0xF81F, 0xF81F, 0xF81F, 0xF81F, 0xF81F, 0xF81F, 0xF81F, 0xF81F, 0xF81F,
    0xF81F, 0xF81F, 0xF81F, 0xF81F, 0xF81F, 0xF81F, 0xF81F, 0xF81F, 0xF81F, 0xF81F, 0xF81F, 0xF81F,
    0xF81F, 0xF81F, 0xF81F, 0xF81F, 0xF81F, 0xF81F, 0xF81F, 0xF81F, 0xF81F, 0xF81F, 0xF81F, 0xF81F,
    0xF81F, 0xF81F, 0xF81F, 0xF81F, 0xF81F, 0xF81F, 0xF81F, 0xF81F, 0xF81F, 0xF81F, 0xF81F, 0xF81F,
    0xF81F, 0xF81F, 0xF81F, 0xF81F, 0xF81F, 0xF81F, 0xF81F, 0xF81F, 0xF81F, 0xF81F, 0xF81F, 0xF81F,
    0xF81F, 0xF81F, 0xF81F, 0xF81F, 0xF81F, 0xF81F, 0xF81F, 0xF81F, 0xF81F, 0xF81F, 0xF81F, 0xF81F,
    0x1043, 0x0020, 0x0822, 0x0000, 0xF81F, 0xF81F, 0xF81F, 0xF81F, 0xF81F, 0xF81F, 0xF81F, 0xF81F,
    0xF81F, 0xF81F, 0xF81F, 0xF81F, 0xF81F, 0xF81F, 0xF81F, 0xF81F, 0xF81F, 0xF81F, 0xF81F, 0xF81F,
    0xF81F, 0xF81F, 0xF81F, 0xF81F, 0xF81F, 0xF81F, 0xF81F, 0xF81F, 0xF81F, 0xF81F, 0xF81F, 0xF81F,
    0xF81F, 0xF81F, 0xF81F, 0xF81F, 0xF81F, 0xF81F, 0xF81F, 0xF81F, 0xF81F, 0xF81F, 0xF81F, 0xF81F,
    0xF81F, 0xF81F, 0xF81F, 0xF81F, 0xF81F, 0xF81F, 0xF81F, 0xF81F, 0xF81F, 0xF81F, 0xF81F, 0xF81F,
    0xF81F, 0xF81F, 0xF81F, 0xF81F, 0xF81F, 0xF81F, 0xF81F, 0xF81F, 0xF81F, 0xF81F, 0xF81F, 0xF81F,
    0xF81F, 0xF81F, 0xF81F, 0xF81F, 0xF81F, 0xF81F, 0xF81F, 0xF81F, 0xF81F, 0xF81F, 0xF81F, 0xF81F,
    0xF81F, 0xF81F, 0xF81F, 0xF81F, 0xF81F, 0xF81F, 0xF81F, 0xF81F, 0xF81F, 0xF81F, 0xF81F, 0x0001,
    0x0000, 0x6C80, 0x5C80, 0x0000, 0xF81F, 0xF81F, 0x0000, 0xF81F, 0xF81F, 0xF81F, 0xF81F, 0xF81F,
    0xF81F, 0xF81F, 0xF81F, 0xF81F, 0xF81F, 0xF81F, 0xF81F, 0xF81F, 0xF81F, 0xF81F, 0xF81F, 0xF81F,
    0xF81F, 0xF81F, 0xF81F, 0xF81F, 0xF81F, 0xF81F, 0xF81F, 0xF81F, 0xF81F, 0xF81F, 0xF81F, 0xF81F,
    0xF81F, 0xF81F, 0xF81F, 0xF81F, 0xF81F, 0xF81F, 0xF81F, 0xF81F, 0xF81F, 0xF81F, 0xF81F, 0xF81F,
    0xF81F, 0xF81F, 0xF81F, 0xF81F, 0xF81F, 0xF81F, 0xF81F, 0xF81F, 0xF81F, 0xF81F, 0xF81F, 0xF81F,
    0xF81F, 0xF81F, 0xF81F, 0xF81F, 0xF81F, 0xF81F, 0xF81F, 0xF81F, 0xF81F, 0xF81F, 0xF81F, 0xF81F,
    0xF81F, 0xF81F, 0xF81F, 0xF81F, 0xF81F, 0xF81F, 0xF81F, 0xF81F, 0xF81F, 0xF81F, 0xF81F, 0xF81F,
    0xF81F, 0xF81F, 0xF81F, 0xF81F, 0xF81F, 0xF81F, 0xF81F, 0xF81F, 0xF81F, 0xF81F, 0x3124, 0x1A80,
    0x2300, 0x4420, 0x33A0, 0x2B40, 0x2A62, 0xF81F, 0x22E0, 0x2221, 0xF81F, 0xF81F, 0xF81F, 0xF81F,
    0xF81F, 0xF81F, 0xF81F, 0xF81F, 0xF81F, 0xF81F, 0xF81F, 0xF81F, 0xF81F, 0xF81F, 0xF81F, 0xF81F,
    0xF81F, 0xF81F, 0xF81F, 0xF81F, 0xF81F, 0xF81F, 0xF81F, 0xF81F, 0xF81F, 0xF81F, 0xF81F, 0xF81F,
    0xF81F, 0xF81F, 0xF81F, 0xF81F, 0xF81F, 0xF81F, 0xF81F, 0xF81F, 0xF81F, 0xF81F, 0xF81F, 0xF81F,
    0xF81F, 0xF81F, 0xF81F, 0xF81F, 0xF81F, 0xF81F, 0xF81F, 0xF81F, 0xF81F, 0xF81F, 0xF81F, 0xF81F,
    0xF81F, 0xF81F, 0xF81F, 0xF81F, 0xF81F, 0xF81F, 0xF81F, 0xF81F, 0xF81F, 0xF81F, 0xF81F, 0xF81F,
    0xF81F, 0xF81F, 0xF81F, 0xF81F, 0xF81F, 0xF81F, 0xF81F, 0xF81F, 0xF81F, 0xF81F, 0xF81F, 0xF81F,
    0xF81F, 0xF81F, 0xF81F, 0xF81F, 0xF81F, 0xF81F, 0xF81F, 0xF81F, 0xF81F, 0x0000, 0x1980, 0x4DE0,
    0x4E80, 0x02E0, 0x0A60, 0x5EE0, 0x1320, 0x00E0, 0x5680, 0x2360, 0x0000, 0x0060, 0xF81F, 0xF81F,
    0xF81F, 0xF81F, 0xF81F, 0xF81F, 0xF81F, 0xF81F, 0xF81F, 0xF81F, 0xF81F, 0x0020, 0x0040, 0x0841,
    0xF81F, 0xF81F, 0xF81F, 0xF81F, 0xF81F, 0xF81F, 0xF81F, 0xF81F, 0xF81F, 0xF81F, 0xF81F, 0xF81F,
    0xF81F, 0xF81F, 0xF81F, 0xF81F, 0xF81F, 0xF81F, 0xF81F, 0xF81F, 0xF81F, 0xF81F, 0xF81F, 0xF81F,
    0xF81F, 0xF81F, 0xF81F, 0xF81F, 0xF81F, 0xF81F, 0xF81F, 0xF81F, 0xF81F, 0xF81F, 0xF81F, 0xF81F,
    0xF81F, 0xF81F, 0xF81F, 0xF81F, 0xF81F, 0xF81F, 0xF81F, 0xF81F, 0xF81F, 0xF81F, 0xF81F, 0xF81F,
    0xF81F, 0xF81F, 0xF81F, 0xF81F, 0xF81F, 0xF81F, 0xF81F, 0xF81F, 0xF81F, 0xF81F, 0xF81F, 0xF81F,
    0xF81F, 0xF81F, 0xF81F, 0xF81F, 0xF81F, 0xF81F, 0xF81F, 0xF81F, 0xF81F, 0x0940, 0x2D40, 0x25A0,
    0x0B20, 0x1380, 0x3E00, 0x0B00, 0x1340, 0x3DA0, 0x13A0, 0x0240, 0x0BE0, 0x2E40, 0x0A40, 0x0000,
    0x0000, 0xF81F, 0xF81F, 0xF81F, 0xF81F, 0x0801, 0x0001, 0x1180, 0x4460, 0x8600, 0x9680, 0x7560,
    0x0000, 0x0000, 0x0001, 0x1002, 0xF81F, 0xF81F, 0xF81F, 0xF81F, 0xF81F, 0xF81F, 0xF81F, 0xF81F,
    0xF81F, 0xF81F, 0xF81F, 0xF81F, 0xF81F, 0xF81F, 0xF81F, 0xF81F, 0xF81F, 0xF81F, 0xF81F, 0xF81F,
    0xF81F, 0xF81F, 0xF81F, 0xF81F, 0xF81F, 0xF81F, 0xF81F, 0xF81F, 0xF81F, 0xF81F, 0xF81F, 0xF81F,
    0xF81F, 0xF81F, 0xF81F, 0xF81F, 0xF81F, 0xF81F, 0xF81F, 0xF81F, 0xF81F, 0xF81F, 0xF81F, 0xF81F,
    0xF81F, 0xF81F, 0xF81F, 0xF81F, 0xF81F, 0xF81F, 0xF81F, 0xF81F, 0xF81F, 0xF81F, 0xF81F, 0xF81F,
    0xF81F, 0xF81F, 0xF81F, 0xF81F, 0xF81F, 0xF81F, 0xF81F, 0xF81F, 0xF81F, 0x0900, 0x1BC0, 0x0B40,
    0x0180, 0x1280, 0x2400, 0x0180, 0x1280, 0x2BE0, 0x0160, 0x0220, 0x0B60, 0x12A0, 0x1260, 0x1280,
    0x0A60, 0x1963, 0xF81F, 0xF81F, 0x18E3, 0x01A0, 0x1220, 0x1AE0, 0x3400, 0x4C40, 0x4CC0, 0x5520,
    0x4360, 0x4340, 0x32A0, 0x0080, 0xF81F, 0xF81F, 0xF81F, 0xF81F, 0xF81F, 0xF81F, 0xF81F, 0xF81F,
    0xF81F, 0xF81F, 0xF81F, 0xF81F, 0xF81F, 0xF81F, 0xF81F, 0xF81F, 0xF81F, 0xF81F, 0xF81F, 0xF81F,
    0xF81F, 0xF81F, 0xF81F, 0xF81F, 0xF81F, 0xF81F, 0xF81F, 0xF81F, 0xF81F, 0xF81F, 0xF81F, 0xF81F,
    0xF81F, 0xF81F, 0xF81F, 0xF81F, 0xF81F, 0xF81F, 0xF81F, 0xF81F, 0xF81F, 0xF81F, 0xF81F, 0xF81F,
    0xF81F, 0xF81F, 0xF81F, 0xF81F, 0xF81F, 0xF81F, 0xF81F, 0xF81F, 0xF81F, 0xF81F, 0xF81F, 0xF81F,
    0xF81F, 0xF81F, 0xF81F, 0xF81F, 0xF81F, 0xF81F, 0x0000, 0x0000, 0x0000, 0x0000, 0x0000, 0x0000,
    0x0000, 0x0000, 0x0000, 0x0000, 0x0000, 0x0000, 0x0000, 0x0000, 0x0000, 0x0000, 0x11E0, 0x2400,
    0x1420, 0x01A0, 0x0000, 0x0000, 0x01A0, 0x0C60, 0x3D40, 0x1BC0, 0x01C0, 0x01E0, 0x02A0, 0x3480,
    0x8EC0, 0x8EE0, 0x7620, 0x1260, 0x0040, 0xF81F, 0xF81F, 0xF81F, 0xF81F, 0xF81F, 0xF81F, 0xF81F,
    0xF81F, 0xF81F, 0xF81F, 0xF81F, 0xF81F, 0xF81F, 0xF81F, 0xF81F, 0xF81F, 0xF81F, 0xF81F, 0xF81F,
    0xF81F, 0xF81F, 0xF81F, 0xF81F, 0xF81F, 0xF81F, 0xF81F, 0xF81F, 0xF81F, 0xF81F, 0xF81F, 0xF81F,
    0xF81F, 0xF81F, 0xF81F, 0xF81F, 0xF81F, 0xF81F, 0xF81F, 0xF81F, 0xF81F, 0xF81F, 0xF81F, 0xF81F,
    0xF81F, 0xF81F, 0xF81F, 0xF81F, 0xF81F, 0xF81F, 0xF81F, 0xF81F, 0xF81F, 0xF81F, 0xF81F, 0xF81F,
    0xF81F, 0xF81F, 0x0801, 0x0801, 0x0801, 0x0081, 0x0140, 0x0140, 0x0120, 0x0120, 0x0140, 0x0140,
    0x0120, 0x0140, 0x01C0, 0x0180, 0x0160, 0x0140, 0x0140, 0x0140, 0x0120, 0x0120, 0x00C0, 0x0080,
    0x0000, 0x0000, 0x0000, 0x0000, 0x0100, 0x0260, 0x01E1, 0x0260, 0x0B20, 0x33A0, 0x1300, 0x0260,
    0x0240, 0x1B40, 0x5520, 0x8680, 0x1160, 0x0002, 0xF81F, 0xF81F, 0xF81F, 0xF81F, 0xF81F, 0xF81F,
    0xF81F, 0xF81F, 0xF81F, 0xF81F, 0xF81F, 0xF81F, 0xF81F, 0xF81F, 0xF81F, 0xF81F, 0xF81F, 0xF81F,
    0xF81F, 0xF81F, 0xF81F, 0xF81F, 0xF81F, 0xF81F, 0xF81F, 0xF81F, 0xF81F, 0xF81F, 0xF81F, 0xF81F,
    0xF81F, 0xF81F, 0xF81F, 0xF81F, 0xF81F, 0xF81F, 0xF81F, 0xF81F, 0xF81F, 0xF81F, 0xF81F, 0xF81F,
    0xF81F, 0xF81F, 0xF81F, 0xF81F, 0xF81F, 0xF81F, 0xF81F, 0xF81F, 0xF81F, 0xF81F, 0xF81F, 0xF81F,
    0xF81F, 0x0882, 0x00C0, 0x00C0, 0x00C0, 0x0120, 0x01C0, 0x0180, 0x0240, 0x0B20, 0x02A0, 0x0160,
    0x0160, 0x01A0, 0x0BC0, 0x0BE0, 0x02A0, 0x0160, 0x01A0, 0x0180, 0x0220, 0x0380, 0x0380, 0x02C0,
    0x0100, 0x0120, 0x0120, 0x00C0, 0x0080, 0x0040, 0x0060, 0x0100, 0x09A0, 0x11C0, 0x0220, 0x0280,
    0x1A80, 0x1300, 0x2BC0, 0x2C00, 0x1B80, 0x0AA0, 0x0000, 0xF81F, 0xF81F, 0xF81F, 0xF81F, 0xF81F,
    0xF81F, 0xF81F, 0xF81F, 0xF81F, 0xF81F, 0xF81F, 0xF81F, 0xF81F, 0xF81F, 0xF81F, 0xF81F, 0xF81F,
    0xF81F, 0xF81F, 0xF81F, 0xF81F, 0xF81F, 0xF81F, 0xF81F, 0xF81F, 0xF81F, 0xF81F, 0xF81F, 0xF81F,
    0xF81F, 0xF81F, 0xF81F, 0xF81F, 0xF81F, 0xF81F, 0xF81F, 0xF81F, 0xF81F, 0xF81F, 0xF81F, 0xF81F,
    0xF81F, 0xF81F, 0xF81F, 0xF81F, 0xF81F, 0xF81F, 0xF81F, 0xF81F, 0xF81F, 0xF81F, 0x1843, 0x0040,
    0x0040, 0x0100, 0x01C0, 0x01A0, 0x01C0, 0x01A0, 0x01A0, 0x0160, 0x0280, 0x1C20, 0x1380, 0x01C0,
    0x01A0, 0x01A0, 0x0320, 0x1C20, 0x0B40, 0x01E0, 0x01A0, 0x0180, 0x0200, 0x03A0, 0x0C20, 0x02C0,
    0x0160, 0x0180, 0x01A0, 0x0220, 0x01E0, 0x0180, 0x01A0, 0x0080, 0x0000, 0x0000, 0x0140, 0x0260,
    0x2AA0, 0x0A60, 0x0240, 0x0220, 0x1420, 0x1400, 0x0060, 0xF81F, 0xF81F, 0xF81F, 0xF81F, 0xF81F,
    0xF81F, 0xF81F, 0xF81F, 0xF81F, 0xF81F, 0xF81F, 0xF81F, 0xF81F, 0xF81F, 0xF81F, 0x0000, 0x0020,
    0x0000, 0x0020, 0x0020, 0x0000, 0x0000, 0xF81F, 0xF81F, 0xF81F, 0xF81F, 0xF81F, 0xF81F, 0xF81F,
    0xF81F, 0xF81F, 0xF81F, 0xF81F, 0xF81F, 0xF81F, 0xF81F, 0xF81F, 0xF81F, 0xF81F, 0xF81F, 0xF81F,
    0xF81F, 0xF81F, 0xF81F, 0xF81F, 0xF81F, 0xF81F, 0xF81F, 0x1002, 0x0000, 0x0000, 0x00E0, 0x01C0,
    0x01A0, 0x0180, 0x01A0, 0x0180, 0x1340, 0x1C60, 0x0180, 0x0160, 0x01C0, 0x13C0, 0x1BE0, 0x13C0,
    0x0160, 0x0140, 0x01A0, 0x13C0, 0x1C00, 0x13A0, 0x01A0, 0x01A0, 0x0180, 0x0200, 0x13A0, 0x1360,
    0x01C0, 0x0160, 0x0180, 0x1BE0, 0x0280, 0x0121, 0x01A0, 0x0160, 0x0140, 0x0160, 0x0080, 0x0040,
    0x00A0, 0x0980, 0x0AA0, 0x02A0, 0x0260, 0x0240, 0x0280, 0x0080, 0x1002, 0xF81F, 0xF81F, 0xF81F,
    0xF81F, 0xF81F, 0xF81F, 0xF81F, 0xF81F, 0xF81F, 0xF81F, 0xF81F, 0x0000, 0x0000, 0x4B80, 0x8620,
    0x85E0, 0x3440, 0x02A0, 0x0180, 0x0800, 0xF81F, 0xF81F, 0xF81F, 0xF81F, 0xF81F, 0xF81F, 0xF81F,
    0xF81F, 0xF81F, 0xF81F, 0xF81F, 0xF81F, 0xF81F, 0xF81F, 0xF81F, 0xF81F, 0xF81F, 0xF81F, 0xF81F,
    0xF81F, 0xF81F, 0xF81F, 0xF81F, 0xF81F, 0x0000, 0x0000, 0x00C0, 0x0160, 0x0140, 0x0180, 0x01C0,
    0x01E0, 0x01E0, 0x01E0, 0x00C0, 0x1B80, 0x2580, 0x0B00, 0x0220, 0x0140, 0x1360, 0x2D00, 0x24C0,
    0x13A0, 0x0240, 0x0180, 0x1C40, 0x24E0, 0x1CC0, 0x0220, 0x01A0, 0x0180, 0x0220, 0x1CC0, 0x24E0,
    0x0260, 0x0140, 0x01A0, 0x23E0, 0x1BE0, 0x0AE0, 0x0160, 0x0180, 0x0220, 0x0220, 0x01C0, 0x0160,
    0x0040, 0x00A0, 0x0140, 0x0140, 0x01E0, 0x0260, 0x0260, 0x00A0, 0xF81F, 0xF81F, 0xF81F, 0xF81F,
    0xF81F, 0xF81F, 0xF81F, 0xF81F, 0xF81F, 0xF81F, 0x0001, 0x10C0, 0x4360, 0x4340, 0x6500, 0x7620,
    0x4CA0, 0x1BA0, 0x0320, 0x01C0, 0x0800, 0xF81F, 0xF81F, 0xF81F, 0xF81F, 0xF81F, 0xF81F, 0xF81F,
    0xF81F, 0xF81F, 0xF81F, 0xF81F, 0xF81F, 0xF81F, 0xF81F, 0xF81F, 0xF81F, 0xF81F, 0xF81F, 0xF81F,
    0xF81F, 0xF81F, 0x0801, 0x0801, 0x00A1, 0x0140, 0x0120, 0x0180, 0x01E0, 0x0200, 0x01E0, 0x0240,
    0x0460, 0x0C60, 0x03E0, 0x0080, 0x0A80, 0x1C80, 0x2580, 0x0B40, 0x00C0, 0x1340, 0x3600, 0x35A0,
    0x3E80, 0x0B40, 0x0120, 0x1CE0, 0x2DC0, 0x2DA0, 0x2DA0, 0x0B80, 0x0120, 0x02A0, 0x2DC0, 0x2DE0,
    0x0AC0, 0x0180, 0x0180, 0x2C40, 0x3D20, 0x2400, 0x0180, 0x0160, 0x0B80, 0x24A0, 0x0AE0, 0x0160,
    0x01A0, 0x0100, 0x0020, 0x0000, 0x0120, 0x0200, 0x00E0, 0x1062, 0xF81F, 0xF81F, 0xF81F, 0xF81F,
    0xF81F, 0xF81F, 0xF81F, 0x0801, 0x0801, 0x0821, 0x0080, 0x2240, 0x86A0, 0x8660, 0x3BE0, 0x0A20,
    0x0A20, 0x02A0, 0x0320, 0x01C0, 0x0000, 0xF81F, 0xF81F, 0xF81F, 0xF81F, 0xF81F, 0xF81F, 0xF81F,
    0xF81F, 0xF81F, 0xF81F, 0xF81F, 0xF81F, 0xF81F, 0xF81F, 0xF81F, 0xF81F, 0xF81F, 0xF81F, 0x1803,
    0x2003, 0x0861, 0x00E0, 0x0160, 0x0160, 0x0160, 0x00E0, 0x01A0, 0x0220, 0x01C0, 0x01A0, 0x0200,
    0x03A0, 0x0440, 0x04C0, 0x0D60, 0x0140, 0x0000, 0x1460, 0x2E80, 0x0240, 0x0B60, 0x2E00, 0x3580,
    0x3600, 0x0B20, 0x0160, 0x2540, 0x2DE0, 0x2D80, 0x3E40, 0x13E0, 0x0140, 0x0B20, 0x25C0, 0x2D80,
    0x2DE0, 0x0B60, 0x0120, 0x2D00, 0x3D80, 0x2D20, 0x01C0, 0x0140, 0x02A0, 0x2400, 0x2400, 0x0AA0,
    0x0120, 0x0160, 0x0280, 0x0280, 0x00C0, 0x0000, 0x0000, 0x1803, 0xF81F, 0xF81F, 0xF81F, 0xF81F,
    0xF81F, 0xF81F, 0xF81F, 0x00C0, 0x00A0, 0x1200, 0x6EA0, 0x44E0, 0x0A40, 0x1A80, 0x1AA0, 0x1AE0,
    0x2B60, 0x12E0, 0x0280, 0x01C0, 0x0000, 0xF81F, 0xF81F, 0xF81F, 0xF81F, 0xF81F, 0xF81F, 0xF81F,
    0xF81F, 0xF81F, 0xF81F, 0xF81F, 0xF81F, 0xF81F, 0xF81F, 0xF81F, 0xF81F, 0xF81F, 0x1843, 0x0080,
    0x0080, 0x0100, 0x01A0, 0x0200, 0x00A0, 0x0801, 0x2945, 0x08E2, 0x0120, 0x0B80, 0x13E0, 0x0BE0,
    0x0260, 0x0260, 0x0380, 0x0520, 0x0400, 0x02A0, 0x0180, 0x13C0, 0x02E0, 0x01E0, 0x1440, 0x35E0,
    0x3640, 0x0B40, 0x0180, 0x0B80, 0x1CE0, 0x35C0, 0x3E40, 0x13E0, 0x0160, 0x0240, 0x1CC0, 0x35C0,
    0x3620, 0x13A0, 0x0120, 0x1320, 0x2CC0, 0x3DC0, 0x1BE0, 0x0220, 0x0220, 0x2CA0, 0x2D00, 0x0B00,
    0x0100, 0x0160, 0x0300, 0x03A0, 0x01A0, 0x0080, 0x0060, 0x0060, 0x0060, 0x0040, 0x0040, 0x0040,
    0x0040, 0x0040, 0x00A0, 0x0200, 0x01E0, 0x0A60, 0x2BE0, 0x1B20, 0x0A00, 0x1B00, 0x2320, 0x1B00,
    0x0AA0, 0x0260, 0x0260, 0x01C0, 0x0000, 0xF81F, 0xF81F, 0xF81F, 0xF81F, 0xF81F, 0xF81F, 0xF81F,
    0xF81F, 0xF81F, 0xF81F, 0xF81F, 0xF81F, 0xF81F, 0xF81F, 0x0000, 0x0000, 0x0020, 0x00E0, 0x01C0,
    0x01E0, 0x01A0, 0x01A0, 0x01A1, 0x0040, 0x4A48, 0xFFFF, 0x5AEC, 0x0000, 0x2560, 0x2E00, 0x2E00,
    0x03C0, 0x01A0, 0x0140, 0x04C0, 0x0DC0, 0x0500, 0x0060, 0x00A0, 0x02E0, 0x0140, 0x0B20, 0x2E60,
    0x0C40, 0x0220, 0x01E0, 0x0180, 0x13A0, 0x3600, 0x2DE0, 0x13A0, 0x01A0, 0x0160, 0x0BE0, 0x2E00,
    0x3620, 0x13C0, 0x0140, 0x0100, 0x1340, 0x3E00, 0x3E60, 0x0B00, 0x0220, 0x3600, 0x35C0, 0x2D20,
    0x0BA0, 0x0140, 0x02C0, 0x0360, 0x0240, 0x0200, 0x0200, 0x0240, 0x0240, 0x01A0, 0x01C0, 0x01C0,
    0x0180, 0x01C0, 0x01C0, 0x0220, 0x0220, 0x01E0, 0x0180, 0x0A40, 0x2B20, 0x1260, 0x0A20, 0x0A40,
    0x0260, 0x0220, 0x0200, 0x0120, 0x0801, 0xF81F, 0xF81F, 0xF81F, 0xF81F, 0xF81F, 0xF81F, 0xF81F,
    0xF81F, 0xF81F, 0xF81F, 0xF81F, 0xF81F, 0xF81F, 0xF81F, 0x0000, 0x0040, 0x0220, 0x02A0, 0x02A0,
    0x0160, 0x02E0, 0x0D00, 0x00A0, 0x0800, 0x4203, 0x5AC7, 0x18C3, 0x0020, 0x35E0, 0x3E20, 0x3E40,
    0x0420, 0x0160, 0x0040, 0x0500, 0x0560, 0x0540, 0x0E20, 0x0180, 0x0000, 0x00A0, 0x0200, 0x1600,
    0x0B80, 0x0160, 0x0220, 0x0180, 0x1360, 0x3640, 0x0320, 0x0160, 0x01E0, 0x01E0, 0x01E0, 0x1C80,
    0x1440, 0x01C0, 0x01A0, 0x0160, 0x1340, 0x3DE0, 0x3600, 0x0B00, 0x0200, 0x1CA0, 0x3580, 0x3E60,
    0x2DA0, 0x0140, 0x13A0, 0x3600, 0x0AE0, 0x01C0, 0x01E0, 0x0340, 0x14A0, 0x01E0, 0x0180, 0x0200,
    0x1380, 0x0180, 0x02A0, 0x1D40, 0x0B20, 0x01C0, 0x0200, 0x1280, 0x2300, 0x1AE0, 0x1AE0, 0x1AE0,
    0x0AC0, 0x0280, 0x01C0, 0x0000, 0xF81F, 0xF81F, 0xF81F, 0xF81F, 0xF81F, 0xF81F, 0xF81F, 0xF81F,
    0xF81F, 0xF81F, 0xF81F, 0xF81F, 0xF81F, 0xF81F, 0xF81F, 0xF81F, 0x1843, 0x0080, 0x0A80, 0x1460,
    0x02E0, 0x02E0, 0x0380, 0x02C0, 0x0180, 0x0000, 0x0000, 0x00C0, 0x2360, 0x3E20, 0x4640, 0x4640,
    0x2DE0, 0x0A40, 0x0020, 0x2DA0, 0x3600, 0x35E0, 0x3E40, 0x3460, 0x2260, 0x0000, 0x1B20, 0x4680,
    0x2D60, 0x0AE0, 0x01E0, 0x0B00, 0x24C0, 0x3E60, 0x1CA0, 0x0AE0, 0x01C0, 0x01E0, 0x01E0, 0x14A0,
    0x0B80, 0x0120, 0x01C0, 0x0140, 0x1360, 0x2D80, 0x0280, 0x0220, 0x01A0, 0x01E0, 0x14C0, 0x1400,
    0x1380, 0x0160, 0x1360, 0x3F20, 0x0B20, 0x02C0, 0x1D80, 0x0C40, 0x1DC0, 0x01C0, 0x0B00, 0x2DA0,
    0x2DA0, 0x0180, 0x0BA0, 0x2640, 0x0B80, 0x01C0, 0x0220, 0x0200, 0x0220, 0x0220, 0x0220, 0x0220,
    0x02C0, 0x0180, 0x0080, 0xF81F, 0xF81F, 0xF81F, 0xF81F, 0xF81F, 0xF81F, 0xF81F, 0xF81F, 0xF81F,
    0xF81F, 0xF81F, 0xF81F, 0xF81F, 0xF81F, 0xF81F, 0xF81F, 0xF81F, 0xF81F, 0x1002, 0x0801, 0x00A0,
    0x1E20, 0x1340, 0x0160, 0x04A1, 0x0360, 0x08A0, 0x1120, 0x2B80, 0x4EE0, 0x4620, 0x4E40, 0x4E20,
    0x5720, 0x1AE0, 0x0000, 0x5600, 0x5E60, 0x5E40, 0x6640, 0x6F20, 0x4D20, 0x0000, 0x4D20, 0x77A0,
    0x5F00, 0x2CA0, 0x0140, 0x2D00, 0x3DE0, 0x3D80, 0x56C0, 0x3D20, 0x0160, 0x01C0, 0x0B00, 0x2D60,
    0x3580, 0x1300, 0x0180, 0x0140, 0x1340, 0x3DE0, 0x0240, 0x01C0, 0x01C0, 0x0AC0, 0x1460, 0x01E0,
    0x0160, 0x01A0, 0x01E0, 0x0B40, 0x0240, 0x0280, 0x1400, 0x02E0, 0x0320, 0x0120, 0x0B00, 0x1C80,
    0x1380, 0x01C0, 0x02E0, 0x14E0, 0x0320, 0x01E0, 0x0200, 0x0260, 0x1300, 0x0AE0, 0x0AE0, 0x0AC0,
    0x02A0, 0x00E0, 0xF81F, 0xF81F, 0xF81F, 0xF81F, 0xF81F, 0xF81F, 0xF81F, 0xF81F, 0xF81F, 0xF81F,
    0xF81F, 0xF81F, 0xF81F, 0xF81F, 0xF81F, 0xF81F, 0xF81F, 0xF81F, 0xF81F, 0xF81F, 0xF81F, 0x0840,
    0x0040, 0x4440, 0x6720, 0x0180, 0x0060, 0x1AA0, 0x6F60, 0x5600, 0x4E00, 0x3E20, 0x86E0, 0x6E60,
    0x46C0, 0x1AC0, 0x0000, 0x4E00, 0x5E60, 0x5E40, 0x5620, 0x7720, 0x4D40, 0x0000, 0x33E0, 0x3CA0,
    0x0880, 0x0040, 0x0020, 0x0020, 0x0040, 0x0020, 0x2A20, 0x8F20, 0x5D00, 0x0120, 0x54E0, 0x9F40,
    0x9F80, 0x4440, 0x00C0, 0x1A60, 0x7E80, 0x9760, 0x1B40, 0x0160, 0x0A40, 0x8680, 0x9F80, 0x2B60,
    0x00C0, 0x01C0, 0x0120, 0x2B80, 0x1280, 0x0120, 0x0120, 0x0160, 0x01A0, 0x3360, 0x09C0, 0x01C0,
    0x01C0, 0x0140, 0x0120, 0x2500, 0x13A0, 0x01C0, 0x0220, 0x01C0, 0x0160, 0x0160, 0x0160, 0x0120,
    0x0020, 0xF81F, 0xF81F, 0xF81F, 0xF81F, 0xF81F, 0xF81F, 0xF81F, 0xF81F, 0xF81F, 0xF81F, 0xF81F,
    0xF81F, 0xF81F, 0xF81F, 0xF81F, 0xF81F, 0xF81F, 0xF81F, 0xF81F, 0xF81F, 0xF81F, 0xF81F, 0xF81F,
    0x0802, 0x19C0, 0x3BC0, 0x6640, 0x2380, 0x00A0, 0x5500, 0x8760, 0x86C0, 0x7EC0, 0x9F20, 0x8EC0,
    0x8760, 0x3300, 0x0000, 0x5600, 0x5640, 0x5640, 0x8EE0, 0x5460, 0x2220, 0x0860, 0x0860, 0x0820,
    0x18C0, 0x2960, 0x39E0, 0x39C0, 0x3A00, 0x2140, 0x1960, 0xAFC0, 0x7E40, 0x0120, 0x33E0, 0x9F40,
    0xA780, 0x4420, 0x00C0, 0x1A40, 0x9720, 0x9F40, 0x6DA0, 0x1AC0, 0x1240, 0x9F20, 0xA760, 0x75A0,
    0x64E0, 0x1260, 0x1A60, 0x86E0, 0x6DA0, 0x5CC0, 0x6580, 0x12C0, 0x12C0, 0xA7E0, 0x0AC0, 0x4520,
    0x6600, 0x2360, 0x0300, 0x4E60, 0x1C00, 0x01C0, 0x0200, 0x0240, 0x02C0, 0x02C0, 0x02E0, 0x0280,
    0x0000, 0xF81F, 0xF81F, 0xF81F, 0xF81F, 0xF81F, 0xF81F, 0xF81F, 0xF81F, 0xF81F, 0xF81F, 0xF81F,
    0xF81F, 0xF81F, 0xF81F, 0xF81F, 0xF81F, 0xF81F, 0xF81F, 0xF81F, 0x1022, 0x1042, 0x1021, 0x0841,
    0x0040, 0x0000, 0x0860, 0x9F80, 0x4520, 0x0140, 0x19C0, 0x7E20, 0xB780, 0xAF40, 0xAF40, 0xAF20,
    0xBFE0, 0x4320, 0x0040, 0x5E20, 0x5640, 0x6E60, 0xBFA0, 0x21A0, 0x0000, 0x0960, 0x2160, 0x39C0,
    0x31A0, 0x31A0, 0x39E0, 0x4A40, 0x4A80, 0x2980, 0x21C0, 0xA7A0, 0x7620, 0x0180, 0x2300, 0x9F20,
    0xA7A0, 0x4440, 0x00E0, 0x1220, 0x8EE0, 0x9F20, 0xB7E0, 0x3C00, 0x1240, 0x9F60, 0x9700, 0x9F60,
    0xB7E0, 0x1220, 0x2B40, 0xA7A0, 0xA740, 0xA7A0, 0xB7E0, 0x4480, 0x2BE0, 0x9F80, 0x4500, 0x76A0,
    0xAFE0, 0x4DE0, 0x1460, 0x6F20, 0x2400, 0x01C0, 0x0220, 0x0200, 0x0201, 0x01E0, 0x0200, 0x01C0,
    0x0040, 0x2024, 0xF81F, 0xF81F, 0xF81F, 0xF81F, 0xF81F, 0xF81F, 0xF81F, 0xF81F, 0xF81F, 0xF81F,
    0xF81F, 0xF81F, 0xF81F, 0xF81F, 0xF81F, 0xF81F, 0xF81F, 0x0000, 0x01C0, 0x02E0, 0x02E0, 0x0340,
    0x0380, 0x0460, 0x0120, 0x6D40, 0x87E0, 0x4EC0, 0x0000, 0x42E0, 0xB7E0, 0xA720, 0xAF40, 0xAF20,
    0xBFE0, 0x3AE0, 0x0000, 0x7660, 0x96A0, 0xBF60, 0xA7E0, 0x1980, 0x0020, 0x0500, 0x1260, 0x3180,
    0x31C0, 0x31C0, 0x39C0, 0x5280, 0x18E0, 0x0000, 0x9680, 0xB7C0, 0x7E20, 0x0A20, 0x8EE0, 0x9F00,
    0xAFA0, 0x4460, 0x00C0, 0x6560, 0xA760, 0xA700, 0xAFC0, 0x2B40, 0x09A0, 0xA7A0, 0x5620, 0x3DC0,
    0xA760, 0x75C0, 0x7E20, 0x9F40, 0x9F00, 0x9F20, 0xA760, 0x9F60, 0x9F80, 0x9F60, 0xA7A0, 0x9F60,
    0x9F60, 0x9720, 0x7EE0, 0x7F80, 0x2C40, 0x01C0, 0x0240, 0x0A60, 0x1280, 0x1280, 0x1280, 0x1260,
    0x0260, 0x00A0, 0x1802, 0xF81F, 0xF81F, 0xF81F, 0xF81F, 0xF81F, 0xF81F, 0xF81F, 0xF81F, 0xF81F,
    0xF81F, 0xF81F, 0xF81F, 0xF81F, 0xF81F, 0xF81F, 0xF81F, 0x0000, 0x0120, 0x0341, 0x2D20, 0x66C0,
    0x5E80, 0x6700, 0x54C0, 0x2A20, 0x32C0, 0x2AC0, 0x53C0, 0x85C0, 0xB7A0, 0xAF60, 0xB7A0, 0xA720,
    0x4B40, 0x4B00, 0x7440, 0xAF00, 0xCFE0, 0xA6C0, 0x2A20, 0x3B20, 0x4400, 0x0240, 0x19E0, 0x39E0,
    0x39E0, 0x39E0, 0x31C0, 0x18C0, 0x29C0, 0x6440, 0xB760, 0x7660, 0x2CC0, 0x5D00, 0xA760, 0x9F20,
    0xA760, 0x7E20, 0x54A0, 0x96C0, 0xAF60, 0xA720, 0xAF80, 0x7580, 0x64C0, 0xA760, 0x86E0, 0x86C0,
    0xA740, 0xAFA0, 0xAFA0, 0xA740, 0xA780, 0x9720, 0x3D83, 0x3583, 0x3583, 0x3583, 0x2D82, 0x2D82,
    0x2D62, 0x3562, 0x3541, 0x2CC1, 0x1320, 0x0220, 0x0240, 0x0220, 0x0A40, 0x0A40, 0x0A60, 0x0A60,
    0x0280, 0x0160, 0x0881, 0xF81F, 0xF81F, 0xF81F, 0xF81F, 0xF81F, 0xF81F, 0xF81F, 0xF81F, 0xF81F,
    0xF81F, 0xF81F, 0xF81F, 0xF81F, 0xF81F, 0xF81F, 0xF81F, 0x1002, 0x0840, 0x0281, 0x3CC1, 0x8680,
    0x7E60, 0x8EE0, 0x97A0, 0x2AE0, 0x1200, 0x2AA0, 0x9740, 0x9700, 0x96A0, 0x96C0, 0x96A0, 0x85E0,
    0x0000, 0x5C00, 0xBFE0, 0x9681, 0x9661, 0x6CE1, 0x0020, 0x6500, 0x9720, 0x0820, 0x18C0, 0x29C0,
    0x31A0, 0x39C0, 0x39E0, 0x0880, 0x5BE0, 0xC7E0, 0xBF60, 0x5E00, 0x3560, 0xB7C0, 0x9700, 0x9F40,
    0xA740, 0x9F60, 0x9F80, 0xA760, 0xA740, 0xAF40, 0x9F40, 0xAFA0, 0xB7C0, 0xA740, 0xAF40, 0xAF60,
    0xA760, 0x8F00, 0x86C0, 0x86C0, 0x8660, 0x65C0, 0x0344, 0x0344, 0x0343, 0x0323, 0x0323, 0x0303,
    0x0303, 0x02E2, 0x02C2, 0x0261, 0x0260, 0x0260, 0x0240, 0x0A60, 0x1AA0, 0x0A80, 0x0260, 0x0260,
    0x0260, 0x0260, 0x01A0, 0x0800, 0xF81F, 0xF81F, 0xF81F, 0xF81F, 0xF81F, 0xF81F, 0xF81F, 0xF81F,
    0xF81F, 0xF81F, 0xF81F, 0xF81F, 0xF81F, 0xF81F, 0xF81F, 0xF81F, 0x1824, 0x0000, 0x0000, 0x0000,
    0x0000, 0x02A0, 0x1662, 0x3F42, 0x47C3, 0x57E2, 0x0B23, 0x01C4, 0x0243, 0x0263, 0x0101, 0x0020,
    0x04C4, 0x0486, 0x0447, 0x1527, 0x0284, 0x00C1, 0x0D43, 0x6681, 0xAF40, 0xA780, 0x3AE0, 0x0000,
    0x0000, 0x3AA0, 0xAF20, 0xAF00, 0xB740, 0xB740, 0xB760, 0xAF60, 0xA760, 0xA760, 0x86C0, 0xA760,
    0xAF80, 0x86C0, 0x5E40, 0xAF60, 0xA740, 0xAF80, 0x6660, 0x6E80, 0xAF60, 0xAF80, 0xB780, 0xA740,
    0x9F60, 0x3542, 0x0464, 0x0544, 0x00E0, 0x0000, 0x0000, 0x0000, 0x0000, 0x0000, 0x0000, 0x0000,
    0x0000, 0x0000, 0x0800, 0x0200, 0x0320, 0x0300, 0x01C0, 0x12A0, 0x3B80, 0x1AC0, 0x1280, 0x0A80,
    0x0260, 0x0220, 0x01C0, 0x0060, 0x0801, 0xF81F, 0xF81F, 0xF81F, 0xF81F, 0xF81F, 0xF81F, 0xF81F,
    0xF81F, 0xF81F, 0xF81F, 0xF81F, 0xF81F, 0xF81F, 0xF81F, 0xF81F, 0xF81F, 0xF81F, 0xF81F, 0xF81F,
    0xF81F, 0x1963, 0x01E1, 0x09E1, 0x0A01, 0x0A62, 0x3D02, 0x5561, 0x5561, 0x5581, 0x5500, 0x64C0,
    0x6E62, 0x76C3, 0x6E83, 0x4D26, 0x1364, 0x02A1, 0x8700, 0xA760, 0xAF40, 0xAFA0, 0x96C0, 0x8E40,
    0x9640, 0xA6E0, 0xB7A0, 0xB780, 0xB760, 0xB760, 0xBF80, 0x7EC0, 0x6680, 0xAF80, 0x9F40, 0xA760,
    0xAF60, 0xA740, 0x9F20, 0xAF60, 0xAF60, 0xAF60, 0x86E0, 0x9F40, 0xA760, 0x5622, 0x5642, 0x3DC3,
    0x0D03, 0x04E3, 0x0403, 0x0302, 0x0181, 0x0120, 0x0040, 0xF81F, 0xF81F, 0xF81F, 0xF81F, 0xF81F,
    0xF81F, 0xF81F, 0xF81F, 0x0080, 0x0100, 0x1240, 0x4D40, 0x2BE0, 0x12A0, 0x1AE0, 0x2320, 0x2320,
    0x0200, 0x0200, 0x0200, 0x0140, 0x0000, 0xF81F, 0xF81F, 0xF81F, 0xF81F, 0xF81F, 0xF81F, 0xF81F,
    0xF81F, 0xF81F, 0xF81F, 0xF81F, 0xF81F, 0xF81F, 0xF81F, 0xF81F, 0xF81F, 0xF81F, 0xF81F, 0xF81F,
    0xF81F, 0xF81F, 0x0801, 0x0801, 0x0000, 0x0000, 0x55A2, 0x7EA1, 0x7681, 0x7E81, 0x8701, 0x8F61,
    0x9701, 0x9721, 0x7EA2, 0x0307, 0x1CA4, 0x4662, 0x9F40, 0xAF60, 0xAF60, 0xAF60, 0xAF80, 0xB7A0,
    0xB7A0, 0xB780, 0xAF60, 0xAF60, 0xAF60, 0xAF60, 0xB760, 0x9F40, 0x9740, 0xAF60, 0xAF60, 0xAF60,
    0xAF60, 0xAF60, 0xAF60, 0xA760, 0x9700, 0x8EE0, 0x8EE0, 0x9701, 0x7EA1, 0x04E5, 0x04A5, 0x0484,
    0x04A4, 0x03E3, 0x0281, 0x01A1, 0x0241, 0x0261, 0x0140, 0x1844, 0xF81F, 0xF81F, 0xF81F, 0xF81F,
    0xF81F, 0xF81F, 0xF81F, 0xF81F, 0x0001, 0x1120, 0x7640, 0x4460, 0x1280, 0x1AA0, 0x2300, 0x2B40,
    0x22E0, 0x0A60, 0x0220, 0x0140, 0x0000, 0xF81F, 0xF81F, 0xF81F, 0xF81F, 0xF81F, 0xF81F, 0xF81F,
    0xF81F, 0xF81F, 0xF81F, 0xF81F, 0xF81F, 0xF81F, 0xF81F, 0xF81F, 0xF81F, 0xF81F, 0xF81F, 0xF81F,
    0xF81F, 0xF81F, 0xF81F, 0xF81F, 0xF81F, 0x0820, 0x0000, 0x0000, 0x0000, 0x0000, 0x0203, 0x03E5,
    0x03C5, 0x0344, 0x02E3, 0x04C5, 0x6682, 0xAFA0, 0x9740, 0x9740, 0x9740, 0x9740, 0xA7A0, 0xAFE0,
    0xAFE0, 0xAFE0, 0xAFE0, 0xAFE0, 0xA7A0, 0xA760, 0xA760, 0xAF60, 0xA760, 0xA760, 0xA760, 0xA760,
    0xA760, 0xA760, 0x9720, 0x2525, 0x0CA5, 0x04E5, 0x0525, 0x0546, 0x0545, 0x0585, 0x0362, 0x01C0,
    0x0221, 0x01E0, 0x01C0, 0x0201, 0x02A1, 0x0AE0, 0x3BC0, 0x0920, 0x0801, 0xF81F, 0xF81F, 0xF81F,
    0xF81F, 0xF81F, 0xF81F, 0xF81F, 0xF81F, 0x1823, 0x0000, 0x1980, 0x96C0, 0x96C0, 0x3C00, 0x1260,
    0x22E0, 0x0A80, 0x0240, 0x0140, 0x0000, 0xF81F, 0xF81F, 0xF81F, 0xF81F, 0xF81F, 0xF81F, 0xF81F,
    0xF81F, 0xF81F, 0xF81F, 0xF81F, 0xF81F, 0xF81F, 0xF81F, 0xF81F, 0xF81F, 0xF81F, 0xF81F, 0xF81F,
    0xF81F, 0xF81F, 0xF81F, 0xF81F, 0xF81F, 0xF81F, 0xF81F, 0xF81F, 0xF81F, 0xF81F, 0x08E3, 0x0101,
    0x0101, 0x00C1, 0x0100, 0x0464, 0x0504, 0x0D45, 0x0D65, 0x0D85, 0x0D85, 0x0D65, 0x2402, 0x3381,
    0x2B41, 0x2B41, 0x2B42, 0x2B21, 0x2442, 0x1DA4, 0x2583, 0x1D84, 0x1DA4, 0x1DA4, 0x1DA4, 0x1DA4,
    0x1DA4, 0x1D84, 0x1D64, 0x0525, 0x0363, 0x01E1, 0x0202, 0x0222, 0x02C2, 0x02E2, 0x0221, 0x01E0,
    0x0240, 0x02A0, 0x02E0, 0x02A0, 0x0AC0, 0x2320, 0x4C60, 0x0960, 0x0801, 0xF81F, 0xF81F, 0xF81F,
    0xF81F, 0xF81F, 0xF81F, 0xF81F, 0xF81F, 0xF81F, 0xF81F, 0x3104, 0x3B00, 0x4320, 0x5C60, 0x6500,
    0x64E0, 0x2380, 0x02A0, 0x0140, 0x0000, 0xF81F, 0xF81F, 0xF81F, 0xF81F, 0xF81F, 0xF81F, 0xF81F,
    0xF81F, 0xF81F, 0xF81F, 0xF81F, 0xF81F, 0xF81F, 0xF81F, 0xF81F, 0xF81F, 0xF81F, 0xF81F, 0xF81F,
    0xF81F, 0xF81F, 0xF81F, 0xF81F, 0xF81F, 0xF81F, 0xF81F, 0xF81F, 0xF81F, 0xF81F, 0xF81F, 0xF81F,
    0xF81F, 0x1001, 0x0800, 0x0881, 0x01E2, 0x02E3, 0x02C3, 0x02C3, 0x02C2, 0x0504, 0x0201, 0x0000,
    0x0080, 0x08A0, 0x08A0, 0x0860, 0x01C1, 0x0404, 0x03A4, 0x03A4, 0x03A4, 0x03A4, 0x03A4, 0x03A4,
    0x03A4, 0x03A4, 0x03A4, 0x0424, 0x0222, 0x0800, 0x0800, 0x0000, 0x0060, 0x0200, 0x0240, 0x0300,
    0x0280, 0x02C0, 0x0380, 0x0B40, 0x43E0, 0x5440, 0x3360, 0x1940, 0xF81F, 0xF81F, 0xF81F, 0xF81F,
    0xF81F, 0xF81F, 0xF81F, 0xF81F, 0xF81F, 0xF81F, 0xF81F, 0xF81F, 0x0001, 0x0000, 0x4B60, 0x85C0,
    0x7D80, 0x33A0, 0x0200, 0x0100, 0x0000, 0xF81F, 0xF81F, 0xF81F, 0xF81F, 0xF81F, 0xF81F, 0xF81F,
    0xF81F, 0xF81F, 0xF81F, 0xF81F, 0xF81F, 0xF81F, 0xF81F, 0xF81F, 0xF81F, 0xF81F, 0xF81F, 0xF81F,
    0xF81F, 0xF81F, 0xF81F, 0xF81F, 0xF81F, 0xF81F, 0xF81F, 0xF81F, 0xF81F, 0xF81F, 0xF81F, 0xF81F,
    0xF81F, 0xF81F, 0xF81F, 0xF81F, 0xF81F, 0xF81F, 0xF81F, 0x1001, 0x0000, 0x4540, 0x3480, 0x0180,
    0x0B20, 0x2BA0, 0x5400, 0x6D60, 0x3280, 0x0000, 0x0000, 0x0000, 0x0000, 0x0000, 0x0000, 0x0000,
    0x0000, 0x0000, 0x0000, 0x0000, 0xF81F, 0xF81F, 0xF81F, 0xF81F, 0x0080, 0x0400, 0x03A0, 0x0360,
    0x0340, 0x0320, 0x2320, 0x5460, 0x64E0, 0x4C00, 0x0000, 0xF81F, 0xF81F, 0xF81F, 0xF81F, 0xF81F,
    0xF81F, 0xF81F, 0xF81F, 0xF81F, 0xF81F, 0xF81F, 0xF81F, 0xF81F, 0xF81F, 0xF81F, 0x0000, 0x0000,
    0x0000, 0x0000, 0x0000, 0x0000, 0x0000, 0xF81F, 0xF81F, 0xF81F, 0xF81F, 0xF81F, 0xF81F, 0xF81F,
    0xF81F, 0xF81F, 0xF81F, 0xF81F, 0xF81F, 0xF81F, 0xF81F, 0xF81F, 0xF81F, 0xF81F, 0xF81F, 0xF81F,
    0xF81F, 0xF81F, 0xF81F, 0xF81F, 0xF81F, 0xF81F, 0xF81F, 0xF81F, 0xF81F, 0xF81F, 0xF81F, 0xF81F,
    0xF81F, 0xF81F, 0xF81F, 0xF81F, 0xF81F, 0xF81F, 0xF81F, 0xF81F, 0xF81F, 0x19C0, 0x3B40, 0x4CA0,
    0x02A0, 0x1AE0, 0x3320, 0x6500, 0x2AA0, 0x0001, 0xF81F, 0xF81F, 0xF81F, 0xF81F, 0xF81F, 0xF81F,
    0xF81F, 0xF81F, 0xF81F, 0xF81F, 0xF81F, 0xF81F, 0xF81F, 0xF81F, 0xF81F, 0x0180, 0x0140, 0x1220,
    0x7E40, 0x6D40, 0x6D00, 0x8E20, 0x4360, 0x21E0, 0xF81F, 0xF81F, 0xF81F, 0xF81F, 0xF81F, 0xF81F,
    0xF81F, 0xF81F, 0xF81F, 0xF81F, 0xF81F, 0xF81F, 0xF81F, 0xF81F, 0xF81F, 0xF81F, 0xF81F, 0xF81F,
    0xF81F, 0xF81F, 0xF81F, 0xF81F, 0xF81F, 0xF81F, 0xF81F, 0xF81F, 0xF81F, 0xF81F, 0xF81F, 0xF81F,
    0xF81F, 0xF81F, 0xF81F, 0xF81F, 0xF81F, 0xF81F, 0xF81F, 0xF81F, 0xF81F, 0xF81F, 0xF81F, 0xF81F,
    0xF81F, 0xF81F, 0xF81F, 0xF81F, 0xF81F, 0xF81F, 0xF81F, 0xF81F, 0xF81F, 0xF81F, 0xF81F, 0xF81F,
    0xF81F, 0xF81F, 0xF81F, 0xF81F, 0xF81F, 0xF81F, 0xF81F, 0xF81F, 0xF81F, 0x0001, 0x3A80, 0x8E60,
    0x1B00, 0x2380, 0x3C40, 0x5D40, 0x2AA0, 0x0001, 0xF81F, 0xF81F, 0xF81F, 0xF81F, 0xF81F, 0xF81F,
    0xF81F, 0xF81F, 0xF81F, 0xF81F, 0xF81F, 0xF81F, 0xF81F, 0xF81F, 0xF81F, 0x1002, 0x0801, 0x2101,
    0x85A0, 0x95E0, 0x9620, 0x9E80, 0x31C0, 0xF81F, 0xF81F, 0xF81F, 0xF81F, 0xF81F, 0xF81F, 0xF81F,
    0xF81F, 0xF81F, 0xF81F, 0xF81F, 0xF81F, 0xF81F, 0xF81F, 0xF81F, 0xF81F, 0xF81F, 0xF81F, 0xF81F,
    0xF81F, 0xF81F, 0xF81F, 0xF81F, 0xF81F, 0xF81F, 0xF81F, 0xF81F, 0xF81F, 0xF81F, 0xF81F, 0xF81F,
    0xF81F, 0xF81F, 0xF81F, 0xF81F, 0xF81F, 0xF81F, 0xF81F, 0xF81F, 0xF81F, 0xF81F, 0xF81F, 0xF81F,
    0xF81F, 0xF81F, 0xF81F, 0xF81F, 0xF81F, 0xF81F, 0xF81F, 0xF81F, 0xF81F, 0xF81F, 0xF81F, 0xF81F,
    0xF81F, 0xF81F, 0xF81F, 0xF81F, 0xF81F, 0xF81F, 0xF81F, 0xF81F, 0xF81F, 0xF81F, 0x1003, 0x0040,
    0xA6C0, 0x5500, 0x1320, 0x6D80, 0x32C0, 0x0001, 0xF81F, 0xF81F, 0xF81F, 0xF81F, 0xF81F, 0xF81F,
    0xF81F, 0xF81F, 0xF81F, 0xF81F, 0xF81F, 0xF81F, 0xF81F, 0xF81F, 0xF81F, 0xF81F, 0xF81F, 0xF81F,
    0x0000, 0x0000, 0x0000, 0x0000, 0xF81F, 0xF81F, 0xF81F, 0xF81F, 0xF81F, 0xF81F, 0xF81F, 0xF81F,
    0xF81F, 0xF81F, 0xF81F, 0xF81F, 0xF81F, 0xF81F, 0xF81F, 0xF81F, 0xF81F, 0xF81F, 0xF81F, 0xF81F,
    0xF81F, 0xF81F, 0xF81F, 0xF81F, 0xF81F, 0xF81F, 0xF81F, 0xF81F, 0xF81F, 0xF81F, 0xF81F, 0xF81F,
    0xF81F, 0xF81F, 0xF81F, 0xF81F, 0xF81F, 0xF81F, 0xF81F, 0xF81F, 0xF81F, 0xF81F, 0xF81F, 0xF81F,
    0xF81F, 0xF81F, 0xF81F, 0xF81F, 0xF81F, 0xF81F, 0xF81F, 0xF81F, 0xF81F, 0xF81F, 0xF81F, 0xF81F,
    0xF81F, 0xF81F, 0xF81F, 0xF81F, 0xF81F, 0xF81F, 0xF81F, 0xF81F, 0xF81F, 0xF81F, 0xF81F, 0xF81F,
    0x2A20, 0x5C40, 0x8660, 0x9720, 0x3B60, 0x0001, 0xF81F, 0xF81F, 0xF81F, 0xF81F, 0xF81F, 0xF81F,
    0xF81F, 0xF81F, 0xF81F, 0xF81F, 0xF81F, 0xF81F, 0xF81F, 0xF81F, 0xF81F, 0xF81F, 0xF81F, 0xF81F,
    0xF81F, 0xF81F, 0xF81F, 0xF81F, 0xF81F, 0xF81F, 0xF81F, 0xF81F, 0xF81F, 0xF81F, 0xF81F, 0xF81F,
    0xF81F, 0xF81F, 0xF81F, 0xF81F, 0xF81F, 0xF81F, 0xF81F, 0xF81F, 0xF81F, 0xF81F, 0xF81F, 0xF81F,
    0xF81F, 0xF81F, 0xF81F, 0xF81F, 0xF81F, 0xF81F, 0xF81F, 0xF81F, 0xF81F, 0xF81F, 0xF81F, 0xF81F,
    0xF81F, 0xF81F, 0xF81F, 0xF81F, 0xF81F, 0xF81F, 0xF81F, 0xF81F, 0xF81F, 0xF81F, 0xF81F, 0xF81F,
    0xF81F, 0xF81F, 0xF81F, 0xF81F, 0xF81F, 0xF81F, 0xF81F, 0xF81F, 0xF81F, 0xF81F, 0xF81F, 0xF81F,
    0xF81F, 0xF81F, 0xF81F, 0xF81F, 0xF81F, 0xF81F, 0xF81F, 0xF81F, 0xF81F, 0xF81F, 0xF81F, 0xF81F,
    0xF81F, 0x2A01, 0x64E0, 0x6500, 0x3AA1, 0xF81F, 0xF81F, 0xF81F, 0xF81F, 0xF81F, 0xF81F, 0xF81F,
    0xF81F, 0xF81F, 0xF81F, 0xF81F, 0xF81F, 0xF81F, 0xF81F, 0xF81F, 0xF81F, 0xF81F, 0xF81F, 0xF81F,
    0xF81F, 0xF81F, 0xF81F, 0xF81F, 0xF81F, 0xF81F, 0xF81F, 0xF81F, 0xF81F, 0xF81F, 0xF81F, 0xF81F,
    0xF81F, 0xF81F, 0xF81F, 0xF81F, 0xF81F, 0xF81F, 0xF81F, 0xF81F, 0xF81F, 0xF81F, 0xF81F, 0xF81F,
    0xF81F, 0xF81F, 0xF81F, 0xF81F, 0xF81F, 0xF81F, 0xF81F, 0xF81F, 0xF81F, 0xF81F, 0xF81F, 0xF81F,
    0xF81F, 0xF81F, 0xF81F, 0xF81F, 0xF81F, 0xF81F, 0xF81F, 0xF81F, 0xF81F, 0xF81F, 0xF81F, 0xF81F,
    0xF81F, 0xF81F, 0xF81F, 0xF81F, 0xF81F, 0xF81F, 0xF81F, 0xF81F, 0xF81F, 0xF81F, 0xF81F, 0xF81F,
    0xF81F, 0xF81F, 0xF81F, 0xF81F, 0xF81F, 0xF81F, 0xF81F, 0xF81F, 0xF81F, 0xF81F, 0xF81F, 0xF81F,
    0xF81F, 0xF81F, 0x0000, 0x0000, 0xF81F, 0xF81F, 0xF81F, 0xF81F, 0xF81F, 0xF81F, 0xF81F, 0xF81F,
    0xF81F, 0xF81F, 0xF81F, 0xF81F, 0xF81F, 0xF81F, 0xF81F, 0xF81F, 0xF81F, 0xF81F, 0xF81F, 0xF81F,
    0xF81F, 0xF81F, 0xF81F, 0xF81F, 0xF81F, 0xF81F, 0xF81F, 0xF81F, 0xF81F, 0xF81F, 0xF81F, 0xF81F,
    0xF81F, 0xF81F, 0xF81F, 0xF81F, 0xF81F, 0xF81F, 0xF81F, 0xF81F, 0xF81F, 0xF81F, 0xF81F, 0xF81F,
    0xF81F, 0xF81F, 0xF81F, 0xF81F, 0xF81F, 0xF81F, 0xF81F, 0xF81F, 0xF81F, 0xF81F, 0xF81F, 0xF81F,
    0xF81F, 0xF81F, 0xF81F, 0xF81F, 0xF81F, 0xF81F, 0xF81F, 0xF81F, 0xF81F, 0xF81F, 0xF81F, 0xF81F,
    0xF81F, 0xF81F, 0xF81F, 0xF81F, 0xF81F, 0xF81F, 0xF81F, 0xF81F, 0xF81F, 0xF81F, 0xF81F, 0xF81F,
    0xF81F, 0xF81F, 0xF81F, 0xF81F, 0xF81F, 0xF81F, 0xF81F, 0xF81F, 0xF81F, 0xF81F, 0xF81F, 0xF81F,
    0xF81F, 0xF81F, 0xF81F, 0xF81F, 0xF81F, 0xF81F, 0xF81F, 0xF81F, 0xF81F, 0xF81F, 0xF81F, 0xF81F,
    0xF81F, 0xF81F, 0xF81F, 0xF81F, 0xF81F, 0xF81F, 0xF81F, 0xF81F, 0xF81F, 0xF81F, 0xF81F, 0xF81F,
    0xF81F, 0xF81F, 0xF81F, 0xF81F, 0xF81F, 0xF81F, 0xF81F, 0xF81F, 0xF81F, 0xF81F, 0xF81F, 0xF81F,
    0xF81F, 0xF81F, 0xF81F, 0xF81F, 0xF81F, 0xF81F, 0xF81F, 0xF81F, 0xF81F, 0xF81F, 0xF81F, 0xF81F,
    0xF81F, 0xF81F, 0xF81F, 0xF81F, 0xF81F, 0xF81F, 0xF81F, 0xF81F, 0xF81F, 0xF81F, 0xF81F, 0xF81F,
    0xF81F, 0xF81F, 0xF81F, 0xF81F, 0xF81F, 0xF81F, 0xF81F, 0xF81F, 0xF81F, 0xF81F, 0xF81F, 0xF81F,
    0xF81F, 0xF81F, 0xF81F, 0xF81F, 0xF81F, 0xF81F, 0xF81F, 0xF81F, 0xF81F, 0xF81F, 0xF81F, 0xF81F,
    0xF81F, 0xF81F, 0xF81F, 0xF81F, 0xF81F, 0xF81F, 0xF81F, 0xF81F, 0xF81F, 0xF81F, 0xF81F, 0xF81F,
    0xF81F, 0xF81F, 0xF81F, 0xF81F, 0xF81F, 0xF81F, 0xF81F, 0xF81F, 0xF81F, 0xF81F, 0xF81F, 0xF81F,
    0xF81F, 0xF81F, 0xF81F, 0xF81F, 0xF81F, 0xF81F, 0xF81F, 0xF81F, 0xF81F, 0xF81F, 0xF81F, 0xF81F,
    0xF81F, 0xF81F, 0xF81F, 0xF81F, 0xF81F, 0xF81F, 0xF81F, 0xF81F, 0xF81F, 0xF81F, 0xF81F, 0xF81F,
    0xF81F, 0xF81F, 0xF81F, 0xF81F, 0xF81F, 0xF81F, 0xF81F, 0xF81F, 0xF81F, 0xF81F, 0xF81F, 0xF81F,
    0xF81F, 0xF81F, 0xF81F, 0xF81F, 0xF81F, 0xF81F, 0xF81F, 0xF81F, 0xF81F, 0xF81F, 0xF81F, 0xF81F,
    0xF81F, 0xF81F, 0xF81F, 0xF81F, 0xF81F, 0xF81F, 0xF81F, 0xF81F, 0xF81F, 0xF81F, 0xF81F, 0xF81F,
    0xF81F, 0xF81F, 0xF81F, 0xF81F, 0xF81F, 0xF81F, 0xF81F, 0xF81F, 0xF81F, 0xF81F, 0xF81F, 0xF81F,
    0xF81F, 0xF81F, 0xF81F, 0xF81F, 0xF81F, 0xF81F, 0xF81F, 0xF81F, 0xF81F, 0xF81F, 0xF81F, 0xF81F,
    0xF81F, 0xF81F, 0xF81F, 0xF81F, 0xF81F, 0xF81F, 0xF81F, 0xF81F, 0xF81F, 0xF81F, 0xF81F, 0xF81F,
    0xF81F, 0xF81F, 0xF81F, 0xF81F, 0xF81F, 0xF81F, 0xF81F, 0xF81F, 0xF81F, 0xF81F, 0xF81F, 0xF81F,
    0xF81F, 0xF81F, 0xF81F, 0xF81F, 0xF81F, 0xF81F, 0xF81F, 0xF81F, 0xF81F, 0xF81F, 0xF81F, 0xF81F,
    0xF81F, 0xF81F, 0xF81F, 0xF81F, 0xF81F, 0xF81F, 0xF81F, 0xF81F, 0xF81F, 0xF81F, 0xF81F, 0xF81F,
    0xF81F, 0xF81F, 0xF81F, 0xF81F, 0xF81F, 0xF81F, 0xF81F, 0xF81F, 0xF81F, 0xF81F, 0xF81F, 0xF81F,
    0xF81F, 0xF81F, 0xF81F, 0xF81F, 0xF81F, 0xF81F, 0xF81F, 0xF81F, 0xF81F, 0xF81F, 0xF81F, 0xF81F,
    0xF81F, 0xF81F, 0xF81F, 0xF81F, 0xF81F, 0xF81F, 0xF81F, 0xF81F, 0xF81F, 0xF81F, 0xF81F, 0xF81F,
    0xF81F, 0xF81F, 0xF81F, 0xF81F, 0xF81F, 0xF81F, 0xF81F, 0xF81F, 0xF81F, 0xF81F, 0xF81F, 0xF81F,
    0xF81F, 0xF81F, 0xF81F, 0xF81F, 0xF81F, 0xF81F, 0xF81F, 0xF81F, 0xF81F, 0xF81F, 0xF81F, 0xF81F,
    0xF81F, 0xF81F, 0xF81F, 0xF81F, 0xF81F, 0xF81F, 0xF81F, 0xF81F, 0xF81F, 0xF81F, 0xF81F, 0xF81F,
    0xF81F, 0xF81F, 0xF81F, 0xF81F, 0xF81F, 0xF81F, 0xF81F, 0xF81F, 0xF81F, 0xF81F, 0xF81F, 0xF81F,
    0xF81F, 0xF81F, 0xF81F, 0xF81F, 0xF81F, 0xF81F, 0xF81F, 0xF81F, 0xF81F, 0xF81F, 0xF81F, 0xF81F,
    0xF81F, 0xF81F, 0xF81F, 0xF81F, 0xF81F, 0xF81F, 0xF81F, 0xF81F, 0xF81F, 0xF81F, 0xF81F, 0xF81F,
    0xF81F, 0xF81F, 0xF81F, 0xF81F, 0xF81F, 0xF81F, 0xF81F, 0xF81F, 0xF81F, 0xF81F, 0xF81F, 0xF81F,
    0xF81F, 0xF81F, 0xF81F, 0xF81F, 0xF81F, 0xF81F, 0xF81F, 0xF81F, 0xF81F, 0xF81F, 0xF81F, 0xF81F,
    0xF81F, 0xF81F, 0xF81F, 0xF81F, 0xF81F, 0xF81F, 0xF81F, 0xF81F, 0xF81F, 0xF81F, 0xF81F, 0xF81F,
    0xF81F, 0xF81F, 0xF81F, 0xF81F, 0xF81F, 0xF81F, 0xF81F, 0xF81F, 0xF81F, 0xF81F, 0xF81F, 0xF81F,
    0xF81F, 0xF81F, 0xF81F, 0xF81F, 0xF81F, 0xF81F, 0xF81F, 0xF81F, 0xF81F, 0xF81F, 0xF81F, 0xF81F,
    0xF81F, 0xF81F, 0xF81F, 0xF81F, 0xF81F, 0xF81F, 0xF81F, 0xF81F, 0xF81F, 0xF81F, 0xF81F, 0xF81F,
    0xF81F, 0xF81F, 0xF81F, 0xF81F, 0xF81F, 0xF81F, 0xF81F, 0xF81F, 0xF81F, 0xF81F, 0xF81F, 0xF81F,
    0xF81F, 0xF81F, 0xF81F, 0xF81F, 0xF81F, 0xF81F, 0xF81F, 0xF81F, 0xF81F, 0xF81F, 0xF81F, 0xF81F,
    0xF81F, 0xF81F, 0xF81F, 0xF81F, 0xF81F, 0xF81F, 0xF81F, 0xF81F, 0xF81F, 0xF81F, 0xF81F, 0xF81F,
    0xF81F, 0xF81F, 0xF81F, 0xF81F, 0xF81F, 0xF81F, 0xF81F, 0xF81F, 0xF81F, 0xF81F, 0xF81F, 0xF81F,
    0xF81F, 0xF81F, 0xF81F, 0xF81F, 0xF81F, 0xF81F, 0xF81F, 0xF81F, 0xF81F, 0xF81F, 0xF81F, 0xF81F,
    0xF81F, 0xF81F, 0xF81F, 0xF81F, 0xF81F, 0xF81F, 0xF81F, 0xF81F, 0xF81F, 0xF81F, 0xF81F, 0xF81F,
    0xF81F, 0xF81F, 0xF81F, 0xF81F, 0xF81F, 0xF81F, 0xF81F, 0xF81F, 0xF81F, 0xF81F, 0xF81F, 0xF81F,
    0xF81F, 0xF81F, 0xF81F, 0xF81F, 0xF81F, 0xF81F, 0xF81F, 0xF81F, 0xF81F, 0xF81F, 0xF81F, 0xF81F,
    0xF81F, 0xF81F, 0xF81F, 0xF81F, 0xF81F, 0xF81F, 0xF81F, 0xF81F, 0xF81F, 0xF81F, 0xF81F, 0xF81F,
    0xF81F, 0xF81F, 0xF81F, 0xF81F, 0xF81F, 0xF81F, 0xF81F, 0xF81F, 0xF81F, 0xF81F, 0xF81F, 0xF81F,
    0xF81F, 0xF81F, 0xF81F, 0xF81F, 0xF81F, 0xF81F, 0xF81F, 0xF81F, 0xF81F, 0xF81F, 0xF81F, 0xF81F,
    0xF81F, 0xF81F, 0xF81F, 0xF81F, 0xF81F, 0xF81F, 0xF81F, 0xF81F, 0xF81F, 0xF81F, 0xF81F, 0xF81F,
    0xF81F, 0xF81F, 0xF81F, 0xF81F, 0xF81F, 0xF81F, 0xF81F, 0xF81F, 0xF81F, 0xF81F, 0xF81F, 0xF81F,
    0xF81F, 0xF81F, 0xF81F, 0xF81F, 0xF81F, 0xF81F, 0xF81F, 0xF81F, 0xF81F, 0xF81F, 0xF81F, 0xF81F,
    0xF81F, 0xF81F, 0xF81F, 0xF81F, 0xF81F, 0xF81F, 0xF81F, 0xF81F, 0xF81F, 0xF81F, 0xF81F, 0xF81F,
    0xF81F, 0xF81F, 0xF81F, 0xF81F, 0xF81F, 0xF81F, 0xF81F, 0xF81F, 0xF81F, 0xF81F, 0xF81F, 0xF81F,
    0xF81F, 0xF81F, 0xF81F, 0xF81F, 0xF81F, 0xF81F, 0xF81F, 0xF81F, 0xF81F, 0xF81F, 0xF81F, 0xF81F,
    0xF81F, 0xF81F, 0xF81F, 0xF81F, 0xF81F, 0xF81F, 0xF81F, 0xF81F, 0xF81F, 0xF81F, 0xF81F, 0xF81F,
    0xF81F, 0xF81F, 0xF81F, 0xF81F, 0xF81F, 0xF81F, 0xF81F, 0xF81F, 0xF81F, 0xF81F, 0xF81F, 0xF81F,
    0xF81F, 0xF81F, 0xF81F, 0xF81F, 0xF81F, 0xF81F, 0xF81F, 0xF81F, 0xF81F, 0xF81F, 0xF81F, 0xF81F,
    0xF81F, 0xF81F, 0xF81F, 0xF81F, 0xF81F, 0xF81F, 0xF81F, 0xF81F, 0xF81F, 0xF81F, 0xF81F, 0xF81F,
    0xF81F, 0xF81F, 0xF81F, 0xF81F, 0xF81F, 0xF81F, 0xF81F, 0xF81F, 0xF81F, 0xF81F, 0xF81F, 0xF81F,
    0xF81F, 0xF81F, 0xF81F, 0xF81F, 0xF81F, 0xF81F, 0xF81F, 0xF81F, 0xF81F, 0xF81F, 0xF81F, 0xF81F,
    0xF81F, 0xF81F, 0xF81F, 0xF81F, 0xF81F, 0xF81F, 0xF81F, 0xF81F, 0xF81F, 0xF81F, 0xF81F, 0xF81F,
    0xF81F, 0xF81F, 0xF81F, 0xF81F, 0xF81F, 0xF81F, 0xF81F, 0xF81F, 0xF81F, 0xF81F, 0xF81F, 0xF81F,
    0xF81F, 0xF81F, 0xF81F, 0xF81F, 0xF81F, 0xF81F, 0xF81F, 0xF81F, 0xF81F, 0xF81F, 0xF81F, 0xF81F,
    0xF81F, 0xF81F, 0xF81F, 0xF81F, 0xF81F, 0xF81F, 0xF81F, 0xF81F, 0xF81F, 0xF81F, 0xF81F, 0xF81F,
    0xF81F, 0xF81F, 0xF81F, 0xF81F, 0xF81F, 0xF81F, 0xF81F, 0xF81F, 0xF81F, 0xF81F, 0xF81F, 0xF81F,
    0xF81F, 0xF81F, 0xF81F, 0xF81F, 0xF81F, 0xF81F, 0xF81F, 0xF81F, 0xF81F, 0xF81F, 0xF81F, 0xF81F,
    0xF81F, 0xF81F, 0xF81F, 0xF81F, 0xF81F, 0xF81F, 0xF81F, 0xF81F, 0xF81F, 0xF81F, 0xF81F, 0xF81F,
    0xF81F, 0xF81F, 0xF81F, 0xF81F, 0xF81F, 0xF81F, 0xF81F, 0xF81F, 0xF81F, 0xF81F, 0xF81F, 0xF81F,
    0xF81F, 0xF81F, 0xF81F, 0xF81F, 0xF81F, 0xF81F, 0xF81F, 0xF81F, 0xF81F, 0xF81F, 0xF81F, 0xF81F,
    0xF81F, 0xF81F, 0xF81F, 0xF81F, 0xF81F, 0xF81F, 0xF81F, 0xF81F, 0xF81F, 0xF81F, 0xF81F, 0xF81F,
    0xF81F, 0xF81F, 0xF81F, 0xF81F, 0xF81F, 0xF81F, 0xF81F, 0xF81F, 0xF81F, 0xF81F, 0xF81F, 0xF81F,
    0xF81F, 0xF81F, 0xF81F, 0xF81F, 0xF81F, 0xF81F, 0xF81F, 0xF81F, 0xF81F, 0xF81F, 0xF81F, 0xF81F,
    0xF81F, 0xF81F, 0xF81F, 0xF81F, 0xF81F, 0xF81F, 0xF81F, 0xF81F, 0xF81F, 0xF81F, 0xF81F, 0xF81F,
    0xF81F, 0xF81F, 0xF81F, 0xF81F, 0xF81F, 0xF81F, 0xF81F, 0xF81F, 0xF81F, 0xF81F, 0xF81F, 0xF81F,
    0xF81F, 0xF81F, 0xF81F, 0xF81F, 0xF81F, 0xF81F, 0xF81F, 0xF81F, 0xF81F, 0xF81F, 0xF81F, 0xF81F,
    0xF81F, 0xF81F, 0xF81F, 0xF81F, 0xF81F, 0xF81F, 0xF81F, 0xF81F, 0xF81F, 0xF81F, 0xF81F, 0xF81F,
    0xF81F, 0xF81F, 0xF81F, 0xF81F, 0xF81F, 0xF81F, 0xF81F, 0xF81F, 0xF81F, 0xF81F, 0xF81F, 0xF81F,
    0xF81F, 0xF81F, 0xF81F, 0xF81F, 0xF81F, 0xF81F, 0xF81F, 0xF81F, 0xF81F, 0xF81F, 0xF81F, 0xF81F,
    0xF81F, 0xF81F, 0xF81F, 0xF81F, 0xF81F, 0xF81F, 0xF81F, 0xF81F, 0xF81F, 0xF81F, 0xF81F, 0xF81F,
    0xF81F, 0xF81F, 0xF81F, 0xF81F, 0xF81F, 0xF81F, 0xF81F, 0xF81F, 0xF81F, 0xF81F, 0xF81F, 0xF81F,
    0xF81F, 0xF81F, 0xF81F, 0xF81F, 0xF81F, 0xF81F, 0xF81F, 0xF81F, 0xF81F, 0xF81F, 0xF81F, 0xF81F,
    0xF81F, 0xF81F, 0xF81F, 0xF81F, 0xF81F, 0xF81F, 0xF81F, 0xF81F, 0xF81F, 0xF81F, 0xF81F, 0xF81F,
    0xF81F, 0xF81F, 0xF81F, 0xF81F, 0xF81F, 0xF81F, 0xF81F, 0xF81F, 0xF81F, 0xF81F, 0xF81F, 0xF81F,
    0xF81F, 0xF81F, 0xF81F, 0xF81F, 0xF81F, 0xF81F, 0xF81F, 0xF81F, 0xF81F, 0xF81F, 0xF81F, 0xF81F,
    0xF81F, 0xF81F, 0xF81F, 0xF81F, 0xF81F, 0xF81F, 0xF81F, 0xF81F, 0xF81F, 0xF81F, 0xF81F, 0xF81F,
    0xF81F, 0xF81F, 0xF81F, 0xF81F, 0xF81F, 0xF81F, 0xF81F, 0xF81F, 0xF81F, 0xF81F, 0xF81F, 0xF81F,
    0xF81F, 0xF81F, 0xF81F, 0xF81F, 0xF81F, 0xF81F, 0xF81F, 0xF81F, 0xF81F, 0xF81F, 0xF81F, 0xF81F,
    0xF81F, 0xF81F, 0xF81F, 0xF81F, 0xF81F, 0xF81F, 0xF81F, 0xF81F, 0xF81F, 0xF81F, 0xF81F, 0xF81F,
    0xF81F, 0xF81F, 0xF81F, 0xF81F, 0xF81F, 0xF81F, 0xF81F, 0xF81F, 0xF81F, 0xF81F, 0xF81F, 0xF81F,
    0xF81F, 0xF81F, 0xF81F, 0xF81F, 0xF81F, 0xF81F, 0xF81F, 0xF81F, 0xF81F, 0xF81F, 0xF81F, 0xF81F,
    0xF81F, 0xF81F, 0xF81F, 0xF81F, 0xF81F, 0xF81F, 0xF81F, 0xF81F, 0xF81F, 0xF81F, 0xF81F, 0xF81F,
    0xF81F, 0xF81F, 0xF81F, 0xF81F, 0xF81F, 0xF81F, 0xF81F, 0xF81F, 0xF81F, 0xF81F, 0xF81F, 0xF81F,
    0xF81F, 0xF81F, 0xF81F, 0xF81F, 0xF81F, 0xF81F, 0xF81F, 0xF81F, 0xF81F, 0xF81F, 0xF81F, 0xF81F,
    0xF81F, 0xF81F, 0xF81F, 0xF81F, 0xF81F, 0xF81F, 0xF81F, 0xF81F, 0xF81F, 0xF81F, 0xF81F, 0xF81F,
    0xF81F, 0xF81F, 0xF81F, 0xF81F, 0xF81F, 0xF81F, 0xF81F, 0xF81F, 0xF81F, 0xF81F, 0xF81F, 0xF81F,
    0xF81F, 0xF81F, 0xF81F, 0xF81F, 0xF81F, 0xF81F, 0xF81F, 0xF81F, 0xF81F, 0xF81F, 0xF81F, 0xF81F,
    0xF81F, 0xF81F, 0xF81F, 0xF81F, 0xF81F, 0xF81F, 0xF81F, 0xF81F, 0xF81F, 0xF81F, 0xF81F, 0xF81F,
    0xF81F, 0xF81F, 0xF81F, 0xF81F, 0xF81F, 0xF81F, 0xF81F, 0xF81F, 0xF81F, 0xF81F, 0xF81F, 0xF81F,
    0xF81F, 0xF81F, 0xF81F, 0xF81F, 0xF81F, 0xF81F, 0xF81F, 0xF81F, 0xF81F, 0xF81F, 0xF81F, 0xF81F,
    0xF81F, 0xF81F, 0xF81F, 0xF81F, 0xF81F, 0xF81F, 0xF81F, 0xF81F, 0xF81F, 0xF81F, 0xF81F, 0xF81F,
    0xF81F, 0xF81F, 0xF81F, 0xF81F, 0xF81F, 0xF81F, 0xF81F, 0xF81F, 0xF81F, 0xF81F, 0xF81F, 0xF81F,
    0xF81F, 0xF81F, 0xF81F, 0xF81F, 0xF81F, 0xF81F, 0xF81F, 0xF81F, 0xF81F, 0xF81F, 0xF81F, 0xF81F,
    0xF81F, 0xF81F, 0xF81F, 0xF81F, 0xF81F, 0xF81F, 0xF81F, 0xF81F, 0xF81F, 0xF81F, 0xF81F, 0xF81F,
    0xF81F, 0xF81F, 0xF81F, 0xF81F, 0xF81F, 0xF81F, 0xF81F, 0xF81F, 0xF81F, 0xF81F, 0xF81F, 0xF81F,
    0xF81F, 0xF81F, 0xF81F, 0xF81F, 0xF81F, 0xF81F, 0xF81F, 0xF81F, 0xF81F, 0xF81F, 0xF81F, 0xF81F,
    0xF81F, 0xF81F, 0xF81F, 0xF81F, 0xF81F, 0xF81F, 0xF81F, 0xF81F, 0xF81F, 0xF81F, 0xF81F, 0xF81F,
    0xF81F, 0xF81F, 0xF81F, 0xF81F, 0xF81F, 0xF81F, 0xF81F, 0xF81F, 0xF81F, 0xF81F, 0xF81F, 0xF81F,
    0xF81F, 0xF81F, 0xF81F, 0xF81F, 0xF81F, 0xF81F, 0xF81F, 0xF81F, 0xF81F, 0xF81F, 0xF81F, 0xF81F,
    0xF81F, 0xF81F, 0xF81F, 0xF81F, 0xF81F, 0xF81F, 0xF81F, 0xF81F, 0xF81F, 0xF81F, 0xF81F, 0xF81F,
    0xF81F, 0xF81F, 0xF81F, 0xF81F, 0xF81F, 0xF81F, 0xF81F, 0xF81F, 0xF81F, 0xF81F, 0xF81F, 0xF81F,
    0xF81F, 0xF81F, 0xF81F, 0xF81F, 0xF81F, 0xF81F, 0xF81F, 0xF81F, 0xF81F, 0xF81F, 0xF81F, 0xF81F,
    0xF81F, 0xF81F, 0xF81F, 0xF81F, 0xF81F, 0xF81F, 0xF81F, 0xF81F, 0xF81F, 0xF81F, 0xF81F, 0xF81F,
    0xF81F, 0xF81F, 0xF81F, 0xF81F, 0xF81F, 0xF81F, 0xF81F, 0xF81F, 0xF81F, 0xF81F, 0xF81F, 0xF81F,
    0xF81F, 0xF81F, 0xF81F, 0xF81F, 0xF81F, 0xF81F, 0xF81F, 0xF81F, 0xF81F, 0xF81F, 0xF81F, 0xF81F,
    0xF81F, 0xF81F, 0xF81F, 0xF81F, 0xF81F, 0xF81F, 0xF81F, 0xF81F, 0xF81F, 0xF81F, 0xF81F, 0xF81F,
    0xF81F, 0xF81F, 0xF81F, 0xF81F, 0xF81F, 0xF81F, 0xF81F, 0xF81F, 0xF81F, 0xF81F, 0xF81F, 0xF81F,
    0xF81F, 0xF81F, 0xF81F, 0xF81F, 0xF81F, 0xF81F, 0xF81F, 0xF81F, 0xF81F, 0xF81F, 0xF81F, 0xF81F,
    0xF81F, 0xF81F, 0xF81F, 0xF81F, 0xF81F, 0xF81F, 0xF81F, 0xF81F, 0xF81F, 0xF81F, 0xF81F, 0xF81F,
    0xF81F, 0xF81F, 0xF81F, 0xF81F, 0xF81F, 0xF81F, 0xF81F, 0xF81F, 0xF81F, 0xF81F, 0xF81F, 0xF81F,
    0xF81F, 0xF81F, 0xF81F, 0xF81F, 0xF81F, 0xF81F, 0xF81F, 0xF81F, 0xF81F, 0xF81F, 0xF81F, 0xF81F,
    0xF81F, 0xF81F, 0xF81F, 0xF81F, 0xF81F, 0xF81F, 0xF81F, 0xF81F, 0xF81F, 0xF81F, 0xF81F, 0xF81F,
    0xF81F, 0xF81F, 0xF81F, 0xF81F, 0xF81F, 0xF81F, 0xF81F, 0xF81F, 0xF81F, 0xF81F, 0xF81F, 0xF81F,
    0xF81F, 0xF81F, 0xF81F, 0xF81F, 0xF81F, 0xF81F, 0xF81F, 0xF81F, 0xF81F, 0xF81F, 0xF81F, 0xF81F,
    0xF81F, 0xF81F, 0xF81F, 0xF81F, 0xF81F, 0xF81F, 0xF81F, 0xF81F, 0xF81F, 0xF81F, 0xF81F, 0xF81F,
    0xF81F, 0xF81F, 0xF81F, 0xF81F, 0xF81F, 0xF81F, 0xF81F, 0xF81F, 0xF81F, 0xF81F, 0xF81F, 0xF81F,
    0xF81F, 0xF81F, 0xF81F, 0xF81F, 0xF81F, 0xF81F, 0xF81F, 0xF81F, 0xF81F, 0xF81F, 0xF81F, 0xF81F,
    0xF81F, 0xF81F, 0xF81F, 0xF81F, 0xF81F, 0xF81F, 0xF81F, 0xF81F, 0xF81F, 0xF81F, 0xF81F, 0xF81F,
    0xF81F, 0xF81F, 0xF81F, 0xF81F, 0xF81F, 0xF81F, 0xF81F, 0xF81F, 0xF81F, 0xF81F, 0xF81F, 0xF81F,
    0xF81F, 0xF81F, 0xF81F, 0xF81F, 0xF81F, 0xF81F, 0xF81F, 0xF81F, 0xF81F, 0xF81F, 0xF81F, 0xF81F,
    0xF81F, 0xF81F, 0xF81F, 0xF81F, 0xF81F, 0xF81F, 0xF81F, 0xF81F, 0xF81F, 0xF81F, 0xF81F, 0xF81F,
    0xF81F, 0xF81F, 0xF81F, 0xF81F, 0xF81F, 0xF81F, 0xF81F, 0xF81F, 0xF81F, 0xF81F, 0xF81F, 0xF81F,
    0xF81F, 0xF81F, 0xF81F, 0xF81F, 0xF81F, 0xF81F, 0xF81F, 0xF81F, 0xF81F, 0xF81F, 0xF81F, 0xF81F,
    0xF81F, 0xF81F, 0xF81F, 0xF81F, 0xF81F, 0xF81F, 0xF81F, 0xF81F, 0xF81F, 0xF81F, 0xF81F, 0xF81F,
    0xF81F, 0xF81F, 0xF81F, 0xF81F, 0xF81F, 0xF81F, 0xF81F, 0xF81F, 0xF81F, 0xF81F, 0xF81F, 0xF81F,
    0xF81F, 0xF81F, 0xF81F, 0xF81F, 0xF81F, 0xF81F, 0xF81F, 0xF81F, 0xF81F, 0xF81F, 0xF81F, 0xF81F,
    0xF81F, 0xF81F, 0xF81F, 0xF81F, 0xF81F, 0xF81F, 0xF81F, 0xF81F, 0xF81F, 0xF81F, 0xF81F, 0xF81F,
    0xF81F, 0xF81F, 0xF81F, 0xF81F, 0xF81F, 0xF81F, 0xF81F, 0xF81F, 0xF81F, 0xF81F, 0xF81F, 0xF81F,
    0xF81F, 0xF81F, 0xF81F, 0xF81F, 0xF81F, 0xF81F, 0xF81F, 0xF81F, 0xF81F, 0xF81F, 0xF81F, 0xF81F,
    0xF81F, 0xF81F, 0xF81F, 0xF81F, 0xF81F, 0xF81F, 0xF81F, 0xF81F, 0xF81F, 0xF81F, 0xF81F, 0xF81F,
    0xF81F, 0xF81F, 0xF81F, 0xF81F, 0xF81F, 0xF81F, 0xF81F, 0xF81F, 0xF81F, 0xF81F, 0xF81F, 0xF81F,
    0xF81F, 0xF81F, 0xF81F, 0xF81F, 0xF81F, 0xF81F, 0xF81F, 0xF81F, 0xF81F, 0xF81F, 0xF81F, 0xF81F,
    0xF81F, 0xF81F, 0xF81F, 0xF81F, 0xF81F, 0xF81F, 0xF81F, 0xF81F, 0xF81F, 0xF81F, 0xF81F, 0xF81F,
    0xF81F, 0xF81F, 0xF81F, 0xF81F, 0xF81F, 0xF81F, 0xF81F, 0xF81F, 0xF81F, 0xF81F, 0xF81F, 0xF81F,
    0xF81F, 0xF81F, 0xF81F, 0xF81F, 0xF81F, 0xF81F, 0xF81F, 0xF81F, 0xF81F, 0xF81F, 0xF81F, 0xF81F,
    0xF81F, 0xF81F, 0xF81F, 0xF81F, 0xF81F, 0xF81F, 0xF81F, 0xF81F, 0xF81F, 0xF81F, 0xF81F, 0xF81F,
    0xF81F, 0xF81F, 0xF81F, 0xF81F, 0xF81F, 0xF81F, 0xF81F, 0xF81F, 0xF81F, 0xF81F, 0xF81F, 0xF81F,
    0xF81F, 0xF81F, 0xF81F, 0xF81F, 0xF81F, 0xF81F, 0xF81F, 0xF81F, 0xF81F, 0xF81F, 0xF81F, 0xF81F,
    0xF81F, 0xF81F, 0xF81F, 0xF81F, 0xF81F, 0xF81F, 0xF81F, 0xF81F, 0xF81F, 0xF81F, 0xF81F, 0xF81F,
    0xF81F, 0xF81F, 0xF81F, 0xF81F, 0xF81F, 0xF81F, 0xF81F, 0xF81F, 0xF81F, 0xF81F, 0xF81F, 0xF81F,
    0xF81F, 0xF81F, 0xF81F, 0xF81F, 0xF81F, 0xF81F, 0xF81F, 0xF81F, 0xF81F, 0xF81F, 0xF81F, 0xF81F,
    0xF81F, 0xF81F, 0xF81F, 0xF81F, 0xF81F, 0xF81F, 0xF81F, 0xF81F, 0xF81F, 0xF81F, 0xF81F, 0xF81F,
    0xF81F, 0xF81F, 0xF81F, 0xF81F, 0xF81F, 0xF81F, 0xF81F, 0xF81F, 0xF81F, 0xF81F, 0xF81F, 0xF81F,
    0xF81F, 0xF81F, 0xF81F, 0xF81F, 0xF81F, 0xF81F, 0xF81F, 0xF81F, 0xF81F, 0xF81F, 0xF81F, 0xF81F,
    0xF81F, 0xF81F, 0xF81F, 0xF81F, 0xF81F, 0xF81F, 0xF81F, 0xF81F, 0xF81F, 0xF81F, 0xF81F, 0xF81F,
    0xF81F, 0xF81F, 0xF81F, 0xF81F, 0xF81F, 0xF81F, 0xF81F, 0xF81F, 0xF81F, 0xF81F, 0xF81F, 0xF81F,
    0xF81F, 0xF81F, 0xF81F, 0xF81F, 0xF81F, 0xF81F, 0xF81F, 0xF81F, 0xF81F, 0xF81F, 0xF81F, 0xF81F,
    0xF81F, 0xF81F, 0xF81F, 0xF81F, 0xF81F, 0xF81F, 0xF81F, 0xF81F, 0xF81F, 0xF81F, 0xF81F, 0xF81F,
    0xF81F, 0xF81F, 0xF81F, 0xF81F, 0xF81F, 0xF81F, 0xF81F, 0xF81F, 0xF81F, 0xF81F, 0xF81F, 0xF81F,
    0xF81F, 0xF81F, 0xF81F, 0xF81F, 0xF81F, 0xF81F, 0xF81F, 0xF81F, 0xF81F, 0xF81F, 0xF81F, 0xF81F,
    0xF81F, 0xF81F, 0xF81F, 0xF81F, 0xF81F, 0xF81F, 0xF81F, 0xF81F, 0xF81F, 0xF81F, 0xF81F, 0xF81F,
    0xF81F, 0xF81F, 0xF81F, 0xF81F, 0xF81F, 0xF81F, 0xF81F, 0xF81F, 0xF81F, 0xF81F, 0xF81F, 0xF81F,
    0xF81F, 0xF81F, 0xF81F, 0xF81F, 0xF81F, 0xF81F, 0xF81F, 0xF81F, 0xF81F, 0xF81F, 0xF81F, 0xF81F,
    0xF81F, 0xF81F, 0xF81F, 0xF81F, 0xF81F, 0xF81F, 0xF81F, 0xF81F, 0xF81F, 0xF81F, 0xF81F, 0xF81F,
    0xF81F, 0xF81F, 0xF81F, 0xF81F, 0xF81F, 0xF81F, 0xF81F, 0xF81F, 0xF81F, 0xF81F, 0xF81F, 0xF81F,
    0xF81F, 0xF81F, 0xF81F, 0xF81F, 0xF81F, 0xF81F, 0xF81F, 0xF81F, 0xF81F, 0xF81F, 0xF81F, 0xF81F,
    0xF81F, 0xF81F, 0xF81F, 0xF81F, 0xF81F, 0xF81F, 0xF81F, 0xF81F, 0xF81F, 0xF81F, 0xF81F, 0xF81F,
    0xF81F, 0xF81F, 0xF81F, 0xF81F, 0xF81F, 0xF81F, 0xF81F, 0xF81F, 0xF81F, 0xF81F, 0xF81F, 0xF81F,
    0xF81F, 0xF81F, 0xF81F, 0xF81F, 0xF81F, 0xF81F, 0xF81F, 0xF81F, 0xF81F, 0xF81F, 0xF81F, 0xF81F,
    0xF81F, 0xF81F, 0xF81F, 0xF81F, 0xF81F, 0xF81F, 0xF81F, 0xF81F, 0xF81F, 0xF81F, 0xF81F, 0xF81F,
    0xF81F, 0xF81F, 0xF81F, 0xF81F, 0xF81F, 0xF81F, 0xF81F, 0xF81F, 0xF81F, 0xF81F, 0xF81F, 0xF81F,
    0xF81F, 0xF81F, 0xF81F, 0xF81F, 0xF81F, 0xF81F, 0xF81F, 0xF81F, 0xF81F, 0xF81F, 0xF81F, 0xF81F,
    0xF81F, 0xF81F, 0xF81F, 0xF81F, 0xF81F, 0xF81F, 0xF81F, 0xF81F, 0xF81F, 0xF81F, 0xF81F, 0xF81F,
    0xF81F, 0xF81F, 0xF81F, 0xF81F, 0xF81F, 0xF81F, 0xF81F, 0xF81F, 0xF81F, 0xF81F, 0xF81F, 0xF81F,
    0xF81F, 0xF81F, 0xF81F, 0xF81F, 0xF81F, 0xF81F, 0xF81F, 0xF81F, 0xF81F, 0xF81F, 0xF81F, 0xF81F,
    0xF81F, 0xF81F, 0xF81F, 0xF81F, 0xF81F, 0xF81F, 0xF81F, 0xF81F, 0xF81F, 0xF81F, 0xF81F, 0xF81F,
    0xF81F, 0xF81F, 0xF81F, 0xF81F, 0xF81F, 0xF81F, 0xF81F, 0xF81F, 0xF81F, 0xF81F, 0xF81F, 0xF81F,
    0xF81F, 0xF81F, 0xF81F, 0xF81F, 0xF81F, 0xF81F, 0xF81F, 0xF81F, 0xF81F, 0xF81F, 0xF81F, 0xF81F,
    0xF81F, 0xF81F, 0xF81F, 0xF81F, 0xF81F, 0xF81F, 0xF81F, 0xF81F, 0xF81F, 0xF81F, 0xF81F, 0xF81F,
    0xF81F, 0xF81F, 0xF81F, 0xF81F, 0xF81F, 0xF81F, 0xF81F, 0xF81F, 0xF81F, 0xF81F, 0xF81F, 0xF81F,
    0xF81F, 0xF81F, 0xF81F, 0xF81F, 0xF81F, 0xF81F, 0xF81F, 0xF81F, 0xF81F, 0xF81F, 0xF81F, 0xF81F,
    0xF81F, 0xF81F, 0xF81F, 0xF81F, 0xF81F, 0xF81F, 0xF81F, 0xF81F, 0xF81F, 0xF81F, 0xF81F, 0xF81F,
    0xF81F, 0xF81F, 0xF81F, 0xF81F, 0xF81F, 0xF81F, 0xF81F, 0xF81F, 0xF81F, 0xF81F, 0xF81F, 0xF81F,
    0xF81F, 0xF81F, 0xF81F, 0xF81F, 0xF81F, 0xF81F, 0xF81F, 0xF81F, 0xF81F, 0xF81F, 0xF81F, 0xF81F,
    0xF81F, 0xF81F, 0xF81F, 0xF81F, 0xF81F, 0xF81F, 0xF81F, 0xF81F, 0xF81F, 0xF81F, 0xF81F, 0xF81F,
    0xF81F, 0xF81F, 0xF81F, 0xF81F, 0xF81F, 0xF81F, 0xF81F, 0xF81F, 0xF81F, 0xF81F, 0xF81F, 0xF81F,
    0xF81F, 0xF81F, 0xF81F, 0xF81F, 0xF81F, 0xF81F, 0xF81F, 0xF81F, 0xF81F, 0xF81F, 0xF81F, 0xF81F,
    0xF81F, 0xF81F, 0xF81F, 0xF81F, 0xF81F, 0xF81F, 0xF81F, 0xF81F, 0xF81F, 0xF81F, 0xF81F, 0xF81F,
    0xF81F, 0xF81F, 0xF81F, 0xF81F, 0xF81F, 0xF81F, 0xF81F, 0xF81F, 0xF81F, 0xF81F, 0xF81F, 0xF81F,
    0xF81F, 0xF81F, 0xF81F, 0xF81F, 0xF81F, 0xF81F, 0xF81F, 0xF81F, 0xF81F, 0xF81F, 0xF81F, 0xF81F,
    0xF81F, 0xF81F, 0xF81F, 0xF81F, 0xF81F, 0xF81F, 0xF81F, 0xF81F, 0xF81F, 0xF81F, 0xF81F, 0xF81F,
    0xF81F, 0xF81F, 0xF81F, 0xF81F, 0xF81F, 0xF81F, 0xF81F, 0xF81F, 0xF81F, 0xF81F, 0xF81F, 0xF81F,
    0xF81F, 0xF81F, 0xF81F, 0xF81F, 0xF81F, 0xF81F, 0xF81F, 0xF81F, 0xF81F, 0xF81F, 0xF81F, 0xF81F,
    0xF81F, 0xF81F, 0xF81F, 0xF81F, 0xF81F, 0xF81F, 0xF81F, 0xF81F, 0xF81F, 0xF81F, 0xF81F, 0xF81F,
    0xF81F, 0xF81F, 0xF81F, 0xF81F, 0xF81F, 0xF81F, 0xF81F, 0xF81F, 0xF81F, 0xF81F, 0xF81F, 0xF81F,
    0xF81F, 0xF81F, 0xF81F, 0xF81F, 0xF81F, 0xF81F, 0xF81F, 0xF81F, 0xF81F, 0xF81F, 0xF81F, 0xF81F,
    0xF81F, 0xF81F, 0xF81F, 0xF81F, 0xF81F, 0xF81F, 0xF81F, 0xF81F, 0xF81F, 0xF81F, 0xF81F, 0xF81F,
    0xF81F, 0xF81F, 0xF81F, 0xF81F, 0xF81F, 0xF81F, 0xF81F, 0xF81F, 0xF81F, 0xF81F, 0xF81F, 0xF81F,
    0xF81F, 0xF81F, 0xF81F, 0xF81F, 0xF81F, 0xF81F, 0xF81F, 0xF81F, 0xF81F, 0xF81F, 0xF81F, 0xF81F,
    0xF81F, 0xF81F, 0xF81F, 0xF81F, 0xF81F, 0xF81F, 0xF81F, 0xF81F, 0xF81F, 0xF81F, 0xF81F, 0xF81F,
    0xF81F, 0xF81F, 0xF81F, 0xF81F, 0xF81F, 0xF81F, 0xF81F, 0xF81F, 0xF81F, 0xF81F, 0xF81F, 0xF81F,
    0xF81F, 0xF81F, 0xF81F, 0xF81F, 0xF81F, 0xF81F, 0xF81F, 0xF81F, 0xF81F, 0xF81F, 0xF81F, 0xF81F,
    0xF81F, 0xF81F, 0xF81F, 0xF81F, 0xF81F, 0xF81F, 0xF81F, 0xF81F, 0xF81F, 0xF81F, 0xF81F, 0xF81F,
    0xF81F, 0xF81F, 0xF81F, 0xF81F, 0xF81F, 0xF81F, 0xF81F, 0xF81F, 0xF81F, 0xF81F, 0xF81F, 0xF81F,
    0xF81F, 0xF81F, 0xF81F, 0xF81F, 0xF81F, 0xF81F, 0xF81F, 0xF81F, 0xF81F, 0xF81F, 0xF81F, 0xF81F,
    0xF81F, 0xF81F, 0xF81F, 0xF81F, 0xF81F, 0xF81F, 0xF81F, 0xF81F, 0xF81F, 0xF81F, 0xF81F, 0xF81F,
    0xF81F, 0xF81F, 0xF81F, 0xF81F, 0xF81F, 0xF81F, 0xF81F, 0xF81F, 0xF81F, 0xF81F, 0xF81F, 0xF81F,
    0xF81F, 0xF81F, 0xF81F, 0xF81F, 0xF81F, 0xF81F, 0xF81F, 0xF81F, 0xF81F, 0xF81F, 0xF81F, 0xF81F,
    0xF81F, 0xF81F, 0xF81F, 0xF81F, 0xF81F, 0xF81F, 0xF81F, 0xF81F, 0xF81F, 0xF81F, 0xF81F, 0xF81F,
    0xF81F, 0xF81F, 0xF81F, 0xF81F, 0xF81F, 0xF81F, 0xF81F, 0xF81F, 0xF81F, 0xF81F, 0xF81F, 0xF81F,
    0xF81F, 0xF81F, 0xF81F, 0xF81F, 0xF81F, 0xF81F, 0xF81F, 0xF81F, 0xF81F, 0xF81F, 0xF81F, 0xF81F,
    0xF81F, 0xF81F, 0xF81F, 0xF81F, 0xF81F, 0xF81F, 0xF81F, 0xF81F, 0xF81F, 0xF81F, 0xF81F, 0xF81F,
    0xF81F, 0xF81F, 0xF81F, 0xF81F, 0xF81F, 0xF81F, 0xF81F, 0xF81F, 0xF81F, 0xF81F, 0xF81F, 0xF81F,
    0xF81F, 0xF81F, 0xF81F, 0xF81F, 0xF81F, 0xF81F, 0xF81F, 0xF81F, 0xF81F, 0xF81F, 0xF81F, 0xF81F,
    0xF81F, 0xF81F, 0xF81F, 0xF81F, 0xF81F, 0xF81F, 0xF81F, 0xF81F, 0xF81F, 0xF81F, 0xF81F, 0xF81F,
    0xF81F, 0xF81F, 0xF81F, 0xF81F, 0xF81F, 0xF81F, 0xF81F, 0xF81F, 0xF81F, 0xF81F, 0xF81F, 0xF81F,
    0xF81F, 0xF81F, 0xF81F, 0xF81F, 0xF81F, 0xF81F, 0xF81F, 0xF81F, 0xF81F, 0xF81F, 0xF81F, 0xF81F,
    0xF81F, 0xF81F, 0xF81F, 0xF81F, 0xF81F, 0xF81F, 0xF81F, 0xF81F, 0xF81F, 0xF81F, 0xF81F, 0xF81F,
    0xF81F, 0xF81F, 0xF81F, 0xF81F, 0xF81F, 0xF81F, 0xF81F, 0xF81F, 0xF81F, 0xF81F, 0xF81F, 0xF81F,
    0xF81F, 0xF81F, 0xF81F, 0xF81F, 0xF81F, 0xF81F, 0xF81F, 0xF81F, 0xF81F, 0xF81F, 0xF81F, 0xF81F,
    0xF81F, 0xF81F, 0xF81F, 0xF81F, 0xF81F, 0xF81F, 0xF81F, 0xF81F, 0xF81F, 0xF81F, 0xF81F, 0xF81F,
    0xF81F, 0xF81F, 0xF81F, 0xF81F, 0xF81F, 0xF81F, 0xF81F, 0xF81F, 0xF81F, 0xF81F, 0xF81F, 0xF81F,
    0xF81F, 0xF81F, 0xF81F, 0xF81F, 0xF81F, 0xF81F, 0xF81F, 0xF81F, 0xF81F, 0xF81F, 0xF81F, 0xF81F,
    0xF81F, 0xF81F, 0xF81F, 0xF81F, 0xF81F, 0xF81F, 0xF81F, 0xF81F, 0xF81F, 0xF81F, 0xF81F, 0xF81F,
    0xF81F, 0xF81F, 0xF81F, 0xF81F, 0xF81F, 0xF81F, 0xF81F, 0xF81F, 0xF81F, 0xF81F, 0xF81F, 0xF81F,
    0xF81F, 0xF81F, 0xF81F, 0xF81F, 0xF81F, 0xF81F, 0xF81F, 0xF81F, 0xF81F, 0xF81F, 0xF81F, 0xF81F,
    0xF81F, 0xF81F, 0xF81F, 0xF81F, 0xF81F, 0xF81F, 0xF81F, 0xF81F, 0xF81F, 0xF81F, 0xF81F, 0xF81F,
    0xF81F, 0xF81F, 0xF81F, 0xF81F, 0xF81F, 0xF81F, 0xF81F, 0xF81F, 0xF81F, 0xF81F, 0xF81F, 0xF81F,
    0xF81F, 0xF81F, 0xF81F, 0xF81F, 0xF81F, 0xF81F, 0xF81F, 0xF81F, 0xF81F, 0xF81F, 0xF81F, 0xF81F,
    0xF81F, 0xF81F, 0xF81F, 0xF81F, 0xF81F, 0xF81F, 0xF81F, 0xF81F, 0xF81F, 0xF81F, 0xF81F, 0xF81F,
    0xF81F, 0xF81F, 0xF81F, 0xF81F, 0xF81F, 0xF81F, 0xF81F, 0xF81F, 0xF81F, 0xF81F, 0xF81F, 0xF81F,
    0xF81F, 0xF81F, 0xF81F, 0xF81F, 0xF81F, 0xF81F, 0xF81F, 0xF81F, 0xF81F, 0xF81F, 0xF81F, 0xF81F,
};

const uint16_t fish_3[9216] PROGMEM = {
    0xF81F, 0xF81F, 0xF81F, 0xF81F, 0xF81F, 0xF81F, 0xF81F, 0xF81F, 0xF81F, 0xF81F, 0xF81F, 0xF81F,
    0xF81F, 0xF81F, 0xF81F, 0xF81F, 0xF81F, 0xF81F, 0xF81F, 0xF81F, 0xF81F, 0xF81F, 0xF81F, 0xF81F,
    0xF81F, 0xF81F, 0xF81F, 0xF81F, 0xF81F, 0xF81F, 0xF81F, 0xF81F, 0xF81F, 0xF81F, 0xF81F, 0xF81F,
    0xF81F, 0xF81F, 0xF81F, 0xF81F, 0xF81F, 0xF81F, 0xF81F, 0xF81F, 0xF81F, 0xF81F, 0xF81F, 0xF81F,
    0xF81F, 0xF81F, 0xF81F, 0xF81F, 0xF81F, 0xF81F, 0xF81F, 0xF81F, 0xF81F, 0xF81F, 0xF81F, 0xF81F,
    0xF81F, 0xF81F, 0xF81F, 0xF81F, 0xF81F, 0xF81F, 0xF81F, 0xF81F, 0xF81F, 0xF81F, 0xF81F, 0xF81F,
    0xF81F, 0xF81F, 0xF81F, 0xF81F, 0xF81F, 0xF81F, 0xF81F, 0xF81F, 0xF81F, 0xF81F, 0xF81F, 0xF81F,
    0xF81F, 0xF81F, 0xF81F, 0xF81F, 0xF81F, 0xF81F, 0xF81F, 0xF81F, 0xF81F, 0xF81F, 0xF81F, 0xF81F,
    0xF81F, 0xF81F, 0xF81F, 0xF81F, 0xF81F, 0xF81F, 0xF81F, 0xF81F, 0xF81F, 0xF81F, 0xF81F, 0xF81F,
    0xF81F, 0xF81F, 0xF81F, 0xF81F, 0xF81F, 0xF81F, 0xF81F, 0xF81F, 0xF81F, 0xF81F, 0xF81F, 0xF81F,
    0xF81F, 0xF81F, 0xF81F, 0xF81F, 0xF81F, 0xF81F, 0xF81F, 0xF81F, 0xF81F, 0xF81F, 0xF81F, 0xF81F,
    0xF81F, 0xF81F, 0xF81F, 0xF81F, 0xF81F, 0xF81F, 0xF81F, 0xF81F, 0xF81F, 0xF81F, 0xF81F, 0xF81F,
    0xF81F, 0xF81F, 0xF81F, 0xF81F, 0xF81F, 0xF81F, 0xF81F, 0xF81F, 0xF81F, 0xF81F, 0xF81F, 0xF81F,
    0xF81F, 0xF81F, 0xF81F, 0xF81F, 0xF81F, 0xF81F, 0xF81F, 0xF81F, 0xF81F, 0xF81F, 0xF81F, 0xF81F,
    0xF81F, 0xF81F, 0xF81F, 0xF81F, 0xF81F, 0xF81F, 0xF81F, 0xF81F, 0xF81F, 0xF81F, 0xF81F, 0xF81F,
    0xF81F, 0xF81F, 0xF81F, 0xF81F, 0xF81F, 0xF81F, 0xF81F, 0xF81F, 0xF81F, 0xF81F, 0xF81F, 0xF81F,
    0xF81F, 0xF81F, 0xF81F, 0xF81F, 0xF81F, 0xF81F, 0xF81F, 0xF81F, 0xF81F, 0xF81F, 0xF81F, 0xF81F,
    0xF81F, 0xF81F, 0xF81F, 0xF81F, 0xF81F, 0xF81F, 0xF81F, 0xF81F, 0xF81F, 0xF81F, 0xF81F, 0xF81F,
    0xF81F, 0xF81F, 0xF81F, 0xF81F, 0xF81F, 0xF81F, 0xF81F, 0xF81F, 0xF81F, 0xF81F, 0xF81F, 0xF81F,
    0xF81F, 0xF81F, 0xF81F, 0xF81F, 0xF81F, 0xF81F, 0xF81F, 0xF81F, 0xF81F, 0xF81F, 0xF81F, 0xF81F,
    0xF81F, 0xF81F, 0xF81F, 0xF81F, 0xF81F, 0xF81F, 0xF81F, 0xF81F, 0xF81F, 0xF81F, 0xF81F, 0xF81F,
    0xF81F, 0xF81F, 0xF81F, 0xF81F, 0xF81F, 0xF81F, 0xF81F, 0xF81F, 0xF81F, 0xF81F, 0xF81F, 0xF81F,
    0xF81F, 0xF81F, 0xF81F, 0xF81F, 0xF81F, 0xF81F, 0xF81F, 0xF81F, 0xF81F, 0xF81F, 0xF81F, 0xF81F,
    0xF81F, 0xF81F, 0xF81F, 0xF81F, 0xF81F, 0xF81F, 0xF81F, 0xF81F, 0xF81F, 0xF81F, 0xF81F, 0xF81F,
    0xF81F, 0xF81F, 0xF81F, 0xF81F, 0xF81F, 0xF81F, 0xF81F, 0xF81F, 0xF81F, 0xF81F, 0xF81F, 0xF81F,
    0xF81F, 0xF81F, 0xF81F, 0xF81F, 0xF81F, 0xF81F, 0xF81F, 0xF81F, 0xF81F, 0xF81F, 0xF81F, 0xF81F,
    0xF81F, 0xF81F, 0xF81F, 0xF81F, 0xF81F, 0xF81F, 0xF81F, 0xF81F, 0xF81F, 0xF81F, 0xF81F, 0xF81F,
    0xF81F, 0xF81F, 0xF81F, 0xF81F, 0xF81F, 0xF81F, 0xF81F, 0xF81F, 0xF81F, 0xF81F, 0xF81F, 0xF81F,
    0xF81F, 0xF81F, 0xF81F, 0xF81F, 0xF81F, 0xF81F, 0xF81F, 0xF81F, 0xF81F, 0xF81F, 0xF81F, 0xF81F,
    0xF81F, 0xF81F, 0xF81F, 0xF81F, 0xF81F, 0xF81F, 0xF81F, 0xF81F, 0xF81F, 0xF81F, 0xF81F, 0xF81F,
    0xF81F, 0xF81F, 0xF81F, 0xF81F, 0xF81F, 0xF81F, 0xF81F, 0xF81F, 0xF81F, 0xF81F, 0xF81F, 0xF81F,
    0xF81F, 0xF81F, 0xF81F, 0xF81F, 0xF81F, 0xF81F, 0xF81F, 0xF81F, 0xF81F, 0xF81F, 0xF81F, 0xF81F,
    0xF81F, 0xF81F, 0xF81F, 0xF81F, 0xF81F, 0xF81F, 0xF81F, 0xF81F, 0xF81F, 0xF81F, 0xF81F, 0xF81F,
    0xF81F, 0xF81F, 0xF81F, 0xF81F, 0xF81F, 0xF81F, 0xF81F, 0xF81F, 0xF81F, 0xF81F, 0xF81F, 0xF81F,
    0xF81F, 0xF81F, 0xF81F, 0xF81F, 0xF81F, 0xF81F, 0xF81F, 0xF81F, 0xF81F, 0xF81F, 0xF81F, 0xF81F,
    0xF81F, 0xF81F, 0xF81F, 0xF81F, 0xF81F, 0xF81F, 0xF81F, 0xF81F, 0xF81F, 0xF81F, 0xF81F, 0xF81F,
    0xF81F, 0xF81F, 0xF81F, 0xF81F, 0xF81F, 0xF81F, 0xF81F, 0xF81F, 0xF81F, 0xF81F, 0xF81F, 0xF81F,
    0xF81F, 0xF81F, 0xF81F, 0xF81F, 0xF81F, 0xF81F, 0xF81F, 0xF81F, 0xF81F, 0xF81F, 0xF81F, 0xF81F,
    0xF81F, 0xF81F, 0xF81F, 0xF81F, 0xF81F, 0xF81F, 0xF81F, 0xF81F, 0xF81F, 0xF81F, 0xF81F, 0xF81F,
    0xF81F, 0xF81F, 0xF81F, 0xF81F, 0xF81F, 0xF81F, 0xF81F, 0xF81F, 0xF81F, 0xF81F, 0xF81F, 0xF81F,
    0xF81F, 0xF81F, 0xF81F, 0xF81F, 0xF81F, 0xF81F, 0xF81F, 0xF81F, 0xF81F, 0xF81F, 0xF81F, 0xF81F,
    0xF81F, 0xF81F, 0xF81F, 0xF81F, 0xF81F, 0xF81F, 0xF81F, 0xF81F, 0xF81F, 0xF81F, 0xF81F, 0xF81F,
    0xF81F, 0xF81F, 0xF81F, 0xF81F, 0xF81F, 0xF81F, 0xF81F, 0xF81F, 0xF81F, 0xF81F, 0xF81F, 0xF81F,
    0xF81F, 0xF81F, 0xF81F, 0xF81F, 0xF81F, 0xF81F, 0xF81F, 0xF81F, 0xF81F, 0xF81F, 0xF81F, 0xF81F,
    0xF81F, 0xF81F, 0xF81F, 0xF81F, 0xF81F, 0xF81F, 0xF81F, 0xF81F, 0xF81F, 0xF81F, 0xF81F, 0xF81F,
    0xF81F, 0xF81F, 0xF81F, 0xF81F, 0xF81F, 0xF81F, 0xF81F, 0xF81F, 0xF81F, 0xF81F, 0xF81F, 0xF81F,
    0xF81F, 0xF81F, 0xF81F, 0xF81F, 0xF81F, 0xF81F, 0xF81F, 0xF81F, 0xF81F, 0xF81F, 0xF81F, 0xF81F,
    0xF81F, 0xF81F, 0xF81F, 0xF81F, 0xF81F, 0xF81F, 0xF81F, 0xF81F, 0xF81F, 0xF81F, 0xF81F, 0xF81F,
    0xF81F, 0xF81F, 0xF81F, 0xF81F, 0xF81F, 0xF81F, 0xF81F, 0xF81F, 0xF81F, 0xF81F, 0xF81F, 0xF81F,
    0xF81F, 0xF81F, 0xF81F, 0xF81F, 0xF81F, 0xF81F, 0xF81F, 0xF81F, 0xF81F, 0xF81F, 0xF81F, 0xF81F,
    0xF81F, 0xF81F, 0xF81F, 0xF81F, 0xF81F, 0xF81F, 0xF81F, 0xF81F, 0xF81F, 0xF81F, 0xF81F, 0xF81F,
    0xF81F, 0xF81F, 0xF81F, 0xF81F, 0xF81F, 0xF81F, 0xF81F, 0xF81F, 0xF81F, 0xF81F, 0xF81F, 0xF81F,
    0xF81F, 0xF81F, 0xF81F, 0xF81F, 0xF81F, 0xF81F, 0xF81F, 0xF81F, 0xF81F, 0xF81F, 0xF81F, 0xF81F,
    0xF81F, 0xF81F, 0xF81F, 0xF81F, 0xF81F, 0xF81F, 0xF81F, 0xF81F, 0xF81F, 0xF81F, 0xF81F, 0xF81F,
    0xF81F, 0xF81F, 0xF81F, 0xF81F, 0xF81F, 0xF81F, 0xF81F, 0xF81F, 0xF81F, 0xF81F, 0xF81F, 0xF81F,
    0xF81F, 0xF81F, 0xF81F, 0xF81F, 0xF81F, 0xF81F, 0xF81F, 0xF81F, 0xF81F, 0xF81F, 0xF81F, 0xF81F,
    0xF81F, 0xF81F, 0xF81F, 0xF81F, 0xF81F, 0xF81F, 0xF81F, 0xF81F, 0xF81F, 0xF81F, 0xF81F, 0xF81F,
    0xF81F, 0xF81F, 0xF81F, 0xF81F, 0xF81F, 0xF81F, 0xF81F, 0xF81F, 0xF81F, 0xF81F, 0xF81F, 0xF81F,
    0xF81F, 0xF81F, 0xF81F, 0xF81F, 0xF81F, 0xF81F, 0xF81F, 0xF81F, 0xF81F, 0xF81F, 0xF81F, 0xF81F,
    0xF81F, 0xF81F, 0xF81F, 0xF81F, 0xF81F, 0xF81F, 0xF81F, 0xF81F, 0xF81F, 0xF81F, 0xF81F, 0xF81F,
    0xF81F, 0xF81F, 0xF81F, 0xF81F, 0xF81F, 0xF81F, 0xF81F, 0xF81F, 0xF81F, 0xF81F, 0xF81F, 0xF81F,
    0xF81F, 0xF81F, 0xF81F, 0xF81F, 0xF81F, 0xF81F, 0xF81F, 0xF81F, 0xF81F, 0xF81F, 0xF81F, 0xF81F,
    0xF81F, 0xF81F, 0xF81F, 0xF81F, 0xF81F, 0xF81F, 0xF81F, 0xF81F, 0xF81F, 0xF81F, 0xF81F, 0xF81F,
    0xF81F, 0xF81F, 0xF81F, 0xF81F, 0xF81F, 0xF81F, 0xF81F, 0xF81F, 0xF81F, 0xF81F, 0xF81F, 0xF81F,
    0xF81F, 0xF81F, 0xF81F, 0xF81F, 0xF81F, 0xF81F, 0xF81F, 0xF81F, 0xF81F, 0xF81F, 0xF81F, 0xF81F,
    0xF81F, 0xF81F, 0xF81F, 0xF81F, 0xF81F, 0xF81F, 0xF81F, 0xF81F, 0xF81F, 0xF81F, 0xF81F, 0xF81F,
    0xF81F, 0xF81F, 0xF81F, 0xF81F, 0xF81F, 0xF81F, 0xF81F, 0xF81F, 0xF81F, 0xF81F, 0xF81F, 0xF81F,
    0xF81F, 0xF81F, 0xF81F, 0xF81F, 0xF81F, 0xF81F, 0xF81F, 0xF81F, 0xF81F, 0xF81F, 0xF81F, 0xF81F,
    0xF81F, 0xF81F, 0xF81F, 0xF81F, 0xF81F, 0xF81F, 0xF81F, 0xF81F, 0xF81F, 0xF81F, 0xF81F, 0xF81F,
    0xF81F, 0xF81F, 0xF81F, 0xF81F, 0xF81F, 0xF81F, 0xF81F, 0xF81F, 0xF81F, 0xF81F, 0xF81F, 0xF81F,
    0xF81F, 0xF81F, 0xF81F, 0xF81F, 0xF81F, 0xF81F, 0xF81F, 0xF81F, 0xF81F, 0xF81F, 0xF81F, 0xF81F,
    0xF81F, 0xF81F, 0xF81F, 0xF81F, 0xF81F, 0xF81F, 0xF81F, 0xF81F, 0xF81F, 0xF81F, 0xF81F, 0xF81F,
    0xF81F, 0xF81F, 0xF81F, 0xF81F, 0xF81F, 0xF81F, 0xF81F, 0xF81F, 0xF81F, 0xF81F, 0xF81F, 0xF81F,
    0xF81F, 0xF81F, 0xF81F, 0xF81F, 0xF81F, 0xF81F, 0xF81F, 0xF81F, 0xF81F, 0xF81F, 0xF81F, 0xF81F,
    0xF81F, 0xF81F, 0xF81F, 0xF81F, 0xF81F, 0xF81F, 0xF81F, 0xF81F, 0xF81F, 0xF81F, 0xF81F, 0xF81F,
    0xF81F, 0xF81F, 0xF81F, 0xF81F, 0xF81F, 0xF81F, 0xF81F, 0xF81F, 0xF81F, 0xF81F, 0xF81F, 0xF81F,
    0xF81F, 0xF81F, 0xF81F, 0xF81F, 0xF81F, 0xF81F, 0xF81F, 0xF81F, 0xF81F, 0xF81F, 0xF81F, 0xF81F,
    0xF81F, 0xF81F, 0xF81F, 0xF81F, 0xF81F, 0xF81F, 0xF81F, 0xF81F, 0xF81F, 0xF81F, 0xF81F, 0xF81F,
    0xF81F, 0xF81F, 0xF81F, 0xF81F, 0xF81F, 0xF81F, 0xF81F, 0xF81F, 0xF81F, 0xF81F, 0xF81F, 0xF81F,
    0xF81F, 0xF81F, 0xF81F, 0xF81F, 0xF81F, 0xF81F, 0xF81F, 0xF81F, 0xF81F, 0xF81F, 0xF81F, 0xF81F,
    0xF81F, 0xF81F, 0xF81F, 0xF81F, 0xF81F, 0xF81F, 0xF81F, 0xF81F, 0xF81F, 0xF81F, 0xF81F, 0xF81F,
    0xF81F, 0xF81F, 0xF81F, 0xF81F, 0xF81F, 0xF81F, 0xF81F, 0xF81F, 0xF81F, 0xF81F, 0xF81F, 0xF81F,
    0xF81F, 0xF81F, 0xF81F, 0xF81F, 0xF81F, 0xF81F, 0xF81F, 0xF81F, 0xF81F, 0xF81F, 0xF81F, 0xF81F,
    0xF81F, 0xF81F, 0xF81F, 0xF81F, 0xF81F, 0xF81F, 0xF81F, 0xF81F, 0xF81F, 0xF81F, 0xF81F, 0xF81F,
    0xF81F, 0xF81F, 0xF81F, 0xF81F, 0xF81F, 0xF81F, 0xF81F, 0xF81F, 0xF81F, 0xF81F, 0xF81F, 0xF81F,
    0xF81F, 0xF81F, 0xF81F, 0xF81F, 0xF81F, 0xF81F, 0xF81F, 0xF81F, 0xF81F, 0xF81F, 0xF81F, 0xF81F,
    0xF81F, 0xF81F, 0xF81F, 0xF81F, 0xF81F, 0xF81F, 0xF81F, 0xF81F, 0xF81F, 0xF81F, 0xF81F, 0xF81F,
    0xF81F, 0xF81F, 0xF81F, 0xF81F, 0xF81F, 0xF81F, 0xF81F, 0xF81F, 0xF81F, 0xF81F, 0xF81F, 0xF81F,
    0xF81F, 0xF81F, 0xF81F, 0xF81F, 0xF81F, 0xF81F, 0xF81F, 0xF81F, 0xF81F, 0xF81F, 0xF81F, 0xF81F,
    0xF81F, 0xF81F, 0xF81F, 0xF81F, 0xF81F, 0xF81F, 0xF81F, 0xF81F, 0xF81F, 0xF81F, 0xF81F, 0xF81F,
    0xF81F, 0xF81F, 0xF81F, 0xF81F, 0xF81F, 0xF81F, 0xF81F, 0xF81F, 0xF81F, 0xF81F, 0xF81F, 0xF81F,
    0xF81F, 0xF81F, 0xF81F, 0xF81F, 0xF81F, 0xF81F, 0xF81F, 0xF81F, 0xF81F, 0xF81F, 0xF81F, 0xF81F,
    0xF81F, 0xF81F, 0xF81F, 0xF81F, 0xF81F, 0xF81F, 0xF81F, 0xF81F, 0xF81F, 0xF81F, 0xF81F, 0xF81F,
    0xF81F, 0xF81F, 0xF81F, 0xF81F, 0xF81F, 0xF81F, 0xF81F, 0xF81F, 0xF81F, 0xF81F, 0xF81F, 0xF81F,
    0xF81F, 0xF81F, 0xF81F, 0xF81F, 0xF81F, 0xF81F, 0xF81F, 0xF81F, 0xF81F, 0xF81F, 0xF81F, 0xF81F,
    0xF81F, 0xF81F, 0xF81F, 0xF81F, 0xF81F, 0xF81F, 0xF81F, 0xF81F, 0xF81F, 0xF81F, 0xF81F, 0xF81F,
    0xF81F, 0xF81F, 0xF81F, 0xF81F, 0xF81F, 0xF81F, 0xF81F, 0xF81F, 0xF81F, 0xF81F, 0xF81F, 0xF81F,
    0xF81F, 0xF81F, 0xF81F, 0xF81F, 0xF81F, 0xF81F, 0xF81F, 0xF81F, 0xF81F, 0xF81F, 0xF81F, 0xF81F,
    0xF81F, 0xF81F, 0xF81F, 0xF81F, 0xF81F, 0xF81F, 0xF81F, 0xF81F, 0xF81F, 0xF81F, 0xF81F, 0xF81F,
    0xF81F, 0xF81F, 0xF81F, 0xF81F, 0xF81F, 0xF81F, 0xF81F, 0xF81F, 0xF81F, 0xF81F, 0xF81F, 0xF81F,
    0xF81F, 0xF81F, 0xF81F, 0xF81F, 0xF81F, 0xF81F, 0xF81F, 0xF81F, 0xF81F, 0xF81F, 0xF81F, 0xF81F,
    0xF81F, 0xF81F, 0xF81F, 0xF81F, 0xF81F, 0xF81F, 0xF81F, 0xF81F, 0xF81F, 0xF81F, 0xF81F, 0xF81F,
    0xF81F, 0xF81F, 0xF81F, 0xF81F, 0xF81F, 0xF81F, 0xF81F, 0xF81F, 0xF81F, 0xF81F, 0xF81F, 0xF81F,
    0xF81F, 0xF81F, 0xF81F, 0xF81F, 0xF81F, 0xF81F, 0xF81F, 0xF81F, 0xF81F, 0xF81F, 0xF81F, 0xF81F,
    0xF81F, 0xF81F, 0xF81F, 0xF81F, 0xF81F, 0xF81F, 0xF81F, 0xF81F, 0xF81F, 0xF81F, 0xF81F, 0xF81F,
    0xF81F, 0xF81F, 0xF81F, 0xF81F, 0xF81F, 0xF81F, 0xF81F, 0xF81F, 0xF81F, 0xF81F, 0xF81F, 0xF81F,
    0xF81F, 0xF81F, 0xF81F, 0xF81F, 0xF81F, 0xF81F, 0xF81F, 0xF81F, 0xF81F, 0xF81F, 0xF81F, 0xF81F,
    0xF81F, 0xF81F, 0xF81F, 0xF81F, 0xF81F, 0xF81F, 0xF81F, 0xF81F, 0xF81F, 0xF81F, 0xF81F, 0xF81F,
    0xF81F, 0xF81F, 0xF81F, 0xF81F, 0xF81F, 0xF81F, 0xF81F, 0xF81F, 0xF81F, 0xF81F, 0xF81F, 0xF81F,
    0xF81F, 0xF81F, 0xF81F, 0xF81F, 0xF81F, 0xF81F, 0xF81F, 0xF81F, 0xF81F, 0xF81F, 0xF81F, 0xF81F,
    0xF81F, 0xF81F, 0xF81F, 0xF81F, 0xF81F, 0xF81F, 0xF81F, 0xF81F, 0xF81F, 0xF81F, 0xF81F, 0xF81F,
    0xF81F, 0xF81F, 0xF81F, 0xF81F, 0xF81F, 0xF81F, 0xF81F, 0xF81F, 0xF81F, 0xF81F, 0xF81F, 0xF81F,
    0xF81F, 0xF81F, 0xF81F, 0xF81F, 0xF81F, 0xF81F, 0xF81F, 0xF81F, 0xF81F, 0xF81F, 0xF81F, 0xF81F,
    0xF81F, 0xF81F, 0xF81F, 0xF81F, 0xF81F, 0xF81F, 0xF81F, 0xF81F, 0xF81F, 0xF81F, 0xF81F, 0xF81F,
    0xF81F, 0xF81F, 0xF81F, 0xF81F, 0xF81F, 0xF81F, 0xF81F, 0xF81F, 0xF81F, 0xF81F, 0xF81F, 0xF81F,
    0xF81F, 0xF81F, 0xF81F, 0xF81F, 0xF81F, 0xF81F, 0xF81F, 0xF81F, 0xF81F, 0xF81F, 0xF81F, 0xF81F,
    0xF81F, 0xF81F, 0xF81F, 0xF81F, 0xF81F, 0xF81F, 0xF81F, 0xF81F, 0xF81F, 0xF81F, 0xF81F, 0xF81F,
    0xF81F, 0xF81F, 0xF81F, 0xF81F, 0xF81F, 0xF81F, 0xF81F, 0xF81F, 0xF81F, 0xF81F, 0xF81F, 0xF81F,
    0xF81F, 0xF81F, 0xF81F, 0xF81F, 0xF81F, 0xF81F, 0xF81F, 0xF81F, 0xF81F, 0xF81F, 0xF81F, 0xF81F,
    0xF81F, 0xF81F, 0xF81F, 0xF81F, 0xF81F, 0xF81F, 0xF81F, 0xF81F, 0xF81F, 0xF81F, 0xF81F, 0xF81F,
    0xF81F, 0xF81F, 0xF81F, 0xF81F, 0xF81F, 0xF81F, 0xF81F, 0xF81F, 0xF81F, 0xF81F, 0xF81F, 0xF81F,
    0xF81F, 0xF81F, 0xF81F, 0xF81F, 0xF81F, 0xF81F, 0xF81F, 0xF81F, 0xF81F, 0xF81F, 0xF81F, 0xF81F,
    0xF81F, 0xF81F, 0xF81F, 0xF81F, 0xF81F, 0xF81F, 0xF81F, 0xF81F, 0xF81F, 0xF81F, 0xF81F, 0xF81F,
    0xF81F, 0xF81F, 0xF81F, 0xF81F, 0xF81F, 0xF81F, 0xF81F, 0xF81F, 0xF81F, 0xF81F, 0xF81F, 0xF81F,
    0xF81F, 0xF81F, 0xF81F, 0xF81F, 0xF81F, 0xF81F, 0xF81F, 0xF81F, 0xF81F, 0xF81F, 0xF81F, 0xF81F,
    0xF81F, 0xF81F, 0xF81F, 0xF81F, 0xF81F, 0xF81F, 0xF81F, 0xF81F, 0xF81F, 0xF81F, 0xF81F, 0xF81F,
    0xF81F, 0xF81F, 0xF81F, 0xF81F, 0xF81F, 0xF81F, 0xF81F, 0xF81F, 0xF81F, 0xF81F, 0xF81F, 0xF81F,
    0xF81F, 0xF81F, 0xF81F, 0xF81F, 0xF81F, 0xF81F, 0xF81F, 0xF81F, 0xF81F, 0xF81F, 0xF81F, 0xF81F,
    0xF81F, 0xF81F, 0xF81F, 0xF81F, 0xF81F, 0xF81F, 0xF81F, 0xF81F, 0xF81F, 0xF81F, 0xF81F, 0xF81F,
    0xF81F, 0xF81F, 0xF81F, 0xF81F, 0xF81F, 0xF81F, 0xF81F, 0xF81F, 0xF81F, 0xF81F, 0xF81F, 0xF81F,
    0xF81F, 0xF81F, 0xF81F, 0xF81F, 0xF81F, 0xF81F, 0xF81F, 0xF81F, 0xF81F, 0xF81F, 0xF81F, 0xF81F,
    0xF81F, 0xF81F, 0xF81F, 0xF81F, 0xF81F, 0xF81F, 0xF81F, 0xF81F, 0xF81F, 0xF81F, 0xF81F, 0xF81F,
    0xF81F, 0xF81F, 0xF81F, 0xF81F, 0xF81F, 0xF81F, 0xF81F, 0xF81F, 0xF81F, 0xF81F, 0xF81F, 0xF81F,
    0xF81F, 0xF81F, 0xF81F, 0xF81F, 0xF81F, 0xF81F, 0xF81F, 0xF81F, 0xF81F, 0xF81F, 0xF81F, 0xF81F,
    0xF81F, 0xF81F, 0xF81F, 0xF81F, 0xF81F, 0xF81F, 0xF81F, 0xF81F, 0xF81F, 0xF81F, 0xF81F, 0xF81F,
    0xF81F, 0xF81F, 0xF81F, 0xF81F, 0xF81F, 0xF81F, 0xF81F, 0xF81F, 0xF81F, 0xF81F, 0xF81F, 0xF81F,
    0xF81F, 0xF81F, 0xF81F, 0xF81F, 0xF81F, 0xF81F, 0xF81F, 0xF81F, 0xF81F, 0xF81F, 0xF81F, 0xF81F,
    0xF81F, 0xF81F, 0xF81F, 0xF81F, 0xF81F, 0xF81F, 0xF81F, 0xF81F, 0xF81F, 0xF81F, 0xF81F, 0xF81F,
    0xF81F, 0xF81F, 0xF81F, 0xF81F, 0xF81F, 0xF81F, 0xF81F, 0xF81F, 0xF81F, 0xF81F, 0xF81F, 0xF81F,
    0xF81F, 0xF81F, 0xF81F, 0xF81F, 0xF81F, 0xF81F, 0xF81F, 0xF81F, 0xF81F, 0xF81F, 0xF81F, 0xF81F,
    0xF81F, 0xF81F, 0xF81F, 0xF81F, 0xF81F, 0xF81F, 0xF81F, 0xF81F, 0xF81F, 0xF81F, 0xF81F, 0xF81F,
    0xF81F, 0xF81F, 0xF81F, 0xF81F, 0xF81F, 0xF81F, 0xF81F, 0xF81F, 0xF81F, 0xF81F, 0xF81F, 0xF81F,
    0xF81F, 0xF81F, 0xF81F, 0xF81F, 0xF81F, 0xF81F, 0xF81F, 0xF81F, 0xF81F, 0xF81F, 0xF81F, 0xF81F,
    0xF81F, 0xF81F, 0xF81F, 0xF81F, 0xF81F, 0xF81F, 0xF81F, 0xF81F, 0xF81F, 0xF81F, 0xF81F, 0xF81F,
    0xF81F, 0xF81F, 0xF81F, 0xF81F, 0xF81F, 0xF81F, 0xF81F, 0xF81F, 0xF81F, 0xF81F, 0xF81F, 0xF81F,
    0xF81F, 0xF81F, 0xF81F, 0xF81F, 0xF81F, 0xF81F, 0xF81F, 0xF81F, 0xF81F, 0xF81F, 0xF81F, 0xF81F,
    0xF81F, 0xF81F, 0xF81F, 0xF81F, 0xF81F, 0xF81F, 0xF81F, 0xF81F, 0xF81F, 0xF81F, 0xF81F, 0xF81F,
    0xF81F, 0xF81F, 0xF81F, 0xF81F, 0xF81F, 0xF81F, 0xF81F, 0xF81F, 0xF81F, 0xF81F, 0xF81F, 0xF81F,
    0xF81F, 0xF81F, 0xF81F, 0xF81F, 0xF81F, 0xF81F, 0xF81F, 0xF81F, 0xF81F, 0xF81F, 0xF81F, 0xF81F,
    0xF81F, 0xF81F, 0xF81F, 0xF81F, 0xF81F, 0xF81F, 0xF81F, 0xF81F, 0xF81F, 0xF81F, 0xF81F, 0xF81F,
    0xF81F, 0xF81F, 0xF81F, 0xF81F, 0xF81F, 0xF81F, 0xF81F, 0xF81F, 0xF81F, 0xF81F, 0xF81F, 0xF81F,
    0xF81F, 0xF81F, 0xF81F, 0xF81F, 0xF81F, 0xF81F, 0xF81F, 0xF81F, 0xF81F, 0xF81F, 0xF81F, 0xF81F,
    0xF81F, 0xF81F, 0xF81F, 0xF81F, 0xF81F, 0xF81F, 0xF81F, 0xF81F, 0xF81F, 0xF81F, 0xF81F, 0xF81F,
    0xF81F, 0xF81F, 0xF81F, 0xF81F, 0xF81F, 0xF81F, 0xF81F, 0xF81F, 0xF81F, 0xF81F, 0xF81F, 0xF81F,
    0xF81F, 0xF81F, 0xF81F, 0xF81F, 0xF81F, 0xF81F, 0xF81F, 0xF81F, 0xF81F, 0xF81F, 0xF81F, 0xF81F,
    0xF81F, 0xF81F, 0xF81F, 0xF81F, 0xF81F, 0xF81F, 0xF81F, 0xF81F, 0xF81F, 0xF81F, 0xF81F, 0xF81F,
    0xF81F, 0xF81F, 0xF81F, 0xF81F, 0xF81F, 0xF81F, 0xF81F, 0xF81F, 0xF81F, 0xF81F, 0xF81F, 0xF81F,
    0xF81F, 0xF81F, 0xF81F, 0xF81F, 0xF81F, 0xF81F, 0xF81F, 0xF81F, 0xF81F, 0xF81F, 0xF81F, 0xF81F,
    0xF81F, 0xF81F, 0xF81F, 0xF81F, 0xF81F, 0xF81F, 0xF81F, 0xF81F, 0xF81F, 0xF81F, 0xF81F, 0xF81F,
    0xF81F, 0xF81F, 0xF81F, 0xF81F, 0xF81F, 0xF81F, 0xF81F, 0xF81F, 0xF81F, 0xF81F, 0xF81F, 0xF81F,
    0xF81F, 0xF81F, 0xF81F, 0xF81F, 0xF81F, 0xF81F, 0xF81F, 0xF81F, 0xF81F, 0xF81F, 0xF81F, 0xF81F,
    0xF81F, 0xF81F, 0xF81F, 0xF81F, 0xF81F, 0xF81F, 0xF81F, 0xF81F, 0xF81F, 0xF81F, 0xF81F, 0xF81F,
    0xF81F, 0xF81F, 0xF81F, 0xF81F, 0xF81F, 0xF81F, 0xF81F, 0xF81F, 0xF81F, 0xF81F, 0xF81F, 0xF81F,
    0xF81F, 0xF81F, 0xF81F, 0xF81F, 0xF81F, 0xF81F, 0xF81F, 0xF81F, 0xF81F, 0xF81F, 0xF81F, 0xF81F,
    0xF81F, 0xF81F, 0xF81F, 0xF81F, 0xF81F, 0xF81F, 0xF81F, 0xF81F, 0xF81F, 0xF81F, 0xF81F, 0xF81F,
    0xF81F, 0xF81F, 0xF81F, 0xF81F, 0xF81F, 0xF81F, 0xF81F, 0xF81F, 0xF81F, 0xF81F, 0xF81F, 0xF81F,
    0xF81F, 0xF81F, 0xF81F, 0xF81F, 0xF81F, 0xF81F, 0xF81F, 0xF81F, 0xF81F, 0xF81F, 0xF81F, 0xF81F,
    0xF81F, 0xF81F, 0xF81F, 0xF81F, 0xF81F, 0xF81F, 0xF81F, 0xF81F, 0xF81F, 0xF81F, 0xF81F, 0xF81F,
    0xF81F, 0xF81F, 0xF81F, 0xF81F, 0xF81F, 0xF81F, 0xF81F, 0xF81F, 0xF81F, 0xF81F, 0xF81F, 0xF81F,
    0xF81F, 0xF81F, 0xF81F, 0xF81F, 0xF81F, 0xF81F, 0xF81F, 0xF81F, 0xF81F, 0xF81F, 0xF81F, 0xF81F,
    0xF81F, 0xF81F, 0xF81F, 0xF81F, 0xF81F, 0xF81F, 0xF81F, 0xF81F, 0xF81F, 0xF81F, 0xF81F, 0xF81F,
    0xF81F, 0xF81F, 0xF81F, 0xF81F, 0xF81F, 0xF81F, 0xF81F, 0xF81F, 0xF81F, 0xF81F, 0xF81F, 0xF81F,
    0xF81F, 0xF81F, 0xF81F, 0xF81F, 0xF81F, 0xF81F, 0xF81F, 0xF81F, 0xF81F, 0xF81F, 0xF81F, 0xF81F,
    0xF81F, 0xF81F, 0xF81F, 0xF81F, 0xF81F, 0xF81F, 0xF81F, 0xF81F, 0xF81F, 0xF81F, 0xF81F, 0xF81F,
    0xF81F, 0xF81F, 0xF81F, 0xF81F, 0xF81F, 0xF81F, 0xF81F, 0xF81F, 0xF81F, 0xF81F, 0xF81F, 0xF81F,
    0xF81F, 0xF81F, 0xF81F, 0xF81F, 0xF81F, 0xF81F, 0xF81F, 0xF81F, 0xF81F, 0xF81F, 0xF81F, 0xF81F,
    0xF81F, 0xF81F, 0xF81F, 0xF81F, 0xF81F, 0xF81F, 0xF81F, 0xF81F, 0xF81F, 0xF81F, 0xF81F, 0xF81F,
    0xF81F, 0xF81F, 0xF81F, 0xF81F, 0xF81F, 0xF81F, 0xF81F, 0xF81F, 0xF81F, 0xF81F, 0xF81F, 0xF81F,
    0xF81F, 0xF81F, 0xF81F, 0xF81F, 0xF81F, 0xF81F, 0xF81F, 0xF81F, 0xF81F, 0xF81F, 0xF81F, 0xF81F,
    0xF81F, 0xF81F, 0xF81F, 0xF81F, 0xF81F, 0xF81F, 0xF81F, 0xF81F, 0xF81F, 0xF81F, 0xF81F, 0xF81F,
    0xF81F, 0xF81F, 0xF81F, 0xF81F, 0xF81F, 0xF81F, 0xF81F, 0xF81F, 0xF81F, 0xF81F, 0xF81F, 0xF81F,
    0xF81F, 0xF81F, 0xF81F, 0xF81F, 0xF81F, 0xF81F, 0xF81F, 0xF81F, 0xF81F, 0xF81F, 0xF81F, 0xF81F,
    0xF81F, 0xF81F, 0xF81F, 0xF81F, 0xF81F, 0xF81F, 0xF81F, 0xF81F, 0xF81F, 0xF81F, 0xF81F, 0xF81F,
    0xF81F, 0xF81F, 0xF81F, 0xF81F, 0xF81F, 0xF81F, 0xF81F, 0xF81F, 0xF81F, 0xF81F, 0xF81F, 0xF81F,
    0xF81F, 0xF81F, 0xF81F, 0xF81F, 0xF81F, 0xF81F, 0xF81F, 0xF81F, 0xF81F, 0xF81F, 0xF81F, 0xF81F,
    0xF81F, 0xF81F, 0xF81F, 0xF81F, 0xF81F, 0xF81F, 0xF81F, 0xF81F, 0xF81F, 0xF81F, 0xF81F, 0xF81F,
    0xF81F, 0xF81F, 0xF81F, 0xF81F, 0xF81F, 0xF81F, 0xF81F, 0xF81F, 0xF81F, 0xF81F, 0xF81F, 0xF81F,
    0xF81F, 0xF81F, 0xF81F, 0xF81F, 0xF81F, 0xF81F, 0xF81F, 0xF81F, 0xF81F, 0xF81F, 0xF81F, 0xF81F,
    0xF81F, 0xF81F, 0xF81F, 0xF81F, 0xF81F, 0xF81F, 0xF81F, 0xF81F, 0xF81F, 0xF81F, 0xF81F, 0xF81F,
    0xF81F, 0xF81F, 0xF81F, 0xF81F, 0xF81F, 0xF81F, 0xF81F, 0xF81F, 0xF81F, 0xF81F, 0xF81F, 0xF81F,
    0xF81F, 0xF81F, 0xF81F, 0xF81F, 0xF81F, 0xF81F, 0xF81F, 0xF81F, 0xF81F, 0xF81F, 0xF81F, 0xF81F,
    0xF81F, 0xF81F, 0xF81F, 0xF81F, 0xF81F, 0xF81F, 0xF81F, 0xF81F, 0xF81F, 0xF81F, 0xF81F, 0xF81F,
    0xF81F, 0xF81F, 0xF81F, 0xF81F, 0xF81F, 0xF81F, 0xF81F, 0xF81F, 0xF81F, 0xF81F, 0xF81F, 0xF81F,
    0xF81F, 0xF81F, 0xF81F, 0xF81F, 0xF81F, 0xF81F, 0xF81F, 0xF81F, 0xF81F, 0xF81F, 0xF81F, 0xF81F,
    0xF81F, 0xF81F, 0xF81F, 0xF81F, 0xF81F, 0xF81F, 0xF81F, 0xF81F, 0xF81F, 0xF81F, 0xF81F, 0xF81F,
    0xF81F, 0xF81F, 0xF81F, 0xF81F, 0xF81F, 0xF81F, 0xF81F, 0xF81F, 0xF81F, 0xF81F, 0xF81F, 0xF81F,
    0xF81F, 0xF81F, 0xF81F, 0xF81F, 0xF81F, 0xF81F, 0xF81F, 0xF81F, 0xF81F, 0xF81F, 0xF81F, 0xF81F,
    0xF81F, 0xF81F, 0xF81F, 0xF81F, 0xF81F, 0xF81F, 0xF81F, 0xF81F, 0xF81F, 0xF81F, 0xF81F, 0xF81F,
    0xF81F, 0xF81F, 0xF81F, 0xF81F, 0xF81F, 0xF81F, 0xF81F, 0xF81F, 0xF81F, 0xF81F, 0xF81F, 0xF81F,
    0xF81F, 0xF81F, 0xF81F, 0xF81F, 0xF81F, 0xF81F, 0xF81F, 0xF81F, 0xF81F, 0xF81F, 0xF81F, 0xF81F,
    0xF81F, 0xF81F, 0xF81F, 0xF81F, 0xF81F, 0xF81F, 0xF81F, 0xF81F, 0xF81F, 0xF81F, 0xF81F, 0xF81F,
    0xF81F, 0xF81F, 0xF81F, 0xF81F, 0xF81F, 0xF81F, 0xF81F, 0xF81F, 0xF81F, 0xF81F, 0xF81F, 0xF81F,
    0xF81F, 0xF81F, 0xF81F, 0xF81F, 0xF81F, 0xF81F, 0xF81F, 0xF81F, 0xF81F, 0xF81F, 0xF81F, 0xF81F,
    0xF81F, 0xF81F, 0xF81F, 0xF81F, 0xF81F, 0xF81F, 0xF81F, 0xF81F, 0xF81F, 0xF81F, 0xF81F, 0xF81F,
    0xF81F, 0xF81F, 0xF81F, 0xF81F, 0xF81F, 0xF81F, 0xF81F, 0xF81F, 0xF81F, 0xF81F, 0xF81F, 0xF81F,
    0xF81F, 0xF81F, 0xF81F, 0xF81F, 0xF81F, 0xF81F, 0xF81F, 0xF81F, 0xF81F, 0xF81F, 0xF81F, 0xF81F,
    0xF81F, 0xF81F, 0xF81F, 0xF81F, 0xF81F, 0xF81F, 0xF81F, 0xF81F, 0xF81F, 0xF81F, 0xF81F, 0xF81F,
    0xF81F, 0xF81F, 0xF81F, 0xF81F, 0xF81F, 0xF81F, 0xF81F, 0xF81F, 0xF81F, 0xF81F, 0xF81F, 0xF81F,
    0xF81F, 0xF81F, 0xF81F, 0xF81F, 0xF81F, 0xF81F, 0xF81F, 0xF81F, 0xF81F, 0xF81F, 0xF81F, 0xF81F,
    0xF81F, 0xF81F, 0xF81F, 0xF81F, 0xF81F, 0xF81F, 0xF81F, 0xF81F, 0xF81F, 0xF81F, 0xF81F, 0xF81F,
    0xF81F, 0xF81F, 0xF81F, 0xF81F, 0xF81F, 0xF81F, 0xF81F, 0xF81F, 0xF81F, 0xF81F, 0xF81F, 0xF81F,
    0xF81F, 0xF81F, 0xF81F, 0xF81F, 0xF81F, 0xF81F, 0xF81F, 0xF81F, 0xF81F, 0xF81F, 0xF81F, 0xF81F,
    0xF81F, 0xF81F, 0xF81F, 0xF81F, 0xF81F, 0xF81F, 0xF81F, 0xF81F, 0xF81F, 0xF81F, 0xF81F, 0xF81F,
    0xF81F, 0xF81F, 0xF81F, 0xF81F, 0xF81F, 0xF81F, 0xF81F, 0xF81F, 0xF81F, 0xF81F, 0xF81F, 0xF81F,
    0xF81F, 0xF81F, 0xF81F, 0xF81F, 0xF81F, 0xF81F, 0xF81F, 0xF81F, 0xF81F, 0xF81F, 0xF81F, 0xF81F,
    0xF81F, 0xF81F, 0xF81F, 0xF81F, 0xF81F, 0xF81F, 0xF81F, 0xF81F, 0xF81F, 0xF81F, 0xF81F, 0xF81F,
    0xF81F, 0xF81F, 0xF81F, 0xF81F, 0xF81F, 0xF81F, 0xF81F, 0xF81F, 0xF81F, 0xF81F, 0xF81F, 0xF81F,
    0xF81F, 0xF81F, 0xF81F, 0xF81F, 0xF81F, 0xF81F, 0xF81F, 0xF81F, 0xF81F, 0xF81F, 0xF81F, 0xF81F,
    0xF81F, 0xF81F, 0xF81F, 0xF81F, 0xF81F, 0xF81F, 0xF81F, 0xF81F, 0xF81F, 0xF81F, 0xF81F, 0xF81F,
    0xF81F, 0xF81F, 0xF81F, 0xF81F, 0xF81F, 0xF81F, 0xF81F, 0xF81F, 0xF81F, 0xF81F, 0xF81F, 0xF81F,
    0xF81F, 0xF81F, 0xF81F, 0xF81F, 0xF81F, 0xF81F, 0xF81F, 0xF81F, 0xF81F, 0xF81F, 0xF81F, 0xF81F,
    0xF81F, 0xF81F, 0xF81F, 0xF81F, 0xF81F, 0xF81F, 0xF81F, 0xF81F, 0xF81F, 0xF81F, 0xF81F, 0xF81F,
    0xF81F, 0xF81F, 0xF81F, 0xF81F, 0xF81F, 0xF81F, 0xF81F, 0xF81F, 0xF81F, 0xF81F, 0xF81F, 0xF81F,
    0xF81F, 0xF81F, 0xF81F, 0xF81F, 0xF81F, 0xF81F, 0xF81F, 0xF81F, 0xF81F, 0xF81F, 0xF81F, 0xF81F,
    0xF81F, 0xF81F, 0xF81F, 0xF81F, 0xF81F, 0xF81F, 0xF81F, 0xF81F, 0xF81F, 0xF81F, 0xF81F, 0xF81F,
    0xF81F, 0xF81F, 0xF81F, 0xF81F, 0xF81F, 0xF81F, 0xF81F, 0xF81F, 0xF81F, 0xF81F, 0xF81F, 0xF81F,
    0xF81F, 0xF81F, 0xF81F, 0xF81F, 0xF81F, 0xF81F, 0xF81F, 0xF81F, 0xF81F, 0xF81F, 0xF81F, 0xF81F,
    0xF81F, 0xF81F, 0xF81F, 0xF81F, 0xF81F, 0xF81F, 0xF81F, 0xF81F, 0xF81F, 0xF81F, 0xF81F, 0xF81F,
    0xF81F, 0xF81F, 0xF81F, 0xF81F, 0xF81F, 0xF81F, 0xF81F, 0xF81F, 0xF81F, 0xF81F, 0xF81F, 0xF81F,
    0xF81F, 0xF81F, 0xF81F, 0xF81F, 0xF81F, 0xF81F, 0xF81F, 0xF81F, 0xF81F, 0xF81F, 0xF81F, 0xF81F,
    0xF81F, 0xF81F, 0xF81F, 0xF81F, 0xF81F, 0xF81F, 0xF81F, 0xF81F, 0xF81F, 0xF81F, 0xF81F, 0xF81F,
    0xF81F, 0xF81F, 0xF81F, 0xF81F, 0xF81F, 0xF81F, 0xF81F, 0xF81F, 0xF81F, 0xF81F, 0xF81F, 0xF81F,
    0xF81F, 0xF81F, 0xF81F, 0xF81F, 0xF81F, 0xF81F, 0xF81F, 0xF81F, 0xF81F, 0xF81F, 0xF81F, 0xF81F,
    0xF81F, 0xF81F, 0xF81F, 0xF81F, 0xF81F, 0xF81F, 0xF81F, 0xF81F, 0xF81F, 0xF81F, 0xF81F, 0xF81F,
    0xF81F, 0xF81F, 0xF81F, 0xF81F, 0xF81F, 0xF81F, 0xF81F, 0xF81F, 0xF81F, 0xF81F, 0xF81F, 0xF81F,
    0xF81F, 0xF81F, 0xF81F, 0xF81F, 0xF81F, 0xF81F, 0xF81F, 0xF81F, 0xF81F, 0xF81F, 0xF81F, 0xF81F,
    0xF81F, 0xF81F, 0xF81F, 0xF81F, 0xF81F, 0xF81F, 0xF81F, 0xF81F, 0xF81F, 0xF81F, 0xF81F, 0xF81F,
    0xF81F, 0xF81F, 0xF81F, 0xF81F, 0xF81F, 0xF81F, 0xF81F, 0xF81F, 0xF81F, 0xF81F, 0xF81F, 0xF81F,
    0xF81F, 0xF81F, 0xF81F, 0xF81F, 0xF81F, 0xF81F, 0xF81F, 0xF81F, 0xF81F, 0xF81F, 0xF81F, 0xF81F,
    0xF81F, 0xF81F, 0xF81F, 0xF81F, 0xF81F, 0xF81F, 0xF81F, 0xF81F, 0xF81F, 0xF81F, 0xF81F, 0xF81F,
    0xF81F, 0xF81F, 0xF81F, 0xF81F, 0xF81F, 0xF81F, 0xF81F, 0xF81F, 0xF81F, 0xF81F, 0xF81F, 0xF81F,
    0xF81F, 0xF81F, 0xF81F, 0xF81F, 0xF81F, 0xF81F, 0xF81F, 0xF81F, 0xF81F, 0xF81F, 0xF81F, 0xF81F,
    0xF81F, 0xF81F, 0xF81F, 0xF81F, 0xF81F, 0xF81F, 0xF81F, 0xF81F, 0xF81F, 0xF81F, 0xF81F, 0xF81F,
    0xF81F, 0xF81F, 0xF81F, 0xF81F, 0xF81F, 0xF81F, 0xF81F, 0xF81F, 0xF81F, 0xF81F, 0xF81F, 0xF81F,
    0xF81F, 0xF81F, 0xF81F, 0xF81F, 0xF81F, 0xF81F, 0xF81F, 0xF81F, 0xF81F, 0xF81F, 0xF81F, 0xF81F,
    0xF81F, 0xF81F, 0xF81F, 0xF81F, 0xF81F, 0xF81F, 0xF81F, 0xF81F, 0xF81F, 0xF81F, 0xF81F, 0xF81F,
    0xF81F, 0xF81F, 0xF81F, 0xF81F, 0xF81F, 0xF81F, 0xF81F, 0xF81F, 0xF81F, 0xF81F, 0xF81F, 0xF81F,
    0xF81F, 0xF81F, 0xF81F, 0xF81F, 0xF81F, 0xF81F, 0xF81F, 0xF81F, 0xF81F, 0xF81F, 0xF81F, 0xF81F,
    0xF81F, 0xF81F, 0xF81F, 0xF81F, 0xF81F, 0xF81F, 0xF81F, 0xF81F, 0xF81F, 0xF81F, 0xF81F, 0xF81F,
    0xF81F, 0xF81F, 0xF81F, 0xF81F, 0xF81F, 0xF81F, 0xF81F, 0xF81F, 0xF81F, 0xF81F, 0xF81F, 0xF81F,
    0xF81F, 0xF81F, 0xF81F, 0xF81F, 0xF81F, 0xF81F, 0xF81F, 0xF81F, 0xF81F, 0xF81F, 0xF81F, 0xF81F,
    0xF81F, 0xF81F, 0xF81F, 0xF81F, 0xF81F, 0xF81F, 0xF81F, 0xF81F, 0xF81F, 0xF81F, 0xF81F, 0xF81F,
    0xF81F, 0xF81F, 0xF81F, 0xF81F, 0xF81F, 0xF81F, 0xF81F, 0xF81F, 0xF81F, 0xF81F, 0xF81F, 0xF81F,
    0xF81F, 0xF81F, 0xF81F, 0xF81F, 0xF81F, 0xF81F, 0xF81F, 0xF81F, 0xF81F, 0xF81F, 0xF81F, 0xF81F,
    0xF81F, 0xF81F, 0xF81F, 0xF81F, 0xF81F, 0xF81F, 0xF81F, 0xF81F, 0xF81F, 0xF81F, 0xF81F, 0xF81F,
    0xF81F, 0xF81F, 0xF81F, 0xF81F, 0xF81F, 0xF81F, 0xF81F, 0xF81F, 0xF81F, 0xF81F, 0xF81F, 0xF81F,
    0xF81F, 0xF81F, 0xF81F, 0xF81F, 0xF81F, 0xF81F, 0xF81F, 0xF81F, 0xF81F, 0xF81F, 0xF81F, 0xF81F,
    0xF81F, 0xF81F, 0xF81F, 0xF81F, 0xF81F, 0xF81F, 0xF81F, 0xF81F, 0xF81F, 0xF81F, 0xF81F, 0xF81F,
    0xF81F, 0xF81F, 0xF81F, 0xF81F, 0xF81F, 0xF81F, 0xF81F, 0xF81F, 0xF81F, 0xF81F, 0xF81F, 0xF81F,
    0xF81F, 0xF81F, 0xF81F, 0xF81F, 0xF81F, 0xF81F, 0xF81F, 0xF81F, 0xF81F, 0xF81F, 0x1003, 0x0000,
    0x0000, 0x0000, 0xF81F, 0xF81F, 0xF81F, 0xF81F, 0xF81F, 0xF81F, 0xF81F, 0xF81F, 0xF81F, 0xF81F,
    0xF81F, 0xF81F, 0xF81F, 0xF81F, 0xF81F, 0xF81F, 0xF81F, 0xF81F, 0xF81F, 0xF81F, 0xF81F, 0xF81F,
    0xF81F, 0xF81F, 0xF81F, 0xF81F, 0xF81F, 0xF81F, 0xF81F, 0xF81F, 0xF81F, 0xF81F, 0xF81F, 0xF81F,
    0xF81F, 0xF81F, 0xF81F, 0xF81F, 0xF81F, 0xF81F, 0xF81F, 0xF81F, 0xF81F, 0xF81F, 0xF81F, 0xF81F,
    0xF81F, 0xF81F, 0xF81F, 0xF81F, 0xF81F, 0xF81F, 0xF81F, 0xF81F, 0xF81F, 0xF81F, 0xF81F, 0xF81F,
    0xF81F, 0xF81F, 0xF81F, 0xF81F, 0xF81F, 0xF81F, 0xF81F, 0xF81F, 0xF81F, 0xF81F, 0xF81F, 0xF81F,
    0xF81F, 0xF81F, 0xF81F, 0xF81F, 0xF81F, 0xF81F, 0xF81F, 0xF81F, 0xF81F, 0xF81F, 0xF81F, 0xF81F,
    0xF81F, 0xF81F, 0xF81F, 0xF81F, 0xF81F, 0xF81F, 0xF81F, 0xF81F, 0xF81F, 0x1800, 0x0000, 0x0831,
    0x1057, 0x1058, 0x1052, 0x1000, 0xF81F, 0xF81F, 0xF81F, 0xF81F, 0xF81F, 0xF81F, 0xF81F, 0xF81F,
    0xF81F, 0xF81F, 0xF81F, 0xF81F, 0xF81F, 0xF81F, 0xF81F, 0xF81F, 0xF81F, 0xF81F, 0xF81F, 0xF81F,
    0xF81F, 0xF81F, 0xF81F, 0xF81F, 0xF81F, 0xF81F, 0xF81F, 0xF81F, 0xF81F, 0xF81F, 0xF81F, 0xF81F,
    0xF81F, 0xF81F, 0xF81F, 0xF81F, 0xF81F, 0xF81F, 0xF81F, 0xF81F, 0xF81F, 0xF81F, 0xF81F, 0xF81F,
    0xF81F, 0xF81F, 0xF81F, 0xF81F, 0xF81F, 0xF81F, 0xF81F, 0xF81F, 0xF81F, 0xF81F, 0xF81F, 0xF81F,
    0xF81F, 0xF81F, 0xF81F, 0xF81F, 0xF81F, 0xF81F, 0xF81F, 0xF81F, 0xF81F, 0xF81F, 0xF81F, 0xF81F,
    0xF81F, 0xF81F, 0xF81F, 0xF81F, 0xF81F, 0xF81F, 0xF81F, 0xF81F, 0xF81F, 0xF81F, 0xF81F, 0xF81F,
    0xF81F, 0xF81F, 0xF81F, 0xF81F, 0xF81F, 0xF81F, 0xF81F, 0xF81F, 0xF81F, 0x082C, 0x082E, 0x105C,
    0x107D, 0x107C, 0x0877, 0x082B, 0x082A, 0xF81F, 0xF81F, 0xF81F, 0xF81F, 0xF81F, 0xF81F, 0xF81F,
    0xF81F, 0xF81F, 0xF81F, 0xF81F, 0xF81F, 0xF81F, 0xF81F, 0xF81F, 0xF81F, 0xF81F, 0xF81F, 0xF81F,
    0xF81F, 0xF81F, 0xF81F, 0xF81F, 0xF81F, 0xF81F, 0xF81F, 0xF81F, 0xF81F, 0xF81F, 0xF81F, 0xF81F,
    0xF81F, 0xF81F, 0xF81F, 0xF81F, 0xF81F, 0xF81F, 0xF81F, 0xF81F, 0xF81F, 0xF81F, 0xF81F, 0xF81F,
    0xF81F, 0xF81F, 0xF81F, 0xF81F, 0xF81F, 0xF81F, 0xF81F, 0xF81F, 0xF81F, 0xF81F, 0xF81F, 0xF81F,
    0xF81F, 0xF81F, 0xF81F, 0xF81F, 0xF81F, 0xF81F, 0xF81F, 0xF81F, 0xF81F, 0xF81F, 0xF81F, 0xF81F,
    0xF81F, 0xF81F, 0xF81F, 0xF81F, 0xF81F, 0xF81F, 0xF81F, 0xF81F, 0xF81F, 0xF81F, 0xF81F, 0xF81F,
    0xF81F, 0xF81F, 0xF81F, 0xF81F, 0xF81F, 0xF81F, 0xF81F, 0xF81F, 0x0026, 0x189F, 0x189F, 0x107A,
    0x0855, 0x0854, 0x1077, 0x107B, 0x1078, 0x0002, 0x1003, 0xF81F, 0xF81F, 0xF81F, 0xF81F, 0xF81F,
    0xF81F, 0xF81F, 0xF81F, 0xF81F, 0xF81F, 0xF81F, 0xF81F, 0xF81F, 0xF81F, 0xF81F, 0xF81F, 0xF81F,
    0xF81F, 0xF81F, 0xF81F, 0xF81F, 0xF81F, 0xF81F, 0xF81F, 0xF81F, 0xF81F, 0xF81F, 0xF81F, 0xF81F,
    0xF81F, 0xF81F, 0xF81F, 0xF81F, 0xF81F, 0xF81F, 0xF81F, 0xF81F, 0xF81F, 0xF81F, 0xF81F, 0xF81F,
    0xF81F, 0xF81F, 0xF81F, 0xF81F, 0xF81F, 0xF81F, 0xF81F, 0xF81F, 0xF81F, 0xF81F, 0xF81F, 0xF81F,
    0xF81F, 0xF81F, 0xF81F, 0xF81F, 0xF81F, 0xF81F, 0xF81F, 0xF81F, 0xF81F, 0xF81F, 0xF81F, 0xF81F,
    0xF81F, 0xF81F, 0xF81F, 0xF81F, 0xF81F, 0xF81F, 0xF81F, 0xF81F, 0xF81F, 0xF81F, 0xF81F, 0xF81F,
    0xF81F, 0xF81F, 0xF81F, 0xF81F, 0xF81F, 0xF81F, 0x1002, 0x104D, 0x107A, 0x189E, 0x0876, 0x0854,
    0x0874, 0x1077, 0x107A, 0x1077, 0x1078, 0x1059, 0x0851, 0x0801, 0xF81F, 0xF81F, 0xF81F, 0xF81F,
    0xF81F, 0xF81F, 0xF81F, 0xF81F, 0xF81F, 0xF81F, 0xF81F, 0xF81F, 0xF81F, 0xF81F, 0xF81F, 0xF81F,
    0xF81F, 0xF81F, 0xF81F, 0xF81F, 0xF81F, 0xF81F, 0xF81F, 0xF81F, 0xF81F, 0xF81F, 0xF81F, 0xF81F,
    0xF81F, 0xF81F, 0xF81F, 0xF81F, 0xF81F, 0xF81F, 0xF81F, 0xF81F, 0xF81F, 0xF81F, 0xF81F, 0xF81F,
    0xF81F, 0xF81F, 0xF81F, 0xF81F, 0xF81F, 0xF81F, 0xF81F, 0xF81F, 0xF81F, 0xF81F, 0xF81F, 0xF81F,
    0xF81F, 0xF81F, 0xF81F, 0xF81F, 0xF81F, 0xF81F, 0xF81F, 0xF81F, 0xF81F, 0xF81F, 0xF81F, 0xF81F,
    0xF81F, 0xF81F, 0xF81F, 0xF81F, 0xF81F, 0xF81F, 0xF81F, 0xF81F, 0xF81F, 0xF81F, 0xF81F, 0xF81F,
    0xF81F, 0xF81F, 0xF81F, 0xF81F, 0xF81F, 0xF81F, 0x0000, 0x1051, 0x18BF, 0x1079, 0x0854, 0x0853,
    0x1079, 0x107B, 0x107A, 0x0853, 0x1077, 0x107C, 0x0853, 0x0000, 0xF81F, 0xF81F, 0xF81F, 0xF81F,
    0xF81F, 0xF81F, 0xF81F, 0xF81F, 0xF81F, 0xF81F, 0xF81F, 0xF81F, 0xF81F, 0xF81F, 0xF81F, 0xF81F,
    0xF81F, 0xF81F, 0xF81F, 0xF81F, 0xF81F, 0xF81F, 0xF81F, 0xF81F, 0xF81F, 0xF81F, 0xF81F, 0x0800,
    0x0800, 0x1002, 0xF81F, 0xF81F, 0xF81F, 0xF81F, 0xF81F, 0xF81F, 0xF81F, 0xF81F, 0xF81F, 0xF81F,
    0xF81F, 0xF81F, 0xF81F, 0xF81F, 0xF81F, 0xF81F, 0xF81F, 0xF81F, 0xF81F, 0xF81F, 0xF81F, 0xF81F,
    0xF81F, 0xF81F, 0xF81F, 0xF81F, 0xF81F, 0xF81F, 0xF81F, 0xF81F, 0xF81F, 0xF81F, 0xF81F, 0xF81F,
    0xF81F, 0xF81F, 0xF81F, 0xF81F, 0xF81F, 0xF81F, 0xF81F, 0xF81F, 0xF81F, 0xF81F, 0xF81F, 0xF81F,
    0xF81F, 0xF81F, 0xF81F, 0xF81F, 0xF81F, 0xF81F, 0x0000, 0x1070, 0x109D, 0x0835, 0x1055, 0x1055,
    0x107A, 0x107A, 0x0856, 0x0833, 0x0834, 0x1059, 0x0853, 0x0000, 0xF81F, 0xF81F, 0xF81F, 0xF81F,
    0xF81F, 0xF81F, 0xF81F, 0xF81F, 0xF81F, 0xF81F, 0xF81F, 0xF81F, 0xF81F, 0xF81F, 0xF81F, 0xF81F,
    0xF81F, 0xF81F, 0xF81F, 0xF81F, 0xF81F, 0xF81F, 0xF81F, 0xF81F, 0x1001, 0x0000, 0x1050, 0x1055,
    0x082D, 0x0000, 0xF81F, 0xF81F, 0xF81F, 0xF81F, 0xF81F, 0xF81F, 0xF81F, 0xF81F, 0xF81F, 0xF81F,
    0xF81F, 0xF81F, 0xF81F, 0xF81F, 0xF81F, 0xF81F, 0xF81F, 0xF81F, 0xF81F, 0xF81F, 0xF81F, 0xF81F,
    0xF81F, 0xF81F, 0xF81F, 0xF81F, 0xF81F, 0xF81F, 0xF81F, 0xF81F, 0xF81F, 0xF81F, 0xF81F, 0xF81F,
    0xF81F, 0xF81F, 0xF81F, 0xF81F, 0xF81F, 0xF81F, 0xF81F, 0xF81F, 0xF81F, 0x0000, 0x0000, 0x0000,
    0x0000, 0x0000, 0x0000, 0x0000, 0x0000, 0x1026, 0x20B3, 0x106A, 0x0002, 0x0002, 0x0002, 0x0002,
    0x0003, 0x0003, 0x0002, 0x0005, 0x0833, 0x1056, 0x0852, 0x0000, 0xF81F, 0xF81F, 0xF81F, 0xF81F,
    0xF81F, 0xF81F, 0xF81F, 0xF81F, 0xF81F, 0xF81F, 0xF81F, 0xF81F, 0xF81F, 0xF81F, 0xF81F, 0xF81F,
    0xF81F, 0xF81F, 0xF81F, 0xF81F, 0xF81F, 0xF81F, 0xF81F, 0x0000, 0x104F, 0x1056, 0x189D, 0x189F,
    0x1055, 0x0000, 0xF81F, 0xF81F, 0xF81F, 0xF81F, 0xF81F, 0xF81F, 0xF81F, 0xF81F, 0xF81F, 0xF81F,
    0xF81F, 0xF81F, 0xF81F, 0xF81F, 0xF81F, 0xF81F, 0xF81F, 0xF81F, 0xF81F, 0xF81F, 0xF81F, 0xF81F,
    0xF81F, 0xF81F, 0xF81F, 0xF81F, 0xF81F, 0xF81F, 0xF81F, 0xF81F, 0xF81F, 0xF81F, 0xF81F, 0xF81F,
    0xF81F, 0xF81F, 0xF81F, 0xF81F, 0xF81F, 0xF81F, 0x0000, 0x0000, 0x0823, 0x106A, 0x1069, 0x106A,
    0x106A, 0x106A, 0x106A, 0x106B, 0x108A, 0x18AE, 0x2917, 0x20D0, 0x1069, 0x1069, 0x1068, 0x1068,
    0x1068, 0x1068, 0x1069, 0x1069, 0x0004, 0x0003, 0x0001, 0x0000, 0xF81F, 0xF81F, 0xF81F, 0xF81F,
    0xF81F, 0xF81F, 0xF81F, 0xF81F, 0xF81F, 0xF81F, 0xF81F, 0xF81F, 0xF81F, 0xF81F, 0xF81F, 0xF81F,
    0xF81F, 0xF81F, 0xF81F, 0xF81F, 0xF81F, 0xF81F, 0x104C, 0x082D, 0x187B, 0x189F, 0x109A, 0x107A,
    0x0852, 0x0000, 0xF81F, 0xF81F, 0xF81F, 0xF81F, 0xF81F, 0xF81F, 0xF81F, 0xF81F, 0xF81F, 0xF81F,
    0xF81F, 0xF81F, 0xF81F, 0xF81F, 0xF81F, 0xF81F, 0xF81F, 0xF81F, 0xF81F, 0xF81F, 0xF81F, 0xF81F,
    0xF81F, 0xF81F, 0xF81F, 0xF81F, 0xF81F, 0xF81F, 0xF81F, 0xF81F, 0xF81F, 0xF81F, 0xF81F, 0xF81F,
    0xF81F, 0x0000, 0x0000, 0x0000, 0x0803, 0x0824, 0x0825, 0x0825, 0x106A, 0x20D3, 0x20D3, 0x28F4,
    0x28F5, 0x28F6, 0x2916, 0x2917, 0x2917, 0x2917, 0x2916, 0x2936, 0x2937, 0x2937, 0x2938, 0x2937,
    0x2937, 0x3138, 0x3138, 0x2938, 0x0846, 0x0023, 0x0023, 0x0023, 0x0023, 0x0023, 0xF81F, 0xF81F,
    0xF81F, 0xF81F, 0xF81F, 0xF81F, 0xF81F, 0xF81F, 0xF81F, 0xF81F, 0xF81F, 0xF81F, 0xF81F, 0xF81F,
    0xF81F, 0xF81F, 0xF81F, 0xF81F, 0x1823, 0x0000, 0x1879, 0x18BF, 0x189D, 0x1078, 0x1075, 0x1077,
    0x0851, 0x0000, 0xF81F, 0xF81F, 0xF81F, 0xF81F, 0xF81F, 0xF81F, 0xF81F, 0xF81F, 0xF81F, 0xF81F,
    0xF81F, 0xF81F, 0xF81F, 0xF81F, 0xF81F, 0xF81F, 0xF81F, 0xF81F, 0xF81F, 0xF81F, 0xF81F, 0xF81F,
    0xF81F, 0xF81F, 0xF81F, 0xF81F, 0xF81F, 0xF81F, 0xF81F, 0xF81F, 0xF81F, 0xF81F, 0x0800, 0x0000,
    0x1047, 0x186C, 0x186C, 0x188C, 0x208D, 0x208E, 0x208E, 0x20AE, 0x20AE, 0x20D0, 0x20D1, 0x20D1,
    0x20D0, 0x18AD, 0x20CE, 0x2915, 0x20CE, 0x20CF, 0x3138, 0x20F2, 0x18AB, 0x20CF, 0x2917, 0x18CE,
    0x20F2, 0x2915, 0x18AD, 0x20AE, 0x28F6, 0x2918, 0x2917, 0x2917, 0x2918, 0x293A, 0x108A, 0x0000,
    0x0000, 0x0800, 0x0800, 0xF81F, 0xF81F, 0xF81F, 0xF81F, 0xF81F, 0xF81F, 0xF81F, 0xF81F, 0xF81F,
    0xF81F, 0xF81F, 0xF81F, 0x1003, 0x1896, 0x189B, 0x189D, 0x18BE, 0x1077, 0x1075, 0x1075, 0x1076,
    0x0851, 0x0000, 0xF81F, 0xF81F, 0xF81F, 0xF81F, 0xF81F, 0xF81F, 0xF81F, 0xF81F, 0xF81F, 0xF81F,
    0xF81F, 0xF81F, 0xF81F, 0xF81F, 0xF81F, 0xF81F, 0xF81F, 0xF81F, 0xF81F, 0xF81F, 0x0000, 0xF81F,
    0xF81F, 0xF81F, 0xF81F, 0xF81F, 0xF81F, 0xF81F, 0xF81F, 0xF81F, 0x0000, 0x0000, 0x1049, 0x1048,
    0x188C, 0x20AE, 0x188D, 0x208D, 0x208D, 0x20AD, 0x20AD, 0x20AD, 0x20AE, 0x18AC, 0x0844, 0x20B1,
    0x20B2, 0x188C, 0x18AE, 0x28F5, 0x20CF, 0x20AE, 0x20F1, 0x20CF, 0x18AC, 0x20CF, 0x3138, 0x18CE,
    0x28F2, 0x2916, 0x18AC, 0x20AD, 0x2917, 0x2915, 0x20D0, 0x3138, 0x20F2, 0x2914, 0x20F6, 0x20D5,
    0x20B3, 0x106A, 0x106B, 0x1069, 0x1000, 0xF81F, 0xF81F, 0xF81F, 0xF81F, 0xF81F, 0xF81F, 0xF81F,
    0xF81F, 0xF81F, 0x1822, 0x0000, 0x1878, 0x20DF, 0x109A, 0x1078, 0x1075, 0x1075, 0x1075, 0x1078,
    0x0872, 0x0000, 0xF81F, 0xF81F, 0xF81F, 0xF81F, 0xF81F, 0xF81F, 0xF81F, 0xF81F, 0xF81F, 0xF81F,
    0xF81F, 0xF81F, 0xF81F, 0xF81F, 0xF81F, 0xF81F, 0xF81F, 0xF81F, 0xF81F, 0xF81F, 0xF81F, 0xF81F,
    0xF81F, 0xF81F, 0xF81F, 0xF81F, 0xF81F, 0xF81F, 0xF81F, 0x1846, 0x1048, 0x1048, 0x208E, 0x188F,
    0x104A, 0x106A, 0x188D, 0x20AD, 0x20AD, 0x20AD, 0x20AD, 0x20AD, 0x20AE, 0x188B, 0x0824, 0x186C,
    0x188E, 0x188D, 0x18AD, 0x20D2, 0x20AE, 0x20AD, 0x20AC, 0x20AD, 0x20AD, 0x20CE, 0x28F3, 0x20CE,
    0x20D1, 0x28F3, 0x20AD, 0x20AD, 0x2916, 0x20F2, 0x20CE, 0x3138, 0x20CE, 0x20CF, 0x2919, 0x28F6,
    0x2916, 0x2919, 0x28F7, 0x20F3, 0x0848, 0x1049, 0x286E, 0xF81F, 0xF81F, 0xF81F, 0xF81F, 0xF81F,
    0xF81F, 0xF81F, 0x104B, 0x0829, 0x1899, 0x18BD, 0x1076, 0x1074, 0x1075, 0x1075, 0x1076, 0x0850,
    0x104C, 0xF81F, 0xF81F, 0xF81F, 0xF81F, 0xF81F, 0xF81F, 0xF81F, 0xF81F, 0xF81F, 0xF81F, 0xF81F,
    0xF81F, 0xF81F, 0xF81F, 0xF81F, 0xF81F, 0xF81F, 0xF81F, 0xF81F, 0xF81F, 0xF81F, 0xF81F, 0xF81F,
    0xF81F, 0xF81F, 0xF81F, 0xF81F, 0xF81F, 0x2047, 0x0022, 0x0846, 0x20AF, 0x20AF, 0x188C, 0x1068,
    0x18A4, 0x0841, 0x1048, 0x188C, 0x208D, 0x208D, 0x20AD, 0x20AD, 0x20AD, 0x20AE, 0x20AE, 0x0000,
    0x0825, 0x188D, 0x188C, 0x188C, 0x20AD, 0x20AD, 0x20AD, 0x20AD, 0x20AD, 0x20AD, 0x20AC, 0x20AD,
    0x20AD, 0x20AD, 0x20AD, 0x20AD, 0x20D1, 0x20AD, 0x20CF, 0x3116, 0x20CE, 0x20CF, 0x28F7, 0x18AD,
    0x20AE, 0x28F8, 0x18AD, 0x20D1, 0x3119, 0x28F7, 0x18D1, 0x0023, 0x0002, 0x0001, 0x0001, 0x0001,
    0x0001, 0x0001, 0x1896, 0x20BE, 0x18BC, 0x1098, 0x1074, 0x1075, 0x1075, 0x1075, 0x1077, 0x0027,
    0x1000, 0xF81F, 0xF81F, 0xF81F, 0xF81F, 0xF81F, 0xF81F, 0xF81F, 0xF81F, 0xF81F, 0xF81F, 0xF81F,
    0xF81F, 0xF81F, 0xF81F, 0xF81F, 0xF81F, 0xF81F, 0xF81F, 0xF81F, 0xF81F, 0xF81F, 0xF81F, 0xF81F,
    0xF81F, 0x0001, 0x0822, 0x0801, 0x0000, 0x1068, 0x20AE, 0x208D, 0x20AD, 0x20CE, 0x1048, 0x0820,
    0xFFDF, 0x7C11, 0x0000, 0x1067, 0x208E, 0x208D, 0x20AD, 0x20AD, 0x20AD, 0x20AD, 0x18AE, 0x0000,
    0x0825, 0x188E, 0x188C, 0x208D, 0x208C, 0x208D, 0x20AD, 0x20AD, 0x20AD, 0x20AD, 0x20AD, 0x20AD,
    0x20AD, 0x20AD, 0x20AD, 0x20AD, 0x20AD, 0x20AD, 0x20AD, 0x20AD, 0x20AD, 0x20AD, 0x20AE, 0x20AD,
    0x20AE, 0x20D0, 0x20AD, 0x28D2, 0x28F6, 0x20AE, 0x18AC, 0x30F7, 0x20B1, 0x188D, 0x208E, 0x208E,
    0x208E, 0x20AE, 0x1897, 0x18BA, 0x1094, 0x1074, 0x1075, 0x1075, 0x1075, 0x1075, 0x1078, 0x0028,
    0x0800, 0xF81F, 0xF81F, 0xF81F, 0xF81F, 0xF81F, 0xF81F, 0xF81F, 0xF81F, 0xF81F, 0xF81F, 0xF81F,
    0xF81F, 0xF81F, 0xF81F, 0xF81F, 0xF81F, 0xF81F, 0xF81F, 0xF81F, 0xF81F, 0xF81F, 0xF81F, 0xF81F,
    0xF81F, 0xF81F, 0x0000, 0x0845, 0x188A, 0x188C, 0x20AD, 0x20AD, 0x20AD, 0x20CE, 0x1068, 0x0000,
    0x843A, 0x424F, 0x0000, 0x1046, 0x208E, 0x208D, 0x208D, 0x20AD, 0x20AE, 0x20AF, 0x1890, 0x1871,
    0x0827, 0x0823, 0x188D, 0x188C, 0x208C, 0x208C, 0x208C, 0x208D, 0x20AD, 0x20AD, 0x20AD, 0x20AD,
    0x20AD, 0x20AD, 0x20AD, 0x20AD, 0x20AD, 0x20AD, 0x20AD, 0x20AD, 0x20AD, 0x20AD, 0x20AD, 0x20AD,
    0x20AD, 0x20AD, 0x20AD, 0x20AE, 0x20AF, 0x20AE, 0x20AD, 0x28D2, 0x20AF, 0x20AD, 0x20AE, 0x20AE,
    0x20AE, 0x20CE, 0x20D0, 0x20D3, 0x1099, 0x107A, 0x109A, 0x1899, 0x189A, 0x1078, 0x0829, 0x1025,
    0xF81F, 0xF81F, 0xF81F, 0xF81F, 0xF81F, 0xF81F, 0xF81F, 0xF81F, 0xF81F, 0xF81F, 0xF81F, 0xF81F,
    0xF81F, 0xF81F, 0xF81F, 0xF81F, 0xF81F, 0xF81F, 0xF81F, 0xF81F, 0xF81F, 0xF81F, 0xF81F, 0xF81F,
    0xF81F, 0xF81F, 0x0000, 0x1048, 0x20AF, 0x20AD, 0x20AD, 0x20AD, 0x20AD, 0x20CE, 0x1089, 0x0000,
    0x0009, 0x0005, 0x0000, 0x1047, 0x208D, 0x208C, 0x208D, 0x20AD, 0x1889, 0x1047, 0x1893, 0x20B9,
    0x0828, 0x0000, 0x188D, 0x188C, 0x188C, 0x188C, 0x208C, 0x208C, 0x208D, 0x208D, 0x208D, 0x20AD,
    0x20AD, 0x20AD, 0x20AD, 0x20AD, 0x20AD, 0x20AD, 0x20AD, 0x20AD, 0x20AD, 0x20AD, 0x20AD, 0x20AD,
    0x20AD, 0x20AD, 0x20AD, 0x20AD, 0x20AD, 0x20AD, 0x20AD, 0x208C, 0x20AD, 0x20AD, 0x20AD, 0x20AD,
    0x20AE, 0x20AE, 0x20CE, 0x20D0, 0x1077, 0x1078, 0x1078, 0x1098, 0x1879, 0x1077, 0x0000, 0xF81F,
    0xF81F, 0xF81F, 0xF81F, 0xF81F, 0xF81F, 0xF81F, 0xF81F, 0xF81F, 0xF81F, 0xF81F, 0xF81F, 0xF81F,
    0xF81F, 0xF81F, 0xF81F, 0xF81F, 0xF81F, 0xF81F, 0xF81F, 0xF81F, 0xF81F, 0xF81F, 0xF81F, 0xF81F,
    0xF81F, 0xF81F, 0x0000, 0x1068, 0x20AF, 0x20AD, 0x20AD, 0x20AD, 0x20AD, 0x20AD, 0x188B, 0x0845,
    0x0844, 0x0844, 0x106A, 0x186D, 0x188C, 0x208D, 0x208C, 0x20AE, 0x0845, 0x0000, 0x1875, 0x18B8,
    0x0848, 0x0001, 0x188D, 0x188C, 0x188C, 0x188C, 0x208C, 0x208C, 0x208C, 0x208D, 0x208D, 0x208D,
    0x208D, 0x208D, 0x20AD, 0x20AD, 0x20AD, 0x20AD, 0x20AD, 0x20AD, 0x20AD, 0x20AD, 0x20AD, 0x20AD,
    0x20AD, 0x20AD, 0x20AD, 0x20AD, 0x20AD, 0x20AD, 0x20AD, 0x20AD, 0x20AD, 0x20AD, 0x20AD, 0x20AD,
    0x20AD, 0x20AE, 0x20CE, 0x20D0, 0x0872, 0x0853, 0x1054, 0x1074, 0x1075, 0x0873, 0x0001, 0xF81F,
    0xF81F, 0xF81F, 0xF81F, 0xF81F, 0xF81F, 0xF81F, 0xF81F, 0xF81F, 0xF81F, 0xF81F, 0xF81F, 0xF81F,
    0xF81F, 0xF81F, 0xF81F, 0xF81F, 0xF81F, 0xF81F, 0xF81F, 0xF81F, 0xF81F, 0xF81F, 0xF81F, 0xF81F,
    0xF81F, 0xF81F, 0x0000, 0x1046, 0x188C, 0x20AC, 0x20AD, 0x20AD, 0x20AD, 0x20AD, 0x20AE, 0x20AE,
    0x188D, 0x188D, 0x188C, 0x188C, 0x188C, 0x208C, 0x208C, 0x20AE, 0x0846, 0x0001, 0x1876, 0x18B9,
    0x0848, 0x0001, 0x186D, 0x186C, 0x188C, 0x188C, 0x188C, 0x188C, 0x208C, 0x208C, 0x208D, 0x208D,
    0x208D, 0x208D, 0x208D, 0x208D, 0x20AD, 0x20AD, 0x20AD, 0x20AD, 0x20AD, 0x20AD, 0x20AD, 0x20AD,
    0x20AD, 0x20AD, 0x20AD, 0x20AD, 0x20AD, 0x20CD, 0x188D, 0x186C, 0x186C, 0x186C, 0x186C, 0x186C,
    0x186C, 0x188C, 0x20CE, 0x20CF, 0x1073, 0x1073, 0x1074, 0x1074, 0x1075, 0x0873, 0x0000, 0xF81F,
    0xF81F, 0xF81F, 0xF81F, 0xF81F, 0xF81F, 0xF81F, 0xF81F, 0xF81F, 0xF81F, 0xF81F, 0xF81F, 0xF81F,
    0xF81F, 0xF81F, 0xF81F, 0xF81F, 0xF81F, 0xF81F, 0xF81F, 0xF81F, 0xF81F, 0xF81F, 0xF81F, 0xF81F,
    0xF81F, 0xF81F, 0x0001, 0x0000, 0x0000, 0x0822, 0x0843, 0x0843, 0x0843, 0x0843, 0x0843, 0x0843,
    0x188C, 0x18AD, 0x188C, 0x188C, 0x188C, 0x208C, 0x20AC, 0x20AE, 0x0845, 0x0000, 0x1855, 0x20DC,
    0x0849, 0x0000, 0x188D, 0x188D, 0x208D, 0x208D, 0x208D, 0x208D, 0x208D, 0x188C, 0x208D, 0x208D,
    0x208D, 0x208D, 0x208D, 0x208D, 0x20AD, 0x20AD, 0x20AD, 0x20AD, 0x20AD, 0x20AD, 0x20AD, 0x20AD,
    0x20AD, 0x184C, 0x184C, 0x104C, 0x104C, 0x080A, 0x7336, 0xB53E, 0xACFD, 0xACFD, 0xACFD, 0xACFD,
    0xAD1D, 0xB53D, 0x3190, 0x188F, 0x1879, 0x107A, 0x107A, 0x107A, 0x107A, 0x1099, 0x1076, 0x104B,
    0xF81F, 0xF81F, 0xF81F, 0xF81F, 0xF81F, 0xF81F, 0xF81F, 0xF81F, 0xF81F, 0xF81F, 0xF81F, 0xF81F,
    0xF81F, 0xF81F, 0xF81F, 0xF81F, 0xF81F, 0xF81F, 0xF81F, 0xF81F, 0xF81F, 0xF81F, 0xF81F, 0xF81F,
    0xF81F, 0xF81F, 0xF81F, 0x0000, 0x0000, 0x0000, 0x0000, 0x0000, 0x0000, 0x0000, 0x0000, 0x0000,
    0x0003, 0x0826, 0x188B, 0x188D, 0x188C, 0x20AC, 0x186C, 0x104B, 0x18AD, 0x28F0, 0x311B, 0x084A,
    0x0848, 0x104D, 0x106C, 0x0824, 0x0825, 0x0844, 0x0845, 0x0845, 0x1068, 0x208D, 0x208C, 0x208D,
    0x208D, 0x208D, 0x20AD, 0x208D, 0x20AD, 0x208D, 0x188C, 0x188C, 0x184C, 0x104B, 0x184B, 0x102B,
    0x18AD, 0x62D5, 0x6AF6, 0x6B16, 0x7337, 0x6B16, 0xA4DC, 0x7BF4, 0x7BB4, 0x7BD4, 0x7BD4, 0x7BD4,
    0x7BD4, 0x7BD4, 0x294F, 0x1891, 0x1079, 0x1078, 0x107B, 0x109C, 0x189C, 0x18BB, 0x18BF, 0x004C,
    0x1000, 0xF81F, 0xF81F, 0xF81F, 0xF81F, 0xF81F, 0xF81F, 0xF81F, 0xF81F, 0xF81F, 0xF81F, 0xF81F,
    0xF81F, 0xF81F, 0xF81F, 0xF81F, 0xF81F, 0xF81F, 0xF81F, 0xF81F, 0xF81F, 0xF81F, 0xF81F, 0xF81F,
    0xF81F, 0xF81F, 0xF81F, 0x0823, 0x0000, 0x3167, 0x5ACC, 0x528B, 0x528B, 0x528B, 0x528B, 0x526B,
    0x4A69, 0x10A2, 0x0826, 0x188B, 0x208D, 0x186B, 0x314F, 0x41D0, 0x629A, 0x837F, 0x3158, 0x0000,
    0x0809, 0x1878, 0x104F, 0x0004, 0x0005, 0x0005, 0x0005, 0x0005, 0x0827, 0x186B, 0x186C, 0x186C,
    0x188C, 0x188C, 0x188C, 0x188C, 0x188C, 0x20CD, 0x312F, 0x290F, 0x4A33, 0x5A94, 0x5A74, 0x5A74,
    0x62F6, 0xC59F, 0xCDDF, 0xAD5D, 0xA4DB, 0xAD1B, 0x8417, 0x0000, 0x0000, 0x0000, 0x0000, 0x0000,
    0x0000, 0x0000, 0x188D, 0x20D4, 0x0855, 0x0854, 0x1057, 0x1079, 0x1079, 0x1098, 0x109B, 0x004B,
    0x1000, 0xF81F, 0xF81F, 0xF81F, 0xF81F, 0xF81F, 0xF81F, 0xF81F, 0xF81F, 0xF81F, 0xF81F, 0xF81F,
    0xF81F, 0xF81F, 0xF81F, 0xF81F, 0xF81F, 0xF81F, 0xF81F, 0xF81F, 0xF81F, 0xF81F, 0xF81F, 0xF81F,
    0xF81F, 0xF81F, 0xF81F, 0xF81F, 0x0001, 0x8413, 0xE75F, 0xDF3F, 0xF7BF, 0xF7DF, 0xFFDF, 0xFFDF,
    0xFFFF, 0x738F, 0x0020, 0x1065, 0x20CE, 0x18AD, 0x9459, 0xDE5F, 0xD63F, 0xB59C, 0x0883, 0x1083,
    0x0844, 0x080A, 0x107A, 0x107D, 0x107D, 0x109D, 0x189D, 0x189F, 0x0875, 0x0000, 0x20CC, 0x20CE,
    0x20CD, 0x20CE, 0x20CE, 0x28EE, 0x18AD, 0x4A12, 0xBD7F, 0xB55E, 0xC5BF, 0xC5DF, 0xBDBF, 0xBD9F,
    0xB55E, 0xA4DD, 0xAD3E, 0x31AA, 0x0000, 0x0000, 0x0801, 0xF81F, 0xF81F, 0xF81F, 0xF81F, 0xF81F,
    0xF81F, 0xF81F, 0x1045, 0x0023, 0x1075, 0x107B, 0x0853, 0x0853, 0x0854, 0x0853, 0x0855, 0x004B,
    0x1803, 0xF81F, 0xF81F, 0xF81F, 0xF81F, 0xF81F, 0xF81F, 0xF81F, 0xF81F, 0xF81F, 0xF81F, 0xF81F,
    0xF81F, 0xF81F, 0xF81F, 0xF81F, 0xF81F, 0xF81F, 0xF81F, 0xF81F, 0xF81F, 0xF81F, 0x1002, 0xF81F,
    0xF81F, 0xF81F, 0xF81F, 0xF81F, 0xF81F, 0xF81F, 0x0041, 0x39CA, 0xA57F, 0xB5FE, 0xEF9F, 0xE77F,
    0xDEFF, 0xCE5C, 0xCE5C, 0x7BF2, 0x0000, 0xA4FA, 0xD69F, 0xDE9F, 0x8436, 0x0863, 0xACFB, 0xCDFD,
    0x4A4B, 0x0000, 0x189B, 0x1078, 0x0856, 0x1077, 0x109A, 0x18BE, 0x0874, 0x0820, 0xA49B, 0xB53D,
    0xAD1D, 0xACFD, 0xACFD, 0xB4FD, 0xB4FD, 0xB51E, 0xC5DF, 0xC5DF, 0xC5BF, 0xD63F, 0x528E, 0x0861,
    0x1082, 0x0861, 0x0881, 0x0020, 0x0802, 0xF81F, 0xF81F, 0xF81F, 0xF81F, 0xF81F, 0xF81F, 0xF81F,
    0xF81F, 0xF81F, 0x1002, 0x0000, 0x1076, 0x109E, 0x109A, 0x107A, 0x107A, 0x107A, 0x107A, 0x189B,
    0x1073, 0x0000, 0xF81F, 0xF81F, 0xF81F, 0xF81F, 0xF81F, 0xF81F, 0xF81F, 0xF81F, 0xF81F, 0xF81F,
    0xF81F, 0xF81F, 0xF81F, 0xF81F, 0xF81F, 0xF81F, 0xF81F, 0xF81F, 0xF81F, 0xF81F, 0x0801, 0xF81F,
    0xF81F, 0xF81F, 0xF81F, 0xF81F, 0xF81F, 0xF81F, 0xF81F, 0xF81F, 0x2167, 0x31A9, 0x4229, 0x424A,
    0xC61F, 0xE6FF, 0xEF3F, 0xCE7F, 0xA537, 0x630E, 0x422A, 0x422A, 0x5AEF, 0x9C98, 0xD63F, 0xEF1F,
    0x5AEE, 0x0000, 0x109A, 0x107C, 0x0856, 0x1057, 0x109B, 0x18BE, 0x0874, 0x0841, 0xBD7F, 0xD63F,
    0xCE1F, 0xCE1F, 0xCDDF, 0xC5BF, 0xC5BF, 0xCDFF, 0x6B73, 0x31A9, 0x39CA, 0x420B, 0x18C7, 0x0007,
    0x0009, 0x000E, 0x0810, 0x0006, 0x1000, 0xF81F, 0xF81F, 0xF81F, 0xF81F, 0xF81F, 0xF81F, 0xF81F,
    0xF81F, 0xF81F, 0xF81F, 0xF81F, 0x104A, 0x082A, 0x1077, 0x107B, 0x107A, 0x189A, 0x189A, 0x18BC,
    0x0874, 0x0000, 0xF81F, 0xF81F, 0xF81F, 0xF81F, 0xF81F, 0xF81F, 0xF81F, 0xF81F, 0xF81F, 0xF81F,
    0xF81F, 0xF81F, 0xF81F, 0xF81F, 0xF81F, 0xF81F, 0xF81F, 0xF81F, 0xF81F, 0xF81F, 0xF81F, 0xF81F,
    0xF81F, 0xF81F, 0xF81F, 0xF81F, 0xF81F, 0xF81F, 0xF81F, 0xF81F, 0xF81F, 0xF81F, 0xF81F, 0xF81F,
    0x4A4D, 0x528C, 0x526C, 0x52AD, 0x6B4F, 0x0862, 0x0000, 0x0000, 0x18E5, 0x6330, 0x528D, 0x62EE,
    0x2146, 0x0000, 0x1077, 0x189F, 0x1079, 0x1056, 0x1078, 0x10BD, 0x0875, 0x0000, 0x39EB, 0x420B,
    0x420B, 0x422C, 0x524D, 0x7AF3, 0x72B2, 0x7313, 0xF81F, 0xF81F, 0x0000, 0x0000, 0x000A, 0x0835,
    0x0833, 0x0835, 0x105A, 0x002B, 0x0800, 0xF81F, 0xF81F, 0xF81F, 0xF81F, 0xF81F, 0xF81F, 0xF81F,
    0xF81F, 0xF81F, 0xF81F, 0xF81F, 0x0801, 0x0000, 0x1056, 0x107D, 0x107A, 0x187A, 0x1899, 0x189B,
    0x0874, 0x0000, 0xF81F, 0xF81F, 0xF81F, 0xF81F, 0xF81F, 0xF81F, 0xF81F, 0xF81F, 0xF81F, 0xF81F,
    0xF81F, 0xF81F, 0xF81F, 0xF81F, 0xF81F, 0xF81F, 0xF81F, 0xF81F, 0xF81F, 0xF81F, 0xF81F, 0xF81F,
    0xF81F, 0xF81F, 0xF81F, 0xF81F, 0xF81F, 0xF81F, 0xF81F, 0xF81F, 0xF81F, 0xF81F, 0xF81F, 0xF81F,
    0xF81F, 0x0000, 0x0000, 0x0000, 0x0000, 0x0801, 0x1022, 0x1022, 0x0000, 0x0000, 0x0000, 0x0000,
    0x0000, 0x0000, 0x082F, 0x109B, 0x189D, 0x1078, 0x0854, 0x109B, 0x1096, 0x0000, 0x0000, 0x0000,
    0x0000, 0x0000, 0xF81F, 0xF81F, 0xF81F, 0xF81F, 0xF81F, 0xF81F, 0xF81F, 0x0822, 0x082C, 0x0836,
    0x0836, 0x0834, 0x0837, 0x082A, 0xF81F, 0xF81F, 0xF81F, 0xF81F, 0xF81F, 0xF81F, 0xF81F, 0xF81F,
    0xF81F, 0xF81F, 0xF81F, 0xF81F, 0xF81F, 0xF81F, 0x1050, 0x0852, 0x1078, 0x107B, 0x109A, 0x189C,
    0x1075, 0x0000, 0xF81F, 0xF81F, 0xF81F, 0xF81F, 0xF81F, 0xF81F, 0xF81F, 0xF81F, 0xF81F, 0xF81F,
    0xF81F, 0xF81F, 0xF81F, 0xF81F, 0xF81F, 0xF81F, 0xF81F, 0xF81F, 0xF81F, 0xF81F, 0xF81F, 0xF81F,
    0xF81F, 0xF81F, 0xF81F, 0xF81F, 0xF81F, 0xF81F, 0xF81F, 0xF81F, 0xF81F, 0xF81F, 0xF81F, 0xF81F,
    0xF81F, 0xF81F, 0xF81F, 0xF81F, 0xF81F, 0xF81F, 0xF81F, 0xF81F, 0xF81F, 0xF81F, 0xF81F, 0xF81F,
    0xF81F, 0xF81F, 0x0000, 0x0025, 0x18BD, 0x18BE, 0x1058, 0x109C, 0x1095, 0x0000, 0xF81F, 0xF81F,
    0xF81F, 0xF81F, 0xF81F, 0xF81F, 0xF81F, 0xF81F, 0xF81F, 0xF81F, 0xF81F, 0xF81F, 0xF81F, 0x0008,
    0x0812, 0x0814, 0x000F, 0xF81F, 0xF81F, 0xF81F, 0xF81F, 0xF81F, 0xF81F, 0xF81F, 0xF81F, 0xF81F,
    0xF81F, 0xF81F, 0xF81F, 0xF81F, 0xF81F, 0xF81F, 0xF81F, 0x0000, 0x1051, 0x1079, 0x1077, 0x1099,
    0x0873, 0x0000, 0xF81F, 0xF81F, 0xF81F, 0xF81F, 0xF81F, 0xF81F, 0xF81F, 0xF81F, 0xF81F, 0xF81F,
    0xF81F, 0xF81F, 0xF81F, 0xF81F, 0xF81F, 0xF81F, 0xF81F, 0xF81F, 0xF81F, 0xF81F, 0xF81F, 0xF81F,
    0xF81F, 0xF81F, 0xF81F, 0xF81F, 0xF81F, 0xF81F, 0xF81F, 0xF81F, 0xF81F, 0xF81F, 0xF81F, 0xF81F,
    0xF81F, 0xF81F, 0xF81F, 0xF81F, 0xF81F, 0xF81F, 0xF81F, 0xF81F, 0xF81F, 0xF81F, 0xF81F, 0xF81F,
    0xF81F, 0xF81F, 0xF81F, 0x0806, 0x189D, 0x18BF, 0x189C, 0x18BE, 0x1074, 0x0000, 0xF81F, 0xF81F,
    0xF81F, 0xF81F, 0xF81F, 0xF81F, 0xF81F, 0xF81F, 0xF81F, 0xF81F, 0xF81F, 0xF81F, 0xF81F, 0x0000,
    0x0001, 0x0001, 0x0000, 0xF81F, 0xF81F, 0xF81F, 0xF81F, 0xF81F, 0xF81F, 0xF81F, 0xF81F, 0xF81F,
    0xF81F, 0xF81F, 0xF81F, 0xF81F, 0xF81F, 0xF81F, 0xF81F, 0xF81F, 0x1824, 0x0001, 0x0002, 0x0002,
    0x0001, 0x0000, 0xF81F, 0xF81F, 0xF81F, 0xF81F, 0xF81F, 0xF81F, 0xF81F, 0xF81F, 0xF81F, 0xF81F,
    0xF81F, 0xF81F, 0xF81F, 0xF81F, 0xF81F, 0xF81F, 0xF81F, 0xF81F, 0xF81F, 0xF81F, 0xF81F, 0xF81F,
    0xF81F, 0xF81F, 0xF81F, 0xF81F, 0xF81F, 0xF81F, 0xF81F, 0xF81F, 0xF81F, 0xF81F, 0xF81F, 0xF81F,
    0xF81F, 0xF81F, 0xF81F, 0xF81F, 0xF81F, 0xF81F, 0xF81F, 0xF81F, 0xF81F, 0xF81F, 0xF81F, 0xF81F,
    0xF81F, 0xF81F, 0xF81F, 0x0802, 0x0025, 0x0027, 0x189C, 0x18DF, 0x1096, 0x0000, 0xF81F, 0xF81F,
    0xF81F, 0xF81F, 0xF81F, 0xF81F, 0xF81F, 0xF81F, 0xF81F, 0xF81F, 0xF81F, 0xF81F, 0xF81F, 0xF81F,
    0xF81F, 0xF81F, 0xF81F, 0xF81F, 0xF81F, 0xF81F, 0xF81F, 0xF81F, 0xF81F, 0xF81F, 0xF81F, 0xF81F,
    0xF81F, 0xF81F, 0xF81F, 0xF81F, 0xF81F, 0xF81F, 0xF81F, 0xF81F, 0xF81F, 0xF81F, 0xF81F, 0xF81F,
    0xF81F, 0xF81F, 0xF81F, 0xF81F, 0xF81F, 0xF81F, 0xF81F, 0xF81F, 0xF81F, 0xF81F, 0xF81F, 0xF81F,
    0xF81F, 0xF81F, 0xF81F, 0xF81F, 0xF81F, 0xF81F, 0xF81F, 0xF81F, 0xF81F, 0xF81F, 0xF81F, 0xF81F,
    0xF81F, 0xF81F, 0xF81F, 0xF81F, 0xF81F, 0xF81F, 0xF81F, 0xF81F, 0xF81F, 0xF81F, 0xF81F, 0xF81F,
    0xF81F, 0xF81F, 0xF81F, 0xF81F, 0xF81F, 0xF81F, 0xF81F, 0xF81F, 0xF81F, 0xF81F, 0xF81F, 0xF81F,
    0xF81F, 0xF81F, 0xF81F, 0xF81F, 0xF81F, 0xF81F, 0x084D, 0x0871, 0x004A, 0x0000, 0xF81F, 0xF81F,
    0xF81F, 0xF81F, 0xF81F, 0xF81F, 0xF81F, 0xF81F, 0xF81F, 0xF81F, 0xF81F, 0xF81F, 0xF81F, 0xF81F,
    0xF81F, 0xF81F, 0xF81F, 0xF81F, 0xF81F, 0xF81F, 0xF81F, 0xF81F, 0xF81F, 0xF81F, 0xF81F, 0xF81F,
    0xF81F, 0xF81F, 0xF81F, 0xF81F, 0xF81F, 0xF81F, 0xF81F, 0xF81F, 0xF81F, 0xF81F, 0xF81F, 0xF81F,
    0xF81F, 0xF81F, 0xF81F, 0xF81F, 0xF81F, 0xF81F, 0xF81F, 0xF81F, 0xF81F, 0xF81F, 0xF81F, 0xF81F,
    0xF81F, 0xF81F, 0xF81F, 0xF81F, 0xF81F, 0xF81F, 0xF81F, 0xF81F, 0xF81F, 0xF81F, 0xF81F, 0xF81F,
    0xF81F, 0xF81F, 0xF81F, 0xF81F, 0xF81F, 0xF81F, 0xF81F, 0xF81F, 0xF81F, 0xF81F, 0xF81F, 0xF81F,
    0xF81F, 0xF81F, 0xF81F, 0xF81F, 0xF81F, 0xF81F, 0xF81F, 0xF81F, 0xF81F, 0xF81F, 0xF81F, 0xF81F,
    0xF81F, 0xF81F, 0xF81F, 0xF81F, 0xF81F, 0xF81F, 0xF81F, 0x0800, 0x0800, 0xF81F, 0xF81F, 0xF81F,
    0xF81F, 0xF81F, 0xF81F, 0xF81F, 0xF81F, 0xF81F, 0xF81F, 0xF81F, 0xF81F, 0xF81F, 0xF81F, 0xF81F,
    0xF81F, 0xF81F, 0xF81F, 0xF81F, 0xF81F, 0xF81F, 0xF81F, 0xF81F, 0xF81F, 0xF81F, 0xF81F, 0xF81F,
    0xF81F, 0xF81F, 0xF81F, 0xF81F, 0xF81F, 0xF81F, 0xF81F, 0xF81F, 0xF81F, 0xF81F, 0xF81F, 0xF81F,
    0xF81F, 0xF81F, 0xF81F, 0xF81F, 0xF81F, 0xF81F, 0xF81F, 0xF81F, 0xF81F, 0xF81F, 0xF81F, 0xF81F,
    0xF81F, 0xF81F, 0xF81F, 0xF81F, 0xF81F, 0xF81F, 0xF81F, 0xF81F, 0xF81F, 0xF81F, 0xF81F, 0xF81F,
    0xF81F, 0xF81F, 0xF81F, 0xF81F, 0xF81F, 0xF81F, 0xF81F, 0xF81F, 0xF81F, 0xF81F, 0xF81F, 0xF81F,
    0xF81F, 0xF81F, 0xF81F, 0xF81F, 0xF81F, 0xF81F, 0xF81F, 0xF81F, 0xF81F, 0xF81F, 0xF81F, 0xF81F,
    0xF81F, 0xF81F, 0xF81F, 0xF81F, 0xF81F, 0xF81F, 0xF81F, 0xF81F, 0xF81F, 0xF81F, 0xF81F, 0xF81F,
    0xF81F, 0xF81F, 0xF81F, 0xF81F, 0xF81F, 0xF81F, 0xF81F, 0xF81F, 0xF81F, 0xF81F, 0xF81F, 0xF81F,
    0xF81F, 0xF81F, 0xF81F, 0xF81F, 0xF81F, 0xF81F, 0xF81F, 0xF81F, 0xF81F, 0xF81F, 0xF81F, 0xF81F,
    0xF81F, 0xF81F, 0xF81F, 0xF81F, 0xF81F, 0xF81F, 0xF81F, 0xF81F, 0xF81F, 0xF81F, 0xF81F, 0xF81F,
    0xF81F, 0xF81F, 0xF81F, 0xF81F, 0xF81F, 0xF81F, 0xF81F, 0xF81F, 0xF81F, 0xF81F, 0xF81F, 0xF81F,
    0xF81F, 0xF81F, 0xF81F, 0xF81F, 0xF81F, 0xF81F, 0xF81F, 0xF81F, 0xF81F, 0xF81F, 0xF81F, 0xF81F,
    0xF81F, 0xF81F, 0xF81F, 0xF81F, 0xF81F, 0xF81F, 0xF81F, 0xF81F, 0xF81F, 0xF81F, 0xF81F, 0xF81F,
    0xF81F, 0xF81F, 0xF81F, 0xF81F, 0xF81F, 0xF81F, 0xF81F, 0xF81F, 0xF81F, 0xF81F, 0xF81F, 0xF81F,
    0xF81F, 0xF81F, 0xF81F, 0xF81F, 0xF81F, 0xF81F, 0xF81F, 0xF81F, 0xF81F, 0xF81F, 0xF81F, 0xF81F,
    0xF81F, 0xF81F, 0xF81F, 0xF81F, 0xF81F, 0xF81F, 0xF81F, 0xF81F, 0xF81F, 0xF81F, 0xF81F, 0xF81F,
    0xF81F, 0xF81F, 0xF81F, 0xF81F, 0xF81F, 0xF81F, 0xF81F, 0xF81F, 0xF81F, 0xF81F, 0xF81F, 0xF81F,
    0xF81F, 0xF81F, 0xF81F, 0xF81F, 0xF81F, 0xF81F, 0xF81F, 0xF81F, 0xF81F, 0xF81F, 0xF81F, 0xF81F,
    0xF81F, 0xF81F, 0xF81F, 0xF81F, 0xF81F, 0xF81F, 0xF81F, 0xF81F, 0xF81F, 0xF81F, 0xF81F, 0xF81F,
    0xF81F, 0xF81F, 0xF81F, 0xF81F, 0xF81F, 0xF81F, 0xF81F, 0xF81F, 0xF81F, 0xF81F, 0xF81F, 0xF81F,
    0xF81F, 0xF81F, 0xF81F, 0xF81F, 0xF81F, 0xF81F, 0xF81F, 0xF81F, 0xF81F, 0xF81F, 0xF81F, 0xF81F,
    0xF81F, 0xF81F, 0xF81F, 0xF81F, 0xF81F, 0xF81F, 0xF81F, 0xF81F, 0xF81F, 0xF81F, 0xF81F, 0xF81F,
    0xF81F, 0xF81F, 0xF81F, 0xF81F, 0xF81F, 0xF81F, 0xF81F, 0xF81F, 0xF81F, 0xF81F, 0xF81F, 0xF81F,
    0xF81F, 0xF81F, 0xF81F, 0xF81F, 0xF81F, 0xF81F, 0xF81F, 0xF81F, 0xF81F, 0xF81F, 0xF81F, 0xF81F,
    0xF81F, 0xF81F, 0xF81F, 0xF81F, 0xF81F, 0xF81F, 0xF81F, 0xF81F, 0xF81F, 0xF81F, 0xF81F, 0xF81F,
    0xF81F, 0xF81F, 0xF81F, 0xF81F, 0xF81F, 0xF81F, 0xF81F, 0xF81F, 0xF81F, 0xF81F, 0xF81F, 0xF81F,
    0xF81F, 0xF81F, 0xF81F, 0xF81F, 0xF81F, 0xF81F, 0xF81F, 0xF81F, 0xF81F, 0xF81F, 0xF81F, 0xF81F,
    0xF81F, 0xF81F, 0xF81F, 0xF81F, 0xF81F, 0xF81F, 0xF81F, 0xF81F, 0xF81F, 0xF81F, 0xF81F, 0xF81F,
    0xF81F, 0xF81F, 0xF81F, 0xF81F, 0xF81F, 0xF81F, 0xF81F, 0xF81F, 0xF81F, 0xF81F, 0xF81F, 0xF81F,
    0xF81F, 0xF81F, 0xF81F, 0xF81F, 0xF81F, 0xF81F, 0xF81F, 0xF81F, 0xF81F, 0xF81F, 0xF81F, 0xF81F,
    0xF81F, 0xF81F, 0xF81F, 0xF81F, 0xF81F, 0xF81F, 0xF81F, 0xF81F, 0xF81F, 0xF81F, 0xF81F, 0xF81F,
    0xF81F, 0xF81F, 0xF81F, 0xF81F, 0xF81F, 0xF81F, 0xF81F, 0xF81F, 0xF81F, 0xF81F, 0xF81F, 0xF81F,
    0xF81F, 0xF81F, 0xF81F, 0xF81F, 0xF81F, 0xF81F, 0xF81F, 0xF81F, 0xF81F, 0xF81F, 0xF81F, 0xF81F,
    0xF81F, 0xF81F, 0xF81F, 0xF81F, 0xF81F, 0xF81F, 0xF81F, 0xF81F, 0xF81F, 0xF81F, 0xF81F, 0xF81F,
    0xF81F, 0xF81F, 0xF81F, 0xF81F, 0xF81F, 0xF81F, 0xF81F, 0xF81F, 0xF81F, 0xF81F, 0xF81F, 0xF81F,
    0xF81F, 0xF81F, 0xF81F, 0xF81F, 0xF81F, 0xF81F, 0xF81F, 0xF81F, 0xF81F, 0xF81F, 0xF81F, 0xF81F,
    0xF81F, 0xF81F, 0xF81F, 0xF81F, 0xF81F, 0xF81F, 0xF81F, 0xF81F, 0xF81F, 0xF81F, 0xF81F, 0xF81F,
    0xF81F, 0xF81F, 0xF81F, 0xF81F, 0xF81F, 0xF81F, 0xF81F, 0xF81F, 0xF81F, 0xF81F, 0xF81F, 0xF81F,
    0xF81F, 0xF81F, 0xF81F, 0xF81F, 0xF81F, 0xF81F, 0xF81F, 0xF81F, 0xF81F, 0xF81F, 0xF81F, 0xF81F,
    0xF81F, 0xF81F, 0xF81F, 0xF81F, 0xF81F, 0xF81F, 0xF81F, 0xF81F, 0xF81F, 0xF81F, 0xF81F, 0xF81F,
    0xF81F, 0xF81F, 0xF81F, 0xF81F, 0xF81F, 0xF81F, 0xF81F, 0xF81F, 0xF81F, 0xF81F, 0xF81F, 0xF81F,
    0xF81F, 0xF81F, 0xF81F, 0xF81F, 0xF81F, 0xF81F, 0xF81F, 0xF81F, 0xF81F, 0xF81F, 0xF81F, 0xF81F,
    0xF81F, 0xF81F, 0xF81F, 0xF81F, 0xF81F, 0xF81F, 0xF81F, 0xF81F, 0xF81F, 0xF81F, 0xF81F, 0xF81F,
    0xF81F, 0xF81F, 0xF81F, 0xF81F, 0xF81F, 0xF81F, 0xF81F, 0xF81F, 0xF81F, 0xF81F, 0xF81F, 0xF81F,
    0xF81F, 0xF81F, 0xF81F, 0xF81F, 0xF81F, 0xF81F, 0xF81F, 0xF81F, 0xF81F, 0xF81F, 0xF81F, 0xF81F,
    0xF81F, 0xF81F, 0xF81F, 0xF81F, 0xF81F, 0xF81F, 0xF81F, 0xF81F, 0xF81F, 0xF81F, 0xF81F, 0xF81F,
    0xF81F, 0xF81F, 0xF81F, 0xF81F, 0xF81F, 0xF81F, 0xF81F, 0xF81F, 0xF81F, 0xF81F, 0xF81F, 0xF81F,
    0xF81F, 0xF81F, 0xF81F, 0xF81F, 0xF81F, 0xF81F, 0xF81F, 0xF81F, 0xF81F, 0xF81F, 0xF81F, 0xF81F,
    0xF81F, 0xF81F, 0xF81F, 0xF81F, 0xF81F, 0xF81F, 0xF81F, 0xF81F, 0xF81F, 0xF81F, 0xF81F, 0xF81F,
    0xF81F, 0xF81F, 0xF81F, 0xF81F, 0xF81F, 0xF81F, 0xF81F, 0xF81F, 0xF81F, 0xF81F, 0xF81F, 0xF81F,
    0xF81F, 0xF81F, 0xF81F, 0xF81F, 0xF81F, 0xF81F, 0xF81F, 0xF81F, 0xF81F, 0xF81F, 0xF81F, 0xF81F,
    0xF81F, 0xF81F, 0xF81F, 0xF81F, 0xF81F, 0xF81F, 0xF81F, 0xF81F, 0xF81F, 0xF81F, 0xF81F, 0xF81F,
    0xF81F, 0xF81F, 0xF81F, 0xF81F, 0xF81F, 0xF81F, 0xF81F, 0xF81F, 0xF81F, 0xF81F, 0xF81F, 0xF81F,
    0xF81F, 0xF81F, 0xF81F, 0xF81F, 0xF81F, 0xF81F, 0xF81F, 0xF81F, 0xF81F, 0xF81F, 0xF81F, 0xF81F,
    0xF81F, 0xF81F, 0xF81F, 0xF81F, 0xF81F, 0xF81F, 0xF81F, 0xF81F, 0xF81F, 0xF81F, 0xF81F, 0xF81F,
    0xF81F, 0xF81F, 0xF81F, 0xF81F, 0xF81F, 0xF81F, 0xF81F, 0xF81F, 0xF81F, 0xF81F, 0xF81F, 0xF81F,
    0xF81F, 0xF81F, 0xF81F, 0xF81F, 0xF81F, 0xF81F, 0xF81F, 0xF81F, 0xF81F, 0xF81F, 0xF81F, 0xF81F,
    0xF81F, 0xF81F, 0xF81F, 0xF81F, 0xF81F, 0xF81F, 0xF81F, 0xF81F, 0xF81F, 0xF81F, 0xF81F, 0xF81F,
    0xF81F, 0xF81F, 0xF81F, 0xF81F, 0xF81F, 0xF81F, 0xF81F, 0xF81F, 0xF81F, 0xF81F, 0xF81F, 0xF81F,
    0xF81F, 0xF81F, 0xF81F, 0xF81F, 0xF81F, 0xF81F, 0xF81F, 0xF81F, 0xF81F, 0xF81F, 0xF81F, 0xF81F,
    0xF81F, 0xF81F, 0xF81F, 0xF81F, 0xF81F, 0xF81F, 0xF81F, 0xF81F, 0xF81F, 0xF81F, 0xF81F, 0xF81F,
    0xF81F, 0xF81F, 0xF81F, 0xF81F, 0xF81F, 0xF81F, 0xF81F, 0xF81F, 0xF81F, 0xF81F, 0xF81F, 0xF81F,
    0xF81F, 0xF81F, 0xF81F, 0xF81F, 0xF81F, 0xF81F, 0xF81F, 0xF81F, 0xF81F, 0xF81F, 0xF81F, 0xF81F,
    0xF81F, 0xF81F, 0xF81F, 0xF81F, 0xF81F, 0xF81F, 0xF81F, 0xF81F, 0xF81F, 0xF81F, 0xF81F, 0xF81F,
    0xF81F, 0xF81F, 0xF81F, 0xF81F, 0xF81F, 0xF81F, 0xF81F, 0xF81F, 0xF81F, 0xF81F, 0xF81F, 0xF81F,
    0xF81F, 0xF81F, 0xF81F, 0xF81F, 0xF81F, 0xF81F, 0xF81F, 0xF81F, 0xF81F, 0xF81F, 0xF81F, 0xF81F,
    0xF81F, 0xF81F, 0xF81F, 0xF81F, 0xF81F, 0xF81F, 0xF81F, 0xF81F, 0xF81F, 0xF81F, 0xF81F, 0xF81F,
    0xF81F, 0xF81F, 0xF81F, 0xF81F, 0xF81F, 0xF81F, 0xF81F, 0xF81F, 0xF81F, 0xF81F, 0xF81F, 0xF81F,
    0xF81F, 0xF81F, 0xF81F, 0xF81F, 0xF81F, 0xF81F, 0xF81F, 0xF81F, 0xF81F, 0xF81F, 0xF81F, 0xF81F,
    0xF81F, 0xF81F, 0xF81F, 0xF81F, 0xF81F, 0xF81F, 0xF81F, 0xF81F, 0xF81F, 0xF81F, 0xF81F, 0xF81F,
    0xF81F, 0xF81F, 0xF81F, 0xF81F, 0xF81F, 0xF81F, 0xF81F, 0xF81F, 0xF81F, 0xF81F, 0xF81F, 0xF81F,
    0xF81F, 0xF81F, 0xF81F, 0xF81F, 0xF81F, 0xF81F, 0xF81F, 0xF81F, 0xF81F, 0xF81F, 0xF81F, 0xF81F,
    0xF81F, 0xF81F, 0xF81F, 0xF81F, 0xF81F, 0xF81F, 0xF81F, 0xF81F, 0xF81F, 0xF81F, 0xF81F, 0xF81F,
    0xF81F, 0xF81F, 0xF81F, 0xF81F, 0xF81F, 0xF81F, 0xF81F, 0xF81F, 0xF81F, 0xF81F, 0xF81F, 0xF81F,
    0xF81F, 0xF81F, 0xF81F, 0xF81F, 0xF81F, 0xF81F, 0xF81F, 0xF81F, 0xF81F, 0xF81F, 0xF81F, 0xF81F,
    0xF81F, 0xF81F, 0xF81F, 0xF81F, 0xF81F, 0xF81F, 0xF81F, 0xF81F, 0xF81F, 0xF81F, 0xF81F, 0xF81F,
    0xF81F, 0xF81F, 0xF81F, 0xF81F, 0xF81F, 0xF81F, 0xF81F, 0xF81F, 0xF81F, 0xF81F, 0xF81F, 0xF81F,
    0xF81F, 0xF81F, 0xF81F, 0xF81F, 0xF81F, 0xF81F, 0xF81F, 0xF81F, 0xF81F, 0xF81F, 0xF81F, 0xF81F,
    0xF81F, 0xF81F, 0xF81F, 0xF81F, 0xF81F, 0xF81F, 0xF81F, 0xF81F, 0xF81F, 0xF81F, 0xF81F, 0xF81F,
    0xF81F, 0xF81F, 0xF81F, 0xF81F, 0xF81F, 0xF81F, 0xF81F, 0xF81F, 0xF81F, 0xF81F, 0xF81F, 0xF81F,
    0xF81F, 0xF81F, 0xF81F, 0xF81F, 0xF81F, 0xF81F, 0xF81F, 0xF81F, 0xF81F, 0xF81F, 0xF81F, 0xF81F,
    0xF81F, 0xF81F, 0xF81F, 0xF81F, 0xF81F, 0xF81F, 0xF81F, 0xF81F, 0xF81F, 0xF81F, 0xF81F, 0xF81F,
    0xF81F, 0xF81F, 0xF81F, 0xF81F, 0xF81F, 0xF81F, 0xF81F, 0xF81F, 0xF81F, 0xF81F, 0xF81F, 0xF81F,
    0xF81F, 0xF81F, 0xF81F, 0xF81F, 0xF81F, 0xF81F, 0xF81F, 0xF81F, 0xF81F, 0xF81F, 0xF81F, 0xF81F,
    0xF81F, 0xF81F, 0xF81F, 0xF81F, 0xF81F, 0xF81F, 0xF81F, 0xF81F, 0xF81F, 0xF81F, 0xF81F, 0xF81F,
    0xF81F, 0xF81F, 0xF81F, 0xF81F, 0xF81F, 0xF81F, 0xF81F, 0xF81F, 0xF81F, 0xF81F, 0xF81F, 0xF81F,
    0xF81F, 0xF81F, 0xF81F, 0xF81F, 0xF81F, 0xF81F, 0xF81F, 0xF81F, 0xF81F, 0xF81F, 0xF81F, 0xF81F,
    0xF81F, 0xF81F, 0xF81F, 0xF81F, 0xF81F, 0xF81F, 0xF81F, 0xF81F, 0xF81F, 0xF81F, 0xF81F, 0xF81F,
    0xF81F, 0xF81F, 0xF81F, 0xF81F, 0xF81F, 0xF81F, 0xF81F, 0xF81F, 0xF81F, 0xF81F, 0xF81F, 0xF81F,
    0xF81F, 0xF81F, 0xF81F, 0xF81F, 0xF81F, 0xF81F, 0xF81F, 0xF81F, 0xF81F, 0xF81F, 0xF81F, 0xF81F,
    0xF81F, 0xF81F, 0xF81F, 0xF81F, 0xF81F, 0xF81F, 0xF81F, 0xF81F, 0xF81F, 0xF81F, 0xF81F, 0xF81F,
    0xF81F, 0xF81F, 0xF81F, 0xF81F, 0xF81F, 0xF81F, 0xF81F, 0xF81F, 0xF81F, 0xF81F, 0xF81F, 0xF81F,
    0xF81F, 0xF81F, 0xF81F, 0xF81F, 0xF81F, 0xF81F, 0xF81F, 0xF81F, 0xF81F, 0xF81F, 0xF81F, 0xF81F,
    0xF81F, 0xF81F, 0xF81F, 0xF81F, 0xF81F, 0xF81F, 0xF81F, 0xF81F, 0xF81F, 0xF81F, 0xF81F, 0xF81F,
    0xF81F, 0xF81F, 0xF81F, 0xF81F, 0xF81F, 0xF81F, 0xF81F, 0xF81F, 0xF81F, 0xF81F, 0xF81F, 0xF81F,
    0xF81F, 0xF81F, 0xF81F, 0xF81F, 0xF81F, 0xF81F, 0xF81F, 0xF81F, 0xF81F, 0xF81F, 0xF81F, 0xF81F,
    0xF81F, 0xF81F, 0xF81F, 0xF81F, 0xF81F, 0xF81F, 0xF81F, 0xF81F, 0xF81F, 0xF81F, 0xF81F, 0xF81F,
    0xF81F, 0xF81F, 0xF81F, 0xF81F, 0xF81F, 0xF81F, 0xF81F, 0xF81F, 0xF81F, 0xF81F, 0xF81F, 0xF81F,
    0xF81F, 0xF81F, 0xF81F, 0xF81F, 0xF81F, 0xF81F, 0xF81F, 0xF81F, 0xF81F, 0xF81F, 0xF81F, 0xF81F,
    0xF81F, 0xF81F, 0xF81F, 0xF81F, 0xF81F, 0xF81F, 0xF81F, 0xF81F, 0xF81F, 0xF81F, 0xF81F, 0xF81F,
    0xF81F, 0xF81F, 0xF81F, 0xF81F, 0xF81F, 0xF81F, 0xF81F, 0xF81F, 0xF81F, 0xF81F, 0xF81F, 0xF81F,
    0xF81F, 0xF81F, 0xF81F, 0xF81F, 0xF81F, 0xF81F, 0xF81F, 0xF81F, 0xF81F, 0xF81F, 0xF81F, 0xF81F,
    0xF81F, 0xF81F, 0xF81F, 0xF81F, 0xF81F, 0xF81F, 0xF81F, 0xF81F, 0xF81F, 0xF81F, 0xF81F, 0xF81F,
    0xF81F, 0xF81F, 0xF81F, 0xF81F, 0xF81F, 0xF81F, 0xF81F, 0xF81F, 0xF81F, 0xF81F, 0xF81F, 0xF81F,
    0xF81F, 0xF81F, 0xF81F, 0xF81F, 0xF81F, 0xF81F, 0xF81F, 0xF81F, 0xF81F, 0xF81F, 0xF81F, 0xF81F,
    0xF81F, 0xF81F, 0xF81F, 0xF81F, 0xF81F, 0xF81F, 0xF81F, 0xF81F, 0xF81F, 0xF81F, 0xF81F, 0xF81F,
    0xF81F, 0xF81F, 0xF81F, 0xF81F, 0xF81F, 0xF81F, 0xF81F, 0xF81F, 0xF81F, 0xF81F, 0xF81F, 0xF81F,
    0xF81F, 0xF81F, 0xF81F, 0xF81F, 0xF81F, 0xF81F, 0xF81F, 0xF81F, 0xF81F, 0xF81F, 0xF81F, 0xF81F,
    0xF81F, 0xF81F, 0xF81F, 0xF81F, 0xF81F, 0xF81F, 0xF81F, 0xF81F, 0xF81F, 0xF81F, 0xF81F, 0xF81F,
    0xF81F, 0xF81F, 0xF81F, 0xF81F, 0xF81F, 0xF81F, 0xF81F, 0xF81F, 0xF81F, 0xF81F, 0xF81F, 0xF81F,
    0xF81F, 0xF81F, 0xF81F, 0xF81F, 0xF81F, 0xF81F, 0xF81F, 0xF81F, 0xF81F, 0xF81F, 0xF81F, 0xF81F,
    0xF81F, 0xF81F, 0xF81F, 0xF81F, 0xF81F, 0xF81F, 0xF81F, 0xF81F, 0xF81F, 0xF81F, 0xF81F, 0xF81F,
    0xF81F, 0xF81F, 0xF81F, 0xF81F, 0xF81F, 0xF81F, 0xF81F, 0xF81F, 0xF81F, 0xF81F, 0xF81F, 0xF81F,
    0xF81F, 0xF81F, 0xF81F, 0xF81F, 0xF81F, 0xF81F, 0xF81F, 0xF81F, 0xF81F, 0xF81F, 0xF81F, 0xF81F,
    0xF81F, 0xF81F, 0xF81F, 0xF81F, 0xF81F, 0xF81F, 0xF81F, 0xF81F, 0xF81F, 0xF81F, 0xF81F, 0xF81F,
    0xF81F, 0xF81F, 0xF81F, 0xF81F, 0xF81F, 0xF81F, 0xF81F, 0xF81F, 0xF81F, 0xF81F, 0xF81F, 0xF81F,
    0xF81F, 0xF81F, 0xF81F, 0xF81F, 0xF81F, 0xF81F, 0xF81F, 0xF81F, 0xF81F, 0xF81F, 0xF81F, 0xF81F,
    0xF81F, 0xF81F, 0xF81F, 0xF81F, 0xF81F, 0xF81F, 0xF81F, 0xF81F, 0xF81F, 0xF81F, 0xF81F, 0xF81F,
    0xF81F, 0xF81F, 0xF81F, 0xF81F, 0xF81F, 0xF81F, 0xF81F, 0xF81F, 0xF81F, 0xF81F, 0xF81F, 0xF81F,
    0xF81F, 0xF81F, 0xF81F, 0xF81F, 0xF81F, 0xF81F, 0xF81F, 0xF81F, 0xF81F, 0xF81F, 0xF81F, 0xF81F,
    0xF81F, 0xF81F, 0xF81F, 0xF81F, 0xF81F, 0xF81F, 0xF81F, 0xF81F, 0xF81F, 0xF81F, 0xF81F, 0xF81F,
    0xF81F, 0xF81F, 0xF81F, 0xF81F, 0xF81F, 0xF81F, 0xF81F, 0xF81F, 0xF81F, 0xF81F, 0xF81F, 0xF81F,
    0xF81F, 0xF81F, 0xF81F, 0xF81F, 0xF81F, 0xF81F, 0xF81F, 0xF81F, 0xF81F, 0xF81F, 0xF81F, 0xF81F,
    0xF81F, 0xF81F, 0xF81F, 0xF81F, 0xF81F, 0xF81F, 0xF81F, 0xF81F, 0xF81F, 0xF81F, 0xF81F, 0xF81F,
    0xF81F, 0xF81F, 0xF81F, 0xF81F, 0xF81F, 0xF81F, 0xF81F, 0xF81F, 0xF81F, 0xF81F, 0xF81F, 0xF81F,
    0xF81F, 0xF81F, 0xF81F, 0xF81F, 0xF81F, 0xF81F, 0xF81F, 0xF81F, 0xF81F, 0xF81F, 0xF81F, 0xF81F,
    0xF81F, 0xF81F, 0xF81F, 0xF81F, 0xF81F, 0xF81F, 0xF81F, 0xF81F, 0xF81F, 0xF81F, 0xF81F, 0xF81F,
    0xF81F, 0xF81F, 0xF81F, 0xF81F, 0xF81F, 0xF81F, 0xF81F, 0xF81F, 0xF81F, 0xF81F, 0xF81F, 0xF81F,
    0xF81F, 0xF81F, 0xF81F, 0xF81F, 0xF81F, 0xF81F, 0xF81F, 0xF81F, 0xF81F, 0xF81F, 0xF81F, 0xF81F,
    0xF81F, 0xF81F, 0xF81F, 0xF81F, 0xF81F, 0xF81F, 0xF81F, 0xF81F, 0xF81F, 0xF81F, 0xF81F, 0xF81F,
    0xF81F, 0xF81F, 0xF81F, 0xF81F, 0xF81F, 0xF81F, 0xF81F, 0xF81F, 0xF81F, 0xF81F, 0xF81F, 0xF81F,
    0xF81F, 0xF81F, 0xF81F, 0xF81F, 0xF81F, 0xF81F, 0xF81F, 0xF81F, 0xF81F, 0xF81F, 0xF81F, 0xF81F,
    0xF81F, 0xF81F, 0xF81F, 0xF81F, 0xF81F, 0xF81F, 0xF81F, 0xF81F, 0xF81F, 0xF81F, 0xF81F, 0xF81F,
    0xF81F, 0xF81F, 0xF81F, 0xF81F, 0xF81F, 0xF81F, 0xF81F, 0xF81F, 0xF81F, 0xF81F, 0xF81F, 0xF81F,
    0xF81F, 0xF81F, 0xF81F, 0xF81F, 0xF81F, 0xF81F, 0xF81F, 0xF81F, 0xF81F, 0xF81F, 0xF81F, 0xF81F,
    0xF81F, 0xF81F, 0xF81F, 0xF81F, 0xF81F, 0xF81F, 0xF81F, 0xF81F, 0xF81F, 0xF81F, 0xF81F, 0xF81F,
    0xF81F, 0xF81F, 0xF81F, 0xF81F, 0xF81F, 0xF81F, 0xF81F, 0xF81F, 0xF81F, 0xF81F, 0xF81F, 0xF81F,
    0xF81F, 0xF81F, 0xF81F, 0xF81F, 0xF81F, 0xF81F, 0xF81F, 0xF81F, 0xF81F, 0xF81F, 0xF81F, 0xF81F,
    0xF81F, 0xF81F, 0xF81F, 0xF81F, 0xF81F, 0xF81F, 0xF81F, 0xF81F, 0xF81F, 0xF81F, 0xF81F, 0xF81F,
    0xF81F, 0xF81F, 0xF81F, 0xF81F, 0xF81F, 0xF81F, 0xF81F, 0xF81F, 0xF81F, 0xF81F, 0xF81F, 0xF81F,
    0xF81F, 0xF81F, 0xF81F, 0xF81F, 0xF81F, 0xF81F, 0xF81F, 0xF81F, 0xF81F, 0xF81F, 0xF81F, 0xF81F,
    0xF81F, 0xF81F, 0xF81F, 0xF81F, 0xF81F, 0xF81F, 0xF81F, 0xF81F, 0xF81F, 0xF81F, 0xF81F, 0xF81F,
    0xF81F, 0xF81F, 0xF81F, 0xF81F, 0xF81F, 0xF81F, 0xF81F, 0xF81F, 0xF81F, 0xF81F, 0xF81F, 0xF81F,
    0xF81F, 0xF81F, 0xF81F, 0xF81F, 0xF81F, 0xF81F, 0xF81F, 0xF81F, 0xF81F, 0xF81F, 0xF81F, 0xF81F,
    0xF81F, 0xF81F, 0xF81F, 0xF81F, 0xF81F, 0xF81F, 0xF81F, 0xF81F, 0xF81F, 0xF81F, 0xF81F, 0xF81F,
    0xF81F, 0xF81F, 0xF81F, 0xF81F, 0xF81F, 0xF81F, 0xF81F, 0xF81F, 0xF81F, 0xF81F, 0xF81F, 0xF81F,
    0xF81F, 0xF81F, 0xF81F, 0xF81F, 0xF81F, 0xF81F, 0xF81F, 0xF81F, 0xF81F, 0xF81F, 0xF81F, 0xF81F,
    0xF81F, 0xF81F, 0xF81F, 0xF81F, 0xF81F, 0xF81F, 0xF81F, 0xF81F, 0xF81F, 0xF81F, 0xF81F, 0xF81F,
    0xF81F, 0xF81F, 0xF81F, 0xF81F, 0xF81F, 0xF81F, 0xF81F, 0xF81F, 0xF81F, 0xF81F, 0xF81F, 0xF81F,
    0xF81F, 0xF81F, 0xF81F, 0xF81F, 0xF81F, 0xF81F, 0xF81F, 0xF81F, 0xF81F, 0xF81F, 0xF81F, 0xF81F,
    0xF81F, 0xF81F, 0xF81F, 0xF81F, 0xF81F, 0xF81F, 0xF81F, 0xF81F, 0xF81F, 0xF81F, 0xF81F, 0xF81F,
    0xF81F, 0xF81F, 0xF81F, 0xF81F, 0xF81F, 0xF81F, 0xF81F, 0xF81F, 0xF81F, 0xF81F, 0xF81F, 0xF81F,
    0xF81F, 0xF81F, 0xF81F, 0xF81F, 0xF81F, 0xF81F, 0xF81F, 0xF81F, 0xF81F, 0xF81F, 0xF81F, 0xF81F,
    0xF81F, 0xF81F, 0xF81F, 0xF81F, 0xF81F, 0xF81F, 0xF81F, 0xF81F, 0xF81F, 0xF81F, 0xF81F, 0xF81F,
    0xF81F, 0xF81F, 0xF81F, 0xF81F, 0xF81F, 0xF81F, 0xF81F, 0xF81F, 0xF81F, 0xF81F, 0xF81F, 0xF81F,
    0xF81F, 0xF81F, 0xF81F, 0xF81F, 0xF81F, 0xF81F, 0xF81F, 0xF81F, 0xF81F, 0xF81F, 0xF81F, 0xF81F,
    0xF81F, 0xF81F, 0xF81F, 0xF81F, 0xF81F, 0xF81F, 0xF81F, 0xF81F, 0xF81F, 0xF81F, 0xF81F, 0xF81F,
    0xF81F, 0xF81F, 0xF81F, 0xF81F, 0xF81F, 0xF81F, 0xF81F, 0xF81F, 0xF81F, 0xF81F, 0xF81F, 0xF81F,
    0xF81F, 0xF81F, 0xF81F, 0xF81F, 0xF81F, 0xF81F, 0xF81F, 0xF81F, 0xF81F, 0xF81F, 0xF81F, 0xF81F,
    0xF81F, 0xF81F, 0xF81F, 0xF81F, 0xF81F, 0xF81F, 0xF81F, 0xF81F, 0xF81F, 0xF81F, 0xF81F, 0xF81F,
    0xF81F, 0xF81F, 0xF81F, 0xF81F, 0xF81F, 0xF81F, 0xF81F, 0xF81F, 0xF81F, 0xF81F, 0xF81F, 0xF81F,
    0xF81F, 0xF81F, 0xF81F, 0xF81F, 0xF81F, 0xF81F, 0xF81F, 0xF81F, 0xF81F, 0xF81F, 0xF81F, 0xF81F,
    0xF81F, 0xF81F, 0xF81F, 0xF81F, 0xF81F, 0xF81F, 0xF81F, 0xF81F, 0xF81F, 0xF81F, 0xF81F, 0xF81F,
    0xF81F, 0xF81F, 0xF81F, 0xF81F, 0xF81F, 0xF81F, 0xF81F, 0xF81F, 0xF81F, 0xF81F, 0xF81F, 0xF81F,
    0xF81F, 0xF81F, 0xF81F, 0xF81F, 0xF81F, 0xF81F, 0xF81F, 0xF81F, 0xF81F, 0xF81F, 0xF81F, 0xF81F,
    0xF81F, 0xF81F, 0xF81F, 0xF81F, 0xF81F, 0xF81F, 0xF81F, 0xF81F, 0xF81F, 0xF81F, 0xF81F, 0xF81F,
    0xF81F, 0xF81F, 0xF81F, 0xF81F, 0xF81F, 0xF81F, 0xF81F, 0xF81F, 0xF81F, 0xF81F, 0xF81F, 0xF81F,
    0xF81F, 0xF81F, 0xF81F, 0xF81F, 0xF81F, 0xF81F, 0xF81F, 0xF81F, 0xF81F, 0xF81F, 0xF81F, 0xF81F,
    0xF81F, 0xF81F, 0xF81F, 0xF81F, 0xF81F, 0xF81F, 0xF81F, 0xF81F, 0xF81F, 0xF81F, 0xF81F, 0xF81F,
    0xF81F, 0xF81F, 0xF81F, 0xF81F, 0xF81F, 0xF81F, 0xF81F, 0xF81F, 0xF81F, 0xF81F, 0xF81F, 0xF81F,
    0xF81F, 0xF81F, 0xF81F, 0xF81F, 0xF81F, 0xF81F, 0xF81F, 0xF81F, 0xF81F, 0xF81F, 0xF81F, 0xF81F,
    0xF81F, 0xF81F, 0xF81F, 0xF81F, 0xF81F, 0xF81F, 0xF81F, 0xF81F, 0xF81F, 0xF81F, 0xF81F, 0xF81F,
    0xF81F, 0xF81F, 0xF81F, 0xF81F, 0xF81F, 0xF81F, 0xF81F, 0xF81F, 0xF81F, 0xF81F, 0xF81F, 0xF81F,
    0xF81F, 0xF81F, 0xF81F, 0xF81F, 0xF81F, 0xF81F, 0xF81F, 0xF81F, 0xF81F, 0xF81F, 0xF81F, 0xF81F,
    0xF81F, 0xF81F, 0xF81F, 0xF81F, 0xF81F, 0xF81F, 0xF81F, 0xF81F, 0xF81F, 0xF81F, 0xF81F, 0xF81F,
    0xF81F, 0xF81F, 0xF81F, 0xF81F, 0xF81F, 0xF81F, 0xF81F, 0xF81F, 0xF81F, 0xF81F, 0xF81F, 0xF81F,
    0xF81F, 0xF81F, 0xF81F, 0xF81F, 0xF81F, 0xF81F, 0xF81F, 0xF81F, 0xF81F, 0xF81F, 0xF81F, 0xF81F,
    0xF81F, 0xF81F, 0xF81F, 0xF81F, 0xF81F, 0xF81F, 0xF81F, 0xF81F, 0xF81F, 0xF81F, 0xF81F, 0xF81F,
    0xF81F, 0xF81F, 0xF81F, 0xF81F, 0xF81F, 0xF81F, 0xF81F, 0xF81F, 0xF81F, 0xF81F, 0xF81F, 0xF81F,
    0xF81F, 0xF81F, 0xF81F, 0xF81F, 0xF81F, 0xF81F, 0xF81F, 0xF81F, 0xF81F, 0xF81F, 0xF81F, 0xF81F,
    0xF81F, 0xF81F, 0xF81F, 0xF81F, 0xF81F, 0xF81F, 0xF81F, 0xF81F, 0xF81F, 0xF81F, 0xF81F, 0xF81F,
    0xF81F, 0xF81F, 0xF81F, 0xF81F, 0xF81F, 0xF81F, 0xF81F, 0xF81F, 0xF81F, 0xF81F, 0xF81F, 0xF81F,
    0xF81F, 0xF81F, 0xF81F, 0xF81F, 0xF81F, 0xF81F, 0xF81F, 0xF81F, 0xF81F, 0xF81F, 0xF81F, 0xF81F,
    0xF81F, 0xF81F, 0xF81F, 0xF81F, 0xF81F, 0xF81F, 0xF81F, 0xF81F, 0xF81F, 0xF81F, 0xF81F, 0xF81F,
    0xF81F, 0xF81F, 0xF81F, 0xF81F, 0xF81F, 0xF81F, 0xF81F, 0xF81F, 0xF81F, 0xF81F, 0xF81F, 0xF81F,
    0xF81F, 0xF81F, 0xF81F, 0xF81F, 0xF81F, 0xF81F, 0xF81F, 0xF81F, 0xF81F, 0xF81F, 0xF81F, 0xF81F,
    0xF81F, 0xF81F, 0xF81F, 0xF81F, 0xF81F, 0xF81F, 0xF81F, 0xF81F, 0xF81F, 0xF81F, 0xF81F, 0xF81F,
    0xF81F, 0xF81F, 0xF81F, 0xF81F, 0xF81F, 0xF81F, 0xF81F, 0xF81F, 0xF81F, 0xF81F, 0xF81F, 0xF81F,
    0xF81F, 0xF81F, 0xF81F, 0xF81F, 0xF81F, 0xF81F, 0xF81F, 0xF81F, 0xF81F, 0xF81F, 0xF81F, 0xF81F,
    0xF81F, 0xF81F, 0xF81F, 0xF81F, 0xF81F, 0xF81F, 0xF81F, 0xF81F, 0xF81F, 0xF81F, 0xF81F, 0xF81F,
    0xF81F, 0xF81F, 0xF81F, 0xF81F, 0xF81F, 0xF81F, 0xF81F, 0xF81F, 0xF81F, 0xF81F, 0xF81F, 0xF81F,
    0xF81F, 0xF81F, 0xF81F, 0xF81F, 0xF81F, 0xF81F, 0xF81F, 0xF81F, 0xF81F, 0xF81F, 0xF81F, 0xF81F,
    0xF81F, 0xF81F, 0xF81F, 0xF81F, 0xF81F, 0xF81F, 0xF81F, 0xF81F, 0xF81F, 0xF81F, 0xF81F, 0xF81F,
    0xF81F, 0xF81F, 0xF81F, 0xF81F, 0xF81F, 0xF81F, 0xF81F, 0xF81F, 0xF81F, 0xF81F, 0xF81F, 0xF81F,
    0xF81F, 0xF81F, 0xF81F, 0xF81F, 0xF81F, 0xF81F, 0xF81F, 0xF81F, 0xF81F, 0xF81F, 0xF81F, 0xF81F,
    0xF81F, 0xF81F, 0xF81F, 0xF81F, 0xF81F, 0xF81F, 0xF81F, 0xF81F, 0xF81F, 0xF81F, 0xF81F, 0xF81F,
    0xF81F, 0xF81F, 0xF81F, 0xF81F, 0xF81F, 0xF81F, 0xF81F, 0xF81F, 0xF81F, 0xF81F, 0xF81F, 0xF81F,
    0xF81F, 0xF81F, 0xF81F, 0xF81F, 0xF81F, 0xF81F, 0xF81F, 0xF81F, 0xF81F, 0xF81F, 0xF81F, 0xF81F,
    0xF81F, 0xF81F, 0xF81F, 0xF81F, 0xF81F, 0xF81F, 0xF81F, 0xF81F, 0xF81F, 0xF81F, 0xF81F, 0xF81F,
    0xF81F, 0xF81F, 0xF81F, 0xF81F, 0xF81F, 0xF81F, 0xF81F, 0xF81F, 0xF81F, 0xF81F, 0xF81F, 0xF81F,
    0xF81F, 0xF81F, 0xF81F, 0xF81F, 0xF81F, 0xF81F, 0xF81F, 0xF81F, 0xF81F, 0xF81F, 0xF81F, 0xF81F,
    0xF81F, 0xF81F, 0xF81F, 0xF81F, 0xF81F, 0xF81F, 0xF81F, 0xF81F, 0xF81F, 0xF81F, 0xF81F, 0xF81F,
    0xF81F, 0xF81F, 0xF81F, 0xF81F, 0xF81F, 0xF81F, 0xF81F, 0xF81F, 0xF81F, 0xF81F, 0xF81F, 0xF81F,
    0xF81F, 0xF81F, 0xF81F, 0xF81F, 0xF81F, 0xF81F, 0xF81F, 0xF81F, 0xF81F, 0xF81F, 0xF81F, 0xF81F,
    0xF81F, 0xF81F, 0xF81F, 0xF81F, 0xF81F, 0xF81F, 0xF81F, 0xF81F, 0xF81F, 0xF81F, 0xF81F, 0xF81F,
    0xF81F, 0xF81F, 0xF81F, 0xF81F, 0xF81F, 0xF81F, 0xF81F, 0xF81F, 0xF81F, 0xF81F, 0xF81F, 0xF81F,
    0xF81F, 0xF81F, 0xF81F, 0xF81F, 0xF81F, 0xF81F, 0xF81F, 0xF81F, 0xF81F, 0xF81F, 0xF81F, 0xF81F,
    0xF81F, 0xF81F, 0xF81F, 0xF81F, 0xF81F, 0xF81F, 0xF81F, 0xF81F, 0xF81F, 0xF81F, 0xF81F, 0xF81F,
    0xF81F, 0xF81F, 0xF81F, 0xF81F, 0xF81F, 0xF81F, 0xF81F, 0xF81F, 0xF81F, 0xF81F, 0xF81F, 0xF81F,
    0xF81F, 0xF81F, 0xF81F, 0xF81F, 0xF81F, 0xF81F, 0xF81F, 0xF81F, 0xF81F, 0xF81F, 0xF81F, 0xF81F,
    0xF81F, 0xF81F, 0xF81F, 0xF81F, 0xF81F, 0xF81F, 0xF81F, 0xF81F, 0xF81F, 0xF81F, 0xF81F, 0xF81F,
    0xF81F, 0xF81F, 0xF81F, 0xF81F, 0xF81F, 0xF81F, 0xF81F, 0xF81F, 0xF81F, 0xF81F, 0xF81F, 0xF81F,
    0xF81F, 0xF81F, 0xF81F, 0xF81F, 0xF81F, 0xF81F, 0xF81F, 0xF81F, 0xF81F, 0xF81F, 0xF81F, 0xF81F,
    0xF81F, 0xF81F, 0xF81F, 0xF81F, 0xF81F, 0xF81F, 0xF81F, 0xF81F, 0xF81F, 0xF81F, 0xF81F, 0xF81F,
    0xF81F, 0xF81F, 0xF81F, 0xF81F, 0xF81F, 0xF81F, 0xF81F, 0xF81F, 0xF81F, 0xF81F, 0xF81F, 0xF81F,
    0xF81F, 0xF81F, 0xF81F, 0xF81F, 0xF81F, 0xF81F, 0xF81F, 0xF81F, 0xF81F, 0xF81F, 0xF81F, 0xF81F,
    0xF81F, 0xF81F, 0xF81F, 0xF81F, 0xF81F, 0xF81F, 0xF81F, 0xF81F, 0xF81F, 0xF81F, 0xF81F, 0xF81F,
    0xF81F, 0xF81F, 0xF81F, 0xF81F, 0xF81F, 0xF81F, 0xF81F, 0xF81F, 0xF81F, 0xF81F, 0xF81F, 0xF81F,
    0xF81F, 0xF81F, 0xF81F, 0xF81F, 0xF81F, 0xF81F, 0xF81F, 0xF81F, 0xF81F, 0xF81F, 0xF81F, 0xF81F,
    0xF81F, 0xF81F, 0xF81F, 0xF81F, 0xF81F, 0xF81F, 0xF81F, 0xF81F, 0xF81F, 0xF81F, 0xF81F, 0xF81F,
    0xF81F, 0xF81F, 0xF81F, 0xF81F, 0xF81F, 0xF81F, 0xF81F, 0xF81F, 0xF81F, 0xF81F, 0xF81F, 0xF81F,
    0xF81F, 0xF81F, 0xF81F, 0xF81F, 0xF81F, 0xF81F, 0xF81F, 0xF81F, 0xF81F, 0xF81F, 0xF81F, 0xF81F,
    0xF81F, 0xF81F, 0xF81F, 0xF81F, 0xF81F, 0xF81F, 0xF81F, 0xF81F, 0xF81F, 0xF81F, 0xF81F, 0xF81F,
    0xF81F, 0xF81F, 0xF81F, 0xF81F, 0xF81F, 0xF81F, 0xF81F, 0xF81F, 0xF81F, 0xF81F, 0xF81F, 0xF81F,
    0xF81F, 0xF81F, 0xF81F, 0xF81F, 0xF81F, 0xF81F, 0xF81F, 0xF81F, 0xF81F, 0xF81F, 0xF81F, 0xF81F,
    0xF81F, 0xF81F, 0xF81F, 0xF81F, 0xF81F, 0xF81F, 0xF81F, 0xF81F, 0xF81F, 0xF81F, 0xF81F, 0xF81F,
    0xF81F, 0xF81F, 0xF81F, 0xF81F, 0xF81F, 0xF81F, 0xF81F, 0xF81F, 0xF81F, 0xF81F, 0xF81F, 0xF81F,
    0xF81F, 0xF81F, 0xF81F, 0xF81F, 0xF81F, 0xF81F, 0xF81F, 0xF81F, 0xF81F, 0xF81F, 0xF81F, 0xF81F,
    0xF81F, 0xF81F, 0xF81F, 0xF81F, 0xF81F, 0xF81F, 0xF81F, 0xF81F, 0xF81F, 0xF81F, 0xF81F, 0xF81F,
    0xF81F, 0xF81F, 0xF81F, 0xF81F, 0xF81F, 0xF81F, 0xF81F, 0xF81F, 0xF81F, 0xF81F, 0xF81F, 0xF81F,
    0xF81F, 0xF81F, 0xF81F, 0xF81F, 0xF81F, 0xF81F, 0xF81F, 0xF81F, 0xF81F, 0xF81F, 0xF81F, 0xF81F,
    0xF81F, 0xF81F, 0xF81F, 0xF81F, 0xF81F, 0xF81F, 0xF81F, 0xF81F, 0xF81F, 0xF81F, 0xF81F, 0xF81F,
    0xF81F, 0xF81F, 0xF81F, 0xF81F, 0xF81F, 0xF81F, 0xF81F, 0xF81F, 0xF81F, 0xF81F, 0xF81F, 0xF81F,
    0xF81F, 0xF81F, 0xF81F, 0xF81F, 0xF81F, 0xF81F, 0xF81F, 0xF81F, 0xF81F, 0xF81F, 0xF81F, 0xF81F,
    0xF81F, 0xF81F, 0xF81F, 0xF81F, 0xF81F, 0xF81F, 0xF81F, 0xF81F, 0xF81F, 0xF81F, 0xF81F, 0xF81F,
    0xF81F, 0xF81F, 0xF81F, 0xF81F, 0xF81F, 0xF81F, 0xF81F, 0xF81F, 0xF81F, 0xF81F, 0xF81F, 0xF81F,
    0xF81F, 0xF81F, 0xF81F, 0xF81F, 0xF81F, 0xF81F, 0xF81F, 0xF81F, 0xF81F, 0xF81F, 0xF81F, 0xF81F,
    0xF81F, 0xF81F, 0xF81F, 0xF81F, 0xF81F, 0xF81F, 0xF81F, 0xF81F, 0xF81F, 0xF81F, 0xF81F, 0xF81F,
    0xF81F, 0xF81F, 0xF81F, 0xF81F, 0xF81F, 0xF81F, 0xF81F, 0xF81F, 0xF81F, 0xF81F, 0xF81F, 0xF81F,
    0xF81F, 0xF81F, 0xF81F, 0xF81F, 0xF81F, 0xF81F, 0xF81F, 0xF81F, 0xF81F, 0xF81F, 0xF81F, 0xF81F,
    0xF81F, 0xF81F, 0xF81F, 0xF81F, 0xF81F, 0xF81F, 0xF81F, 0xF81F, 0xF81F, 0xF81F, 0xF81F, 0xF81F,
    0xF81F, 0xF81F, 0xF81F, 0xF81F, 0xF81F, 0xF81F, 0xF81F, 0xF81F, 0xF81F, 0xF81F, 0xF81F, 0xF81F,
    0xF81F, 0xF81F, 0xF81F, 0xF81F, 0xF81F, 0xF81F, 0xF81F, 0xF81F, 0xF81F, 0xF81F, 0xF81F, 0xF81F,
    0xF81F, 0xF81F, 0xF81F, 0xF81F, 0xF81F, 0xF81F, 0xF81F, 0xF81F, 0xF81F, 0xF81F, 0xF81F, 0xF81F,
    0xF81F, 0xF81F, 0xF81F, 0xF81F, 0xF81F, 0xF81F, 0xF81F, 0xF81F, 0xF81F, 0xF81F, 0xF81F, 0xF81F,
    0xF81F, 0xF81F, 0xF81F, 0xF81F, 0xF81F, 0xF81F, 0xF81F, 0xF81F, 0xF81F, 0xF81F, 0xF81F, 0xF81F,
    0xF81F, 0xF81F, 0xF81F, 0xF81F, 0xF81F, 0xF81F, 0xF81F, 0xF81F, 0xF81F, 0xF81F, 0xF81F, 0xF81F,
    0xF81F, 0xF81F, 0xF81F, 0xF81F, 0xF81F, 0xF81F, 0xF81F, 0xF81F, 0xF81F, 0xF81F, 0xF81F, 0xF81F,
    0xF81F, 0xF81F, 0xF81F, 0xF81F, 0xF81F, 0xF81F, 0xF81F, 0xF81F, 0xF81F, 0xF81F, 0xF81F, 0xF81F,
    0xF81F, 0xF81F, 0xF81F, 0xF81F, 0xF81F, 0xF81F, 0xF81F, 0xF81F, 0xF81F, 0xF81F, 0xF81F, 0xF81F,
    0xF81F, 0xF81F, 0xF81F, 0xF81F, 0xF81F, 0xF81F, 0xF81F, 0xF81F, 0xF81F, 0xF81F, 0xF81F, 0xF81F,
    0xF81F, 0xF81F, 0xF81F, 0xF81F, 0xF81F, 0xF81F, 0xF81F, 0xF81F, 0xF81F, 0xF81F, 0xF81F, 0xF81F,
    0xF81F, 0xF81F, 0xF81F, 0xF81F, 0xF81F, 0xF81F, 0xF81F, 0xF81F, 0xF81F, 0xF81F, 0xF81F, 0xF81F,
    0xF81F, 0xF81F, 0xF81F, 0xF81F, 0xF81F, 0xF81F, 0xF81F, 0xF81F, 0xF81F, 0xF81F, 0xF81F, 0xF81F,
    0xF81F, 0xF81F, 0xF81F, 0xF81F, 0xF81F, 0xF81F, 0xF81F, 0xF81F, 0xF81F, 0xF81F, 0xF81F, 0xF81F,
    0xF81F, 0xF81F, 0xF81F, 0xF81F, 0xF81F, 0xF81F, 0xF81F, 0xF81F, 0xF81F, 0xF81F, 0xF81F, 0xF81F,
    0xF81F, 0xF81F, 0xF81F, 0xF81F, 0xF81F, 0xF81F, 0xF81F, 0xF81F, 0xF81F, 0xF81F, 0xF81F, 0xF81F,
    0xF81F, 0xF81F, 0xF81F, 0xF81F, 0xF81F, 0xF81F, 0xF81F, 0xF81F, 0xF81F, 0xF81F, 0xF81F, 0xF81F,
    0xF81F, 0xF81F, 0xF81F, 0xF81F, 0xF81F, 0xF81F, 0xF81F, 0xF81F, 0xF81F, 0xF81F, 0xF81F, 0xF81F,
};

const uint16_t fish_4[9216] PROGMEM = {
    0xF81F, 0xF81F, 0xF81F, 0xF81F, 0xF81F, 0xF81F, 0xF81F, 0xF81F, 0xF81F, 0xF81F, 0xF81F, 0xF81F,
    0xF81F, 0xF81F, 0xF81F, 0xF81F, 0xF81F, 0xF81F, 0xF81F, 0xF81F, 0xF81F, 0xF81F, 0xF81F, 0xF81F,
    0xF81F, 0xF81F, 0xF81F, 0xF81F, 0xF81F, 0xF81F, 0xF81F, 0xF81F, 0xF81F, 0xF81F, 0xF81F, 0xF81F,
    0xF81F, 0xF81F, 0xF81F, 0xF81F, 0xF81F, 0xF81F, 0xF81F, 0xF81F, 0xF81F, 0xF81F, 0xF81F, 0xF81F,
    0xF81F, 0xF81F, 0xF81F, 0xF81F, 0xF81F, 0xF81F, 0xF81F, 0xF81F, 0xF81F, 0xF81F, 0xF81F, 0xF81F,
    0xF81F, 0xF81F, 0xF81F, 0xF81F, 0xF81F, 0xF81F, 0xF81F, 0xF81F, 0xF81F, 0xF81F, 0xF81F, 0xF81F,
    0xF81F, 0xF81F, 0xF81F, 0xF81F, 0xF81F, 0xF81F, 0xF81F, 0xF81F, 0xF81F, 0xF81F, 0xF81F, 0xF81F,
    0xF81F, 0xF81F, 0xF81F, 0xF81F, 0xF81F, 0xF81F, 0xF81F, 0xF81F, 0xF81F, 0xF81F, 0xF81F, 0xF81F,
    0xF81F, 0xF81F, 0xF81F, 0xF81F, 0xF81F, 0xF81F, 0xF81F, 0xF81F, 0xF81F, 0xF81F, 0xF81F, 0xF81F,
    0xF81F, 0xF81F, 0xF81F, 0xF81F, 0xF81F, 0xF81F, 0xF81F, 0xF81F, 0xF81F, 0xF81F, 0xF81F, 0xF81F,
    0xF81F, 0xF81F, 0xF81F, 0xF81F, 0xF81F, 0xF81F, 0xF81F, 0xF81F, 0xF81F, 0xF81F, 0xF81F, 0xF81F,
    0xF81F, 0xF81F, 0xF81F, 0xF81F, 0xF81F, 0xF81F, 0xF81F, 0xF81F, 0xF81F, 0xF81F, 0xF81F, 0xF81F,
    0xF81F, 0xF81F, 0xF81F, 0xF81F, 0xF81F, 0xF81F, 0xF81F, 0xF81F, 0xF81F, 0xF81F, 0xF81F, 0xF81F,
    0xF81F, 0xF81F, 0xF81F, 0xF81F, 0xF81F, 0xF81F, 0xF81F, 0xF81F, 0xF81F, 0xF81F, 0xF81F, 0xF81F,
    0xF81F, 0xF81F, 0xF81F, 0xF81F, 0xF81F, 0xF81F, 0xF81F, 0xF81F, 0xF81F, 0xF81F, 0xF81F, 0xF81F,
    0xF81F, 0xF81F, 0xF81F, 0xF81F, 0xF81F, 0xF81F, 0xF81F, 0xF81F, 0xF81F, 0xF81F, 0xF81F, 0xF81F,
    0xF81F, 0xF81F, 0xF81F, 0xF81F, 0xF81F, 0xF81F, 0xF81F, 0xF81F, 0xF81F, 0xF81F, 0xF81F, 0xF81F,
    0xF81F, 0xF81F, 0xF81F, 0xF81F, 0xF81F, 0xF81F, 0xF81F, 0xF81F, 0xF81F, 0xF81F, 0xF81F, 0xF81F,
    0xF81F, 0xF81F, 0xF81F, 0xF81F, 0xF81F, 0xF81F, 0xF81F, 0xF81F, 0xF81F, 0xF81F, 0xF81F, 0xF81F,
    0xF81F, 0xF81F, 0xF81F, 0xF81F, 0xF81F, 0xF81F, 0xF81F, 0xF81F, 0xF81F, 0xF81F, 0xF81F, 0xF81F,
    0xF81F, 0xF81F, 0xF81F, 0xF81F, 0xF81F, 0xF81F, 0xF81F, 0xF81F, 0xF81F, 0xF81F, 0xF81F, 0xF81F,
    0xF81F, 0xF81F, 0xF81F, 0xF81F, 0xF81F, 0xF81F, 0xF81F, 0xF81F, 0xF81F, 0xF81F, 0xF81F, 0xF81F,
    0xF81F, 0xF81F, 0xF81F, 0xF81F, 0xF81F, 0xF81F, 0xF81F, 0xF81F, 0xF81F, 0xF81F, 0xF81F, 0xF81F,
    0xF81F, 0xF81F, 0xF81F, 0xF81F, 0xF81F, 0xF81F, 0xF81F, 0xF81F, 0xF81F, 0xF81F, 0xF81F, 0xF81F,
    0xF81F, 0xF81F, 0xF81F, 0xF81F, 0xF81F, 0xF81F, 0xF81F, 0xF81F, 0xF81F, 0xF81F, 0xF81F, 0xF81F,
    0xF81F, 0xF81F, 0xF81F, 0xF81F, 0xF81F, 0xF81F, 0xF81F, 0xF81F, 0xF81F, 0xF81F, 0xF81F, 0xF81F,
    0xF81F, 0xF81F, 0xF81F, 0xF81F, 0xF81F, 0xF81F, 0xF81F, 0xF81F, 0xF81F, 0xF81F, 0xF81F, 0xF81F,
    0xF81F, 0xF81F, 0xF81F, 0xF81F, 0xF81F, 0xF81F, 0xF81F, 0xF81F, 0xF81F, 0xF81F, 0xF81F, 0xF81F,
    0xF81F, 0xF81F, 0xF81F, 0xF81F, 0xF81F, 0xF81F, 0xF81F, 0xF81F, 0xF81F, 0xF81F, 0xF81F, 0xF81F,
    0xF81F, 0xF81F, 0xF81F, 0xF81F, 0xF81F, 0xF81F, 0xF81F, 0xF81F, 0xF81F, 0xF81F, 0xF81F, 0xF81F,
    0xF81F, 0xF81F, 0xF81F, 0xF81F, 0xF81F, 0xF81F, 0xF81F, 0xF81F, 0xF81F, 0xF81F, 0xF81F, 0xF81F,
    0xF81F, 0xF81F, 0xF81F, 0xF81F, 0xF81F, 0xF81F, 0xF81F, 0xF81F, 0xF81F, 0xF81F, 0xF81F, 0xF81F,
    0xF81F, 0xF81F, 0xF81F, 0xF81F, 0xF81F, 0xF81F, 0xF81F, 0xF81F, 0xF81F, 0xF81F, 0xF81F, 0xF81F,
    0xF81F, 0xF81F, 0xF81F, 0xF81F, 0xF81F, 0xF81F, 0xF81F, 0xF81F, 0xF81F, 0xF81F, 0xF81F, 0xF81F,
    0xF81F, 0xF81F, 0xF81F, 0xF81F, 0xF81F, 0xF81F, 0xF81F, 0xF81F, 0xF81F, 0xF81F, 0xF81F, 0xF81F,
    0xF81F, 0xF81F, 0xF81F, 0xF81F, 0xF81F, 0xF81F, 0xF81F, 0xF81F, 0xF81F, 0xF81F, 0xF81F, 0xF81F,
    0xF81F, 0xF81F, 0xF81F, 0xF81F, 0xF81F, 0xF81F, 0xF81F, 0xF81F, 0xF81F, 0xF81F, 0xF81F, 0xF81F,
    0xF81F, 0xF81F, 0xF81F, 0xF81F, 0xF81F, 0xF81F, 0xF81F, 0xF81F, 0xF81F, 0xF81F, 0xF81F, 0xF81F,
    0xF81F, 0xF81F, 0xF81F, 0xF81F, 0xF81F, 0xF81F, 0xF81F, 0xF81F, 0xF81F, 0xF81F, 0xF81F, 0xF81F,
    0xF81F, 0xF81F, 0xF81F, 0xF81F, 0xF81F, 0xF81F, 0xF81F, 0xF81F, 0xF81F, 0xF81F, 0xF81F, 0xF81F,
    0xF81F, 0xF81F, 0xF81F, 0xF81F, 0xF81F, 0xF81F, 0xF81F, 0xF81F, 0xF81F, 0xF81F, 0xF81F, 0xF81F,
    0xF81F, 0xF81F, 0xF81F, 0xF81F, 0xF81F, 0xF81F, 0xF81F, 0xF81F, 0xF81F, 0xF81F, 0xF81F, 0xF81F,
    0xF81F, 0xF81F, 0xF81F, 0xF81F, 0xF81F, 0xF81F, 0xF81F, 0xF81F, 0xF81F, 0xF81F, 0xF81F, 0xF81F,
    0xF81F, 0xF81F, 0xF81F, 0xF81F, 0xF81F, 0xF81F, 0xF81F, 0xF81F, 0xF81F, 0xF81F, 0xF81F, 0xF81F,
    0xF81F, 0xF81F, 0xF81F, 0xF81F, 0xF81F, 0xF81F, 0xF81F, 0xF81F, 0xF81F, 0xF81F, 0xF81F, 0xF81F,
    0xF81F, 0xF81F, 0xF81F, 0xF81F, 0xF81F, 0xF81F, 0xF81F, 0xF81F, 0xF81F, 0xF81F, 0xF81F, 0xF81F,
    0xF81F, 0xF81F, 0xF81F, 0xF81F, 0xF81F, 0xF81F, 0xF81F, 0xF81F, 0xF81F, 0xF81F, 0xF81F, 0xF81F,
    0xF81F, 0xF81F, 0xF81F, 0xF81F, 0xF81F, 0xF81F, 0xF81F, 0xF81F, 0xF81F, 0xF81F, 0xF81F, 0xF81F,
    0xF81F, 0xF81F, 0xF81F, 0xF81F, 0xF81F, 0xF81F, 0xF81F, 0xF81F, 0xF81F, 0xF81F, 0xF81F, 0xF81F,
    0xF81F, 0xF81F, 0xF81F, 0xF81F, 0xF81F, 0xF81F, 0xF81F, 0xF81F, 0xF81F, 0xF81F, 0xF81F, 0xF81F,
    0xF81F, 0xF81F, 0xF81F, 0xF81F, 0xF81F, 0xF81F, 0xF81F, 0xF81F, 0xF81F, 0xF81F, 0xF81F, 0xF81F,
    0xF81F, 0xF81F, 0xF81F, 0xF81F, 0xF81F, 0xF81F, 0xF81F, 0xF81F, 0xF81F, 0xF81F, 0xF81F, 0xF81F,
    0xF81F, 0xF81F, 0xF81F, 0xF81F, 0xF81F, 0xF81F, 0xF81F, 0xF81F, 0xF81F, 0xF81F, 0xF81F, 0xF81F,
    0xF81F, 0xF81F, 0xF81F, 0xF81F, 0xF81F, 0xF81F, 0xF81F, 0xF81F, 0xF81F, 0xF81F, 0xF81F, 0xF81F,
    0xF81F, 0xF81F, 0xF81F, 0xF81F, 0xF81F, 0xF81F, 0xF81F, 0xF81F, 0xF81F, 0xF81F, 0xF81F, 0xF81F,
    0xF81F, 0xF81F, 0xF81F, 0xF81F, 0xF81F, 0xF81F, 0xF81F, 0xF81F, 0xF81F, 0xF81F, 0xF81F, 0xF81F,
    0xF81F, 0xF81F, 0xF81F, 0xF81F, 0xF81F, 0xF81F, 0xF81F, 0xF81F, 0xF81F, 0xF81F, 0xF81F, 0xF81F,
    0xF81F, 0xF81F, 0xF81F, 0xF81F, 0xF81F, 0xF81F, 0xF81F, 0xF81F, 0xF81F, 0xF81F, 0xF81F, 0xF81F,
    0xF81F, 0xF81F, 0xF81F, 0xF81F, 0xF81F, 0xF81F, 0xF81F, 0xF81F, 0xF81F, 0xF81F, 0xF81F, 0xF81F,
    0xF81F, 0xF81F, 0xF81F, 0xF81F, 0xF81F, 0xF81F, 0xF81F, 0xF81F, 0xF81F, 0xF81F, 0xF81F, 0xF81F,
    0xF81F, 0xF81F, 0xF81F, 0xF81F, 0xF81F, 0xF81F, 0xF81F, 0xF81F, 0xF81F, 0xF81F, 0xF81F, 0xF81F,
    0xF81F, 0xF81F, 0xF81F, 0xF81F, 0xF81F, 0xF81F, 0xF81F, 0xF81F, 0xF81F, 0xF81F, 0xF81F, 0xF81F,
    0xF81F, 0xF81F, 0xF81F, 0xF81F, 0xF81F, 0xF81F, 0xF81F, 0xF81F, 0xF81F, 0xF81F, 0xF81F, 0xF81F,
    0xF81F, 0xF81F, 0xF81F, 0xF81F, 0xF81F, 0xF81F, 0xF81F, 0xF81F, 0xF81F, 0xF81F, 0xF81F, 0xF81F,
    0xF81F, 0xF81F, 0xF81F, 0xF81F, 0xF81F, 0xF81F, 0xF81F, 0xF81F, 0xF81F, 0xF81F, 0xF81F, 0xF81F,
    0xF81F, 0xF81F, 0xF81F, 0xF81F, 0xF81F, 0xF81F, 0xF81F, 0xF81F, 0xF81F, 0xF81F, 0xF81F, 0xF81F,
    0xF81F, 0xF81F, 0xF81F, 0xF81F, 0xF81F, 0xF81F, 0xF81F, 0xF81F, 0xF81F, 0xF81F, 0xF81F, 0xF81F,
    0xF81F, 0xF81F, 0xF81F, 0xF81F, 0xF81F, 0xF81F, 0xF81F, 0xF81F, 0xF81F, 0xF81F, 0xF81F, 0xF81F,
    0xF81F, 0xF81F, 0xF81F, 0xF81F, 0xF81F, 0xF81F, 0xF81F, 0xF81F, 0xF81F, 0xF81F, 0xF81F, 0xF81F,
    0xF81F, 0xF81F, 0xF81F, 0xF81F, 0xF81F, 0xF81F, 0xF81F, 0xF81F, 0xF81F, 0xF81F, 0xF81F, 0xF81F,
    0xF81F, 0xF81F, 0xF81F, 0xF81F, 0xF81F, 0xF81F, 0xF81F, 0xF81F, 0xF81F, 0xF81F, 0xF81F, 0xF81F,
    0xF81F, 0xF81F, 0xF81F, 0xF81F, 0xF81F, 0xF81F, 0xF81F, 0xF81F, 0xF81F, 0xF81F, 0xF81F, 0xF81F,
    0xF81F, 0xF81F, 0xF81F, 0xF81F, 0xF81F, 0xF81F, 0xF81F, 0xF81F, 0xF81F, 0xF81F, 0xF81F, 0xF81F,
    0xF81F, 0xF81F, 0xF81F, 0xF81F, 0xF81F, 0xF81F, 0xF81F, 0xF81F, 0xF81F, 0xF81F, 0xF81F, 0xF81F,
    0xF81F, 0xF81F, 0xF81F, 0xF81F, 0xF81F, 0xF81F, 0xF81F, 0xF81F, 0xF81F, 0xF81F, 0xF81F, 0xF81F,
    0xF81F, 0xF81F, 0xF81F, 0xF81F, 0xF81F, 0xF81F, 0xF81F, 0xF81F, 0xF81F, 0xF81F, 0xF81F, 0xF81F,
    0xF81F, 0xF81F, 0xF81F, 0xF81F, 0xF81F, 0xF81F, 0xF81F, 0xF81F, 0xF81F, 0xF81F, 0xF81F, 0xF81F,
    0xF81F, 0xF81F, 0xF81F, 0xF81F, 0xF81F, 0xF81F, 0xF81F, 0xF81F, 0xF81F, 0xF81F, 0xF81F, 0xF81F,
    0xF81F, 0xF81F, 0xF81F, 0xF81F, 0xF81F, 0xF81F, 0xF81F, 0xF81F, 0xF81F, 0xF81F, 0xF81F, 0xF81F,
    0xF81F, 0xF81F, 0xF81F, 0xF81F, 0xF81F, 0xF81F, 0xF81F, 0xF81F, 0xF81F, 0xF81F, 0xF81F, 0xF81F,
    0xF81F, 0xF81F, 0xF81F, 0xF81F, 0xF81F, 0xF81F, 0xF81F, 0xF81F, 0xF81F, 0xF81F, 0xF81F, 0xF81F,
    0xF81F, 0xF81F, 0xF81F, 0xF81F, 0xF81F, 0xF81F, 0xF81F, 0xF81F, 0xF81F, 0xF81F, 0xF81F, 0xF81F,
    0xF81F, 0xF81F, 0xF81F, 0xF81F, 0xF81F, 0xF81F, 0xF81F, 0xF81F, 0xF81F, 0xF81F, 0xF81F, 0xF81F,
    0xF81F, 0xF81F, 0xF81F, 0xF81F, 0xF81F, 0xF81F, 0xF81F, 0xF81F, 0xF81F, 0xF81F, 0xF81F, 0xF81F,
    0xF81F, 0xF81F, 0xF81F, 0xF81F, 0xF81F, 0xF81F, 0xF81F, 0xF81F, 0xF81F, 0xF81F, 0xF81F, 0xF81F,
    0xF81F, 0xF81F, 0xF81F, 0xF81F, 0xF81F, 0xF81F, 0xF81F, 0xF81F, 0xF81F, 0xF81F, 0xF81F, 0xF81F,
    0xF81F, 0xF81F, 0xF81F, 0xF81F, 0xF81F, 0xF81F, 0xF81F, 0xF81F, 0xF81F, 0xF81F, 0xF81F, 0xF81F,
    0xF81F, 0xF81F, 0xF81F, 0xF81F, 0xF81F, 0xF81F, 0xF81F, 0xF81F, 0xF81F, 0xF81F, 0xF81F, 0xF81F,
    0xF81F, 0xF81F, 0xF81F, 0xF81F, 0xF81F, 0xF81F, 0xF81F, 0xF81F, 0xF81F, 0xF81F, 0xF81F, 0xF81F,
    0xF81F, 0xF81F, 0xF81F, 0xF81F, 0xF81F, 0xF81F, 0xF81F, 0xF81F, 0xF81F, 0xF81F, 0xF81F, 0xF81F,
    0xF81F, 0xF81F, 0xF81F, 0xF81F, 0xF81F, 0xF81F, 0xF81F, 0xF81F, 0xF81F, 0xF81F, 0xF81F, 0xF81F,
    0xF81F, 0xF81F, 0xF81F, 0xF81F, 0xF81F, 0xF81F, 0xF81F, 0xF81F, 0xF81F, 0xF81F, 0xF81F, 0xF81F,
    0xF81F, 0xF81F, 0xF81F, 0xF81F, 0xF81F, 0xF81F, 0xF81F, 0xF81F, 0xF81F, 0xF81F, 0xF81F, 0xF81F,
    0xF81F, 0xF81F, 0xF81F, 0xF81F, 0xF81F, 0xF81F, 0xF81F, 0xF81F, 0xF81F, 0xF81F, 0xF81F, 0xF81F,
    0xF81F, 0xF81F, 0xF81F, 0xF81F, 0xF81F, 0xF81F, 0xF81F, 0xF81F, 0xF81F, 0xF81F, 0xF81F, 0xF81F,
    0xF81F, 0xF81F, 0xF81F, 0xF81F, 0xF81F, 0xF81F, 0xF81F, 0xF81F, 0xF81F, 0xF81F, 0xF81F, 0xF81F,
    0xF81F, 0xF81F, 0xF81F, 0xF81F, 0xF81F, 0xF81F, 0xF81F, 0xF81F, 0xF81F, 0xF81F, 0xF81F, 0xF81F,
    0xF81F, 0xF81F, 0xF81F, 0xF81F, 0xF81F, 0xF81F, 0xF81F, 0xF81F, 0xF81F, 0xF81F, 0xF81F, 0xF81F,
    0xF81F, 0xF81F, 0xF81F, 0xF81F, 0xF81F, 0xF81F, 0xF81F, 0xF81F, 0xF81F, 0xF81F, 0xF81F, 0xF81F,
    0xF81F, 0xF81F, 0xF81F, 0xF81F, 0xF81F, 0xF81F, 0xF81F, 0xF81F, 0xF81F, 0xF81F, 0xF81F, 0xF81F,
    0xF81F, 0xF81F, 0xF81F, 0xF81F, 0xF81F, 0xF81F, 0xF81F, 0xF81F, 0xF81F, 0xF81F, 0xF81F, 0xF81F,
    0xF81F, 0xF81F, 0xF81F, 0xF81F, 0xF81F, 0xF81F, 0xF81F, 0xF81F, 0xF81F, 0xF81F, 0xF81F, 0xF81F,
    0xF81F, 0xF81F, 0xF81F, 0xF81F, 0xF81F, 0xF81F, 0xF81F, 0xF81F, 0xF81F, 0xF81F, 0xF81F, 0xF81F,
    0xF81F, 0xF81F, 0xF81F, 0xF81F, 0xF81F, 0xF81F, 0xF81F, 0xF81F, 0xF81F, 0xF81F, 0xF81F, 0xF81F,
    0xF81F, 0xF81F, 0xF81F, 0xF81F, 0xF81F, 0xF81F, 0xF81F, 0xF81F, 0xF81F, 0xF81F, 0xF81F, 0xF81F,
    0xF81F, 0xF81F, 0xF81F, 0xF81F, 0xF81F, 0xF81F, 0xF81F, 0xF81F, 0xF81F, 0xF81F, 0xF81F, 0xF81F,
    0xF81F, 0xF81F, 0xF81F, 0xF81F, 0xF81F, 0xF81F, 0xF81F, 0xF81F, 0xF81F, 0xF81F, 0xF81F, 0xF81F,
    0xF81F, 0xF81F, 0xF81F, 0xF81F, 0xF81F, 0xF81F, 0xF81F, 0xF81F, 0xF81F, 0xF81F, 0xF81F, 0xF81F,
    0xF81F, 0xF81F, 0xF81F, 0xF81F, 0xF81F, 0xF81F, 0xF81F, 0xF81F, 0xF81F, 0xF81F, 0xF81F, 0xF81F,
    0xF81F, 0xF81F, 0xF81F, 0xF81F, 0xF81F, 0xF81F, 0xF81F, 0xF81F, 0xF81F, 0xF81F, 0xF81F, 0xF81F,
    0xF81F, 0xF81F, 0xF81F, 0xF81F, 0xF81F, 0xF81F, 0xF81F, 0xF81F, 0xF81F, 0xF81F, 0xF81F, 0xF81F,
    0xF81F, 0xF81F, 0xF81F, 0xF81F, 0xF81F, 0xF81F, 0xF81F, 0xF81F, 0xF81F, 0xF81F, 0xF81F, 0xF81F,
    0xF81F, 0xF81F, 0xF81F, 0xF81F, 0xF81F, 0xF81F, 0xF81F, 0xF81F, 0xF81F, 0xF81F, 0xF81F, 0xF81F,
    0xF81F, 0xF81F, 0xF81F, 0xF81F, 0xF81F, 0xF81F, 0xF81F, 0xF81F, 0xF81F, 0xF81F, 0xF81F, 0xF81F,
    0xF81F, 0xF81F, 0xF81F, 0xF81F, 0xF81F, 0xF81F, 0xF81F, 0xF81F, 0xF81F, 0xF81F, 0xF81F, 0xF81F,
    0xF81F, 0xF81F, 0xF81F, 0xF81F, 0xF81F, 0xF81F, 0xF81F, 0xF81F, 0xF81F, 0xF81F, 0xF81F, 0xF81F,
    0xF81F, 0xF81F, 0xF81F, 0xF81F, 0xF81F, 0xF81F, 0xF81F, 0xF81F, 0xF81F, 0xF81F, 0xF81F, 0xF81F,
    0xF81F, 0xF81F, 0xF81F, 0xF81F, 0xF81F, 0xF81F, 0xF81F, 0xF81F, 0xF81F, 0xF81F, 0xF81F, 0xF81F,
    0xF81F, 0xF81F, 0xF81F, 0xF81F, 0xF81F, 0xF81F, 0xF81F, 0xF81F, 0xF81F, 0xF81F, 0xF81F, 0xF81F,
    0xF81F, 0xF81F, 0xF81F, 0xF81F, 0xF81F, 0xF81F, 0xF81F, 0xF81F, 0xF81F, 0xF81F, 0xF81F, 0xF81F,
    0xF81F, 0xF81F, 0xF81F, 0xF81F, 0xF81F, 0xF81F, 0xF81F, 0xF81F, 0xF81F, 0xF81F, 0xF81F, 0xF81F,
    0xF81F, 0xF81F, 0xF81F, 0xF81F, 0xF81F, 0xF81F, 0xF81F, 0xF81F, 0xF81F, 0xF81F, 0xF81F, 0xF81F,
    0xF81F, 0xF81F, 0xF81F, 0xF81F, 0xF81F, 0xF81F, 0xF81F, 0xF81F, 0xF81F, 0xF81F, 0xF81F, 0xF81F,
    0xF81F, 0xF81F, 0xF81F, 0xF81F, 0xF81F, 0xF81F, 0xF81F, 0xF81F, 0xF81F, 0xF81F, 0xF81F, 0xF81F,
    0xF81F, 0xF81F, 0xF81F, 0xF81F, 0xF81F, 0xF81F, 0xF81F, 0xF81F, 0xF81F, 0xF81F, 0xF81F, 0xF81F,
    0xF81F, 0xF81F, 0xF81F, 0xF81F, 0xF81F, 0xF81F, 0xF81F, 0xF81F, 0xF81F, 0xF81F, 0xF81F, 0xF81F,
    0xF81F, 0xF81F, 0xF81F, 0xF81F, 0xF81F, 0xF81F, 0xF81F, 0xF81F, 0xF81F, 0xF81F, 0xF81F, 0xF81F,
    0xF81F, 0xF81F, 0xF81F, 0xF81F, 0xF81F, 0xF81F, 0xF81F, 0xF81F, 0xF81F, 0xF81F, 0xF81F, 0xF81F,
    0xF81F, 0xF81F, 0xF81F, 0xF81F, 0xF81F, 0xF81F, 0xF81F, 0xF81F, 0xF81F, 0xF81F, 0xF81F, 0xF81F,
    0xF81F, 0xF81F, 0xF81F, 0xF81F, 0xF81F, 0xF81F, 0xF81F, 0xF81F, 0xF81F, 0xF81F, 0xF81F, 0xF81F,
    0xF81F, 0xF81F, 0xF81F, 0xF81F, 0xF81F, 0xF81F, 0xF81F, 0xF81F, 0xF81F, 0xF81F, 0xF81F, 0xF81F,
    0xF81F, 0xF81F, 0xF81F, 0xF81F, 0xF81F, 0xF81F, 0xF81F, 0xF81F, 0xF81F, 0xF81F, 0xF81F, 0xF81F,
    0xF81F, 0xF81F, 0xF81F, 0xF81F, 0xF81F, 0xF81F, 0xF81F, 0xF81F, 0xF81F, 0xF81F, 0xF81F, 0xF81F,
    0xF81F, 0xF81F, 0xF81F, 0xF81F, 0xF81F, 0xF81F, 0xF81F, 0xF81F, 0xF81F, 0xF81F, 0xF81F, 0xF81F,
    0xF81F, 0xF81F, 0xF81F, 0xF81F, 0xF81F, 0xF81F, 0xF81F, 0xF81F, 0xF81F, 0xF81F, 0xF81F, 0xF81F,
    0xF81F, 0xF81F, 0xF81F, 0xF81F, 0xF81F, 0xF81F, 0xF81F, 0xF81F, 0xF81F, 0xF81F, 0xF81F, 0xF81F,
    0xF81F, 0xF81F, 0xF81F, 0xF81F, 0xF81F, 0xF81F, 0xF81F, 0xF81F, 0xF81F, 0xF81F, 0xF81F, 0xF81F,
    0xF81F, 0xF81F, 0xF81F, 0xF81F, 0xF81F, 0xF81F, 0xF81F, 0xF81F, 0xF81F, 0xF81F, 0xF81F, 0xF81F,
    0xF81F, 0xF81F, 0xF81F, 0xF81F, 0xF81F, 0xF81F, 0xF81F, 0xF81F, 0xF81F, 0xF81F, 0xF81F, 0xF81F,
    0xF81F, 0xF81F, 0xF81F, 0xF81F, 0xF81F, 0xF81F, 0xF81F, 0xF81F, 0xF81F, 0xF81F, 0xF81F, 0xF81F,
    0xF81F, 0xF81F, 0xF81F, 0xF81F, 0xF81F, 0xF81F, 0xF81F, 0xF81F, 0xF81F, 0xF81F, 0xF81F, 0xF81F,
    0xF81F, 0xF81F, 0xF81F, 0xF81F, 0xF81F, 0xF81F, 0xF81F, 0xF81F, 0xF81F, 0xF81F, 0xF81F, 0xF81F,
    0xF81F, 0xF81F, 0xF81F, 0xF81F, 0xF81F, 0xF81F, 0xF81F, 0xF81F, 0xF81F, 0xF81F, 0xF81F, 0xF81F,
    0xF81F, 0xF81F, 0xF81F, 0xF81F, 0xF81F, 0xF81F, 0xF81F, 0xF81F, 0xF81F, 0xF81F, 0xF81F, 0xF81F,
    0xF81F, 0xF81F, 0xF81F, 0xF81F, 0xF81F, 0xF81F, 0xF81F, 0xF81F, 0xF81F, 0xF81F, 0xF81F, 0xF81F,
    0xF81F, 0xF81F, 0xF81F, 0xF81F, 0xF81F, 0xF81F, 0xF81F, 0xF81F, 0xF81F, 0xF81F, 0xF81F, 0xF81F,
    0xF81F, 0xF81F, 0xF81F, 0xF81F, 0xF81F, 0xF81F, 0xF81F, 0xF81F, 0xF81F, 0xF81F, 0xF81F, 0xF81F,
    0xF81F, 0xF81F, 0xF81F, 0xF81F, 0xF81F, 0xF81F, 0xF81F, 0xF81F, 0xF81F, 0xF81F, 0xF81F, 0xF81F,
    0xF81F, 0xF81F, 0xF81F, 0xF81F, 0xF81F, 0xF81F, 0xF81F, 0xF81F, 0xF81F, 0xF81F, 0xF81F, 0xF81F,
    0xF81F, 0xF81F, 0xF81F, 0xF81F, 0xF81F, 0xF81F, 0xF81F, 0xF81F, 0xF81F, 0xF81F, 0xF81F, 0xF81F,
    0xF81F, 0xF81F, 0xF81F, 0xF81F, 0xF81F, 0xF81F, 0xF81F, 0xF81F, 0xF81F, 0xF81F, 0xF81F, 0xF81F,
    0xF81F, 0xF81F, 0xF81F, 0xF81F, 0xF81F, 0xF81F, 0xF81F, 0xF81F, 0xF81F, 0xF81F, 0xF81F, 0xF81F,
    0xF81F, 0xF81F, 0xF81F, 0xF81F, 0xF81F, 0xF81F, 0xF81F, 0xF81F, 0xF81F, 0xF81F, 0xF81F, 0xF81F,
    0xF81F, 0xF81F, 0xF81F, 0xF81F, 0xF81F, 0xF81F, 0xF81F, 0xF81F, 0xF81F, 0xF81F, 0xF81F, 0xF81F,
    0xF81F, 0xF81F, 0xF81F, 0xF81F, 0xF81F, 0xF81F, 0xF81F, 0xF81F, 0xF81F, 0xF81F, 0xF81F, 0xF81F,
    0xF81F, 0xF81F, 0xF81F, 0xF81F, 0xF81F, 0xF81F, 0xF81F, 0xF81F, 0xF81F, 0xF81F, 0xF81F, 0xF81F,
    0xF81F, 0xF81F, 0xF81F, 0xF81F, 0xF81F, 0xF81F, 0xF81F, 0xF81F, 0xF81F, 0xF81F, 0xF81F, 0xF81F,
    0xF81F, 0xF81F, 0xF81F, 0xF81F, 0xF81F, 0xF81F, 0xF81F, 0xF81F, 0xF81F, 0xF81F, 0xF81F, 0xF81F,
    0xF81F, 0xF81F, 0xF81F, 0xF81F, 0xF81F, 0xF81F, 0xF81F, 0xF81F, 0xF81F, 0xF81F, 0xF81F, 0xF81F,
    0xF81F, 0xF81F, 0xF81F, 0xF81F, 0xF81F, 0xF81F, 0xF81F, 0xF81F, 0xF81F, 0xF81F, 0xF81F, 0xF81F,
    0xF81F, 0xF81F, 0xF81F, 0xF81F, 0xF81F, 0xF81F, 0xF81F, 0xF81F, 0xF81F, 0xF81F, 0xF81F, 0xF81F,
    0xF81F, 0xF81F, 0xF81F, 0xF81F, 0xF81F, 0xF81F, 0xF81F, 0xF81F, 0xF81F, 0xF81F, 0xF81F, 0xF81F,
    0xF81F, 0xF81F, 0xF81F, 0xF81F, 0xF81F, 0xF81F, 0xF81F, 0xF81F, 0xF81F, 0xF81F, 0xF81F, 0xF81F,
    0xF81F, 0xF81F, 0xF81F, 0xF81F, 0xF81F, 0xF81F, 0xF81F, 0xF81F, 0xF81F, 0xF81F, 0xF81F, 0xF81F,
    0xF81F, 0xF81F, 0xF81F, 0xF81F, 0xF81F, 0xF81F, 0xF81F, 0xF81F, 0xF81F, 0xF81F, 0xF81F, 0xF81F,
    0xF81F, 0xF81F, 0xF81F, 0xF81F, 0xF81F, 0xF81F, 0xF81F, 0xF81F, 0xF81F, 0xF81F, 0xF81F, 0xF81F,
    0xF81F, 0xF81F, 0xF81F, 0xF81F, 0xF81F, 0xF81F, 0xF81F, 0xF81F, 0xF81F, 0xF81F, 0xF81F, 0xF81F,
    0xF81F, 0xF81F, 0xF81F, 0xF81F, 0xF81F, 0xF81F, 0xF81F, 0xF81F, 0xF81F, 0xF81F, 0xF81F, 0xF81F,
    0xF81F, 0xF81F, 0xF81F, 0xF81F, 0xF81F, 0xF81F, 0xF81F, 0xF81F, 0xF81F, 0xF81F, 0xF81F, 0xF81F,
    0xF81F, 0xF81F, 0xF81F, 0xF81F, 0xF81F, 0xF81F, 0xF81F, 0xF81F, 0xF81F, 0xF81F, 0xF81F, 0xF81F,
    0xF81F, 0xF81F, 0xF81F, 0xF81F, 0xF81F, 0xF81F, 0xF81F, 0xF81F, 0xF81F, 0xF81F, 0xF81F, 0xF81F,
    0xF81F, 0xF81F, 0xF81F, 0xF81F, 0xF81F, 0xF81F, 0xF81F, 0xF81F, 0xF81F, 0xF81F, 0xF81F, 0xF81F,
    0xF81F, 0xF81F, 0xF81F, 0xF81F, 0xF81F, 0xF81F, 0xF81F, 0xF81F, 0xF81F, 0xF81F, 0xF81F, 0xF81F,
    0xF81F, 0xF81F, 0xF81F, 0xF81F, 0xF81F, 0xF81F, 0xF81F, 0xF81F, 0xF81F, 0xF81F, 0xF81F, 0xF81F,
    0xF81F, 0xF81F, 0xF81F, 0xF81F, 0xF81F, 0xF81F, 0xF81F, 0xF81F, 0xF81F, 0xF81F, 0xF81F, 0xF81F,
    0xF81F, 0xF81F, 0xF81F, 0xF81F, 0xF81F, 0xF81F, 0xF81F, 0xF81F, 0xF81F, 0xF81F, 0xF81F, 0xF81F,
    0xF81F, 0xF81F, 0xF81F, 0xF81F, 0xF81F, 0xF81F, 0xF81F, 0xF81F, 0xF81F, 0xF81F, 0xF81F, 0xF81F,
    0xF81F, 0xF81F, 0xF81F, 0xF81F, 0xF81F, 0xF81F, 0xF81F, 0xF81F, 0xF81F, 0xF81F, 0xF81F, 0xF81F,
    0xF81F, 0xF81F, 0xF81F, 0xF81F, 0xF81F, 0xF81F, 0xF81F, 0xF81F, 0xF81F, 0xF81F, 0xF81F, 0xF81F,
    0xF81F, 0xF81F, 0xF81F, 0xF81F, 0xF81F, 0xF81F, 0xF81F, 0xF81F, 0xF81F, 0xF81F, 0xF81F, 0xF81F,
    0xF81F, 0xF81F, 0xF81F, 0xF81F, 0xF81F, 0xF81F, 0xF81F, 0xF81F, 0xF81F, 0xF81F, 0xF81F, 0xF81F,
    0xF81F, 0xF81F, 0xF81F, 0xF81F, 0xF81F, 0xF81F, 0xF81F, 0xF81F, 0xF81F, 0xF81F, 0xF81F, 0xF81F,
    0xF81F, 0xF81F, 0xF81F, 0xF81F, 0xF81F, 0xF81F, 0xF81F, 0xF81F, 0xF81F, 0xF81F, 0xF81F, 0xF81F,
    0xF81F, 0xF81F, 0xF81F, 0xF81F, 0xF81F, 0xF81F, 0xF81F, 0xF81F, 0xF81F, 0xF81F, 0xF81F, 0xF81F,
    0xF81F, 0xF81F, 0xF81F, 0xF81F, 0xF81F, 0xF81F, 0xF81F, 0xF81F, 0xF81F, 0xF81F, 0xF81F, 0xF81F,
    0xF81F, 0xF81F, 0xF81F, 0xF81F, 0xF81F, 0xF81F, 0xF81F, 0xF81F, 0xF81F, 0xF81F, 0xF81F, 0xF81F,
    0xF81F, 0xF81F, 0xF81F, 0xF81F, 0xF81F, 0xF81F, 0xF81F, 0xF81F, 0xF81F, 0xF81F, 0xF81F, 0xF81F,
    0xF81F, 0xF81F, 0xF81F, 0xF81F, 0xF81F, 0xF81F, 0xF81F, 0xF81F, 0xF81F, 0xF81F, 0xF81F, 0xF81F,
    0xF81F, 0xF81F, 0xF81F, 0xF81F, 0xF81F, 0xF81F, 0xF81F, 0xF81F, 0xF81F, 0xF81F, 0xF81F, 0xF81F,
    0xF81F, 0xF81F, 0xF81F, 0xF81F, 0xF81F, 0xF81F, 0xF81F, 0xF81F, 0xF81F, 0xF81F, 0xF81F, 0xF81F,
    0xF81F, 0xF81F, 0xF81F, 0xF81F, 0xF81F, 0xF81F, 0xF81F, 0xF81F, 0xF81F, 0xF81F, 0xF81F, 0xF81F,
    0xF81F, 0xF81F, 0xF81F, 0xF81F, 0xF81F, 0xF81F, 0xF81F, 0xF81F, 0xF81F, 0xF81F, 0xF81F, 0xF81F,
    0xF81F, 0xF81F, 0xF81F, 0xF81F, 0xF81F, 0xF81F, 0xF81F, 0xF81F, 0xF81F, 0xF81F, 0xF81F, 0xF81F,
    0xF81F, 0xF81F, 0xF81F, 0xF81F, 0xF81F, 0xF81F, 0xF81F, 0xF81F, 0xF81F, 0xF81F, 0xF81F, 0xF81F,
    0xF81F, 0xF81F, 0xF81F, 0xF81F, 0xF81F, 0xF81F, 0xF81F, 0xF81F, 0xF81F, 0xF81F, 0xF81F, 0xF81F,
    0xF81F, 0xF81F, 0xF81F, 0xF81F, 0xF81F, 0xF81F, 0xF81F, 0xF81F, 0xF81F, 0xF81F, 0xF81F, 0xF81F,
    0xF81F, 0xF81F, 0xF81F, 0xF81F, 0xF81F, 0xF81F, 0xF81F, 0xF81F, 0xF81F, 0xF81F, 0xF81F, 0xF81F,
    0xF81F, 0xF81F, 0xF81F, 0xF81F, 0xF81F, 0xF81F, 0xF81F, 0xF81F, 0xF81F, 0xF81F, 0xF81F, 0xF81F,
    0xF81F, 0xF81F, 0xF81F, 0xF81F, 0xF81F, 0xF81F, 0xF81F, 0xF81F, 0xF81F, 0xF81F, 0xF81F, 0xF81F,
    0xF81F, 0xF81F, 0xF81F, 0xF81F, 0xF81F, 0xF81F, 0xF81F, 0xF81F, 0xF81F, 0xF81F, 0xF81F, 0xF81F,
    0xF81F, 0xF81F, 0xF81F, 0xF81F, 0xF81F, 0xF81F, 0xF81F, 0xF81F, 0xF81F, 0xF81F, 0xF81F, 0xF81F,
    0xF81F, 0xF81F, 0xF81F, 0xF81F, 0xF81F, 0xF81F, 0xF81F, 0xF81F, 0xF81F, 0xF81F, 0xF81F, 0xF81F,
    0xF81F, 0xF81F, 0xF81F, 0xF81F, 0xF81F, 0xF81F, 0xF81F, 0xF81F, 0xF81F, 0xF81F, 0xF81F, 0xF81F,
    0xF81F, 0xF81F, 0xF81F, 0xF81F, 0xF81F, 0xF81F, 0xF81F, 0xF81F, 0xF81F, 0xF81F, 0xF81F, 0xF81F,
    0xF81F, 0xF81F, 0xF81F, 0xF81F, 0xF81F, 0xF81F, 0xF81F, 0xF81F, 0xF81F, 0xF81F, 0xF81F, 0xF81F,
    0xF81F, 0xF81F, 0xF81F, 0xF81F, 0xF81F, 0xF81F, 0xF81F, 0xF81F, 0xF81F, 0xF81F, 0xF81F, 0xF81F,
    0xF81F, 0xF81F, 0xF81F, 0xF81F, 0xF81F, 0xF81F, 0xF81F, 0xF81F, 0xF81F, 0xF81F, 0xF81F, 0xF81F,
    0xF81F, 0xF81F, 0xF81F, 0xF81F, 0xF81F, 0xF81F, 0xF81F, 0xF81F, 0xF81F, 0xF81F, 0xF81F, 0xF81F,
    0xF81F, 0xF81F, 0xF81F, 0xF81F, 0xF81F, 0xF81F, 0xF81F, 0xF81F, 0xF81F, 0xF81F, 0xF81F, 0xF81F,
    0xF81F, 0xF81F, 0xF81F, 0xF81F, 0xF81F, 0xF81F, 0xF81F, 0xF81F, 0xF81F, 0xF81F, 0xF81F, 0xF81F,
    0xF81F, 0xF81F, 0xF81F, 0xF81F, 0xF81F, 0xF81F, 0xF81F, 0xF81F, 0xF81F, 0xF81F, 0xF81F, 0xF81F,
    0xF81F, 0xF81F, 0xF81F, 0xF81F, 0xF81F, 0xF81F, 0xF81F, 0xF81F, 0xF81F, 0xF81F, 0xF81F, 0xF81F,
    0xF81F, 0xF81F, 0xF81F, 0xF81F, 0xF81F, 0xF81F, 0xF81F, 0xF81F, 0xF81F, 0xF81F, 0xF81F, 0xF81F,
    0xF81F, 0xF81F, 0xF81F, 0xF81F, 0xF81F, 0xF81F, 0xF81F, 0xF81F, 0xF81F, 0xF81F, 0xF81F, 0xF81F,
    0xF81F, 0xF81F, 0xF81F, 0xF81F, 0xF81F, 0xF81F, 0xF81F, 0xF81F, 0xF81F, 0xF81F, 0xF81F, 0xF81F,
    0xF81F, 0xF81F, 0xF81F, 0xF81F, 0xF81F, 0xF81F, 0xF81F, 0xF81F, 0xF81F, 0xF81F, 0xF81F, 0xF81F,
    0xF81F, 0xF81F, 0xF81F, 0xF81F, 0xF81F, 0xF81F, 0xF81F, 0xF81F, 0xF81F, 0xF81F, 0xF81F, 0xF81F,
    0xF81F, 0xF81F, 0xF81F, 0xF81F, 0xF81F, 0xF81F, 0xF81F, 0xF81F, 0xF81F, 0xF81F, 0xF81F, 0xF81F,
    0xF81F, 0xF81F, 0xF81F, 0xF81F, 0xF81F, 0xF81F, 0xF81F, 0xF81F, 0xF81F, 0xF81F, 0xF81F, 0xF81F,
    0xF81F, 0xF81F, 0xF81F, 0xF81F, 0xF81F, 0xF81F, 0xF81F, 0xF81F, 0xF81F, 0xF81F, 0xF81F, 0xF81F,
    0xF81F, 0xF81F, 0xF81F, 0xF81F, 0xF81F, 0xF81F, 0xF81F, 0xF81F, 0xF81F, 0xF81F, 0xF81F, 0xF81F,
    0xF81F, 0xF81F, 0xF81F, 0xF81F, 0xF81F, 0xF81F, 0xF81F, 0xF81F, 0xF81F, 0xF81F, 0xF81F, 0xF81F,
    0xF81F, 0xF81F, 0xF81F, 0xF81F, 0xF81F, 0xF81F, 0xF81F, 0xF81F, 0xF81F, 0xF81F, 0xF81F, 0xF81F,
    0xF81F, 0xF81F, 0xF81F, 0xF81F, 0xF81F, 0xF81F, 0xF81F, 0xF81F, 0xF81F, 0xF81F, 0xF81F, 0xF81F,
    0xF81F, 0xF81F, 0xF81F, 0xF81F, 0xF81F, 0xF81F, 0xF81F, 0xF81F, 0xF81F, 0xF81F, 0xF81F, 0xF81F,
    0xF81F, 0xF81F, 0xF81F, 0xF81F, 0xF81F, 0xF81F, 0xF81F, 0xF81F, 0xF81F, 0xF81F, 0xF81F, 0xF81F,
    0xF81F, 0xF81F, 0xF81F, 0xF81F, 0xF81F, 0xF81F, 0xF81F, 0xF81F, 0xF81F, 0xF81F, 0xF81F, 0xF81F,
    0xF81F, 0xF81F, 0xF81F, 0xF81F, 0xF81F, 0xF81F, 0xF81F, 0xF81F, 0xF81F, 0xF81F, 0xF81F, 0xF81F,
    0xF81F, 0xF81F, 0xF81F, 0xF81F, 0xF81F, 0xF81F, 0xF81F, 0xF81F, 0xF81F, 0xF81F, 0xF81F, 0xF81F,
    0xF81F, 0xF81F, 0xF81F, 0xF81F, 0xF81F, 0xF81F, 0xF81F, 0xF81F, 0xF81F, 0xF81F, 0xF81F, 0xF81F,
    0xF81F, 0xF81F, 0xF81F, 0xF81F, 0xF81F, 0xF81F, 0xF81F, 0xF81F, 0xF81F, 0xF81F, 0xF81F, 0xF81F,
    0xF81F, 0xF81F, 0xF81F, 0xF81F, 0xF81F, 0xF81F, 0xF81F, 0xF81F, 0xF81F, 0xF81F, 0xF81F, 0xF81F,
    0xF81F, 0xF81F, 0xF81F, 0xF81F, 0xF81F, 0xF81F, 0xF81F, 0xF81F, 0xF81F, 0xF81F, 0xF81F, 0xF81F,
    0xF81F, 0xF81F, 0xF81F, 0xF81F, 0xF81F, 0xF81F, 0xF81F, 0xF81F, 0xF81F, 0xF81F, 0xF81F, 0xF81F,
    0xF81F, 0xF81F, 0xF81F, 0xF81F, 0xF81F, 0xF81F, 0xF81F, 0xF81F, 0xF81F, 0xF81F, 0xF81F, 0xF81F,
    0xF81F, 0xF81F, 0xF81F, 0xF81F, 0xF81F, 0xF81F, 0xF81F, 0xF81F, 0xF81F, 0xF81F, 0xF81F, 0xF81F,
    0xF81F, 0xF81F, 0xF81F, 0xF81F, 0xF81F, 0xF81F, 0xF81F, 0xF81F, 0xF81F, 0xF81F, 0xF81F, 0xF81F,
    0xF81F, 0xF81F, 0xF81F, 0xF81F, 0xF81F, 0xF81F, 0xF81F, 0xF81F, 0xF81F, 0xF81F, 0xF81F, 0xF81F,
    0xF81F, 0xF81F, 0xF81F, 0xF81F, 0xF81F, 0xF81F, 0xF81F, 0xF81F, 0xF81F, 0xF81F, 0xF81F, 0xF81F,
    0xF81F, 0xF81F, 0xF81F, 0xF81F, 0xF81F, 0xF81F, 0xF81F, 0xF81F, 0xF81F, 0xF81F, 0xF81F, 0xF81F,
    0xF81F, 0xF81F, 0xF81F, 0xF81F, 0xF81F, 0xF81F, 0xF81F, 0xF81F, 0xF81F, 0xF81F, 0xF81F, 0xF81F,
    0xF81F, 0xF81F, 0xF81F, 0xF81F, 0xF81F, 0xF81F, 0xF81F, 0xF81F, 0xF81F, 0xF81F, 0xF81F, 0xF81F,
    0xF81F, 0xF81F, 0xF81F, 0xF81F, 0xF81F, 0xF81F, 0xF81F, 0xF81F, 0xF81F, 0xF81F, 0xF81F, 0xF81F,
    0xF81F, 0xF81F, 0xF81F, 0xF81F, 0xF81F, 0xF81F, 0xF81F, 0xF81F, 0xF81F, 0xF81F, 0xF81F, 0xF81F,
    0xF81F, 0xF81F, 0xF81F, 0xF81F, 0xF81F, 0xF81F, 0xF81F, 0xF81F, 0xF81F, 0xF81F, 0xF81F, 0xF81F,
    0xF81F, 0xF81F, 0xF81F, 0xF81F, 0xF81F, 0xF81F, 0xF81F, 0xF81F, 0xF81F, 0xF81F, 0xF81F, 0xF81F,
    0xF81F, 0xF81F, 0xF81F, 0xF81F, 0xF81F, 0xF81F, 0xF81F, 0xF81F, 0xF81F, 0xF81F, 0xF81F, 0xF81F,
    0xF81F, 0xF81F, 0xF81F, 0xF81F, 0xF81F, 0xF81F, 0xF81F, 0xF81F, 0xF81F, 0xF81F, 0xF81F, 0xF81F,
    0xF81F, 0xF81F, 0xF81F, 0xF81F, 0xF81F, 0xF81F, 0xF81F, 0xF81F, 0xF81F, 0xF81F, 0xF81F, 0xF81F,
    0xF81F, 0xF81F, 0xF81F, 0xF81F, 0xF81F, 0xF81F, 0xF81F, 0xF81F, 0xF81F, 0xF81F, 0xF81F, 0xF81F,
    0xF81F, 0xF81F, 0xF81F, 0xF81F, 0xF81F, 0xF81F, 0xF81F, 0xF81F, 0xF81F, 0xF81F, 0xF81F, 0xF81F,
    0xF81F, 0xF81F, 0xF81F, 0xF81F, 0xF81F, 0xF81F, 0xF81F, 0xF81F, 0xF81F, 0xF81F, 0xF81F, 0xF81F,
    0xF81F, 0xF81F, 0xF81F, 0xF81F, 0xF81F, 0xF81F, 0xF81F, 0xF81F, 0xF81F, 0xF81F, 0xF81F, 0xF81F,
    0xF81F, 0xF81F, 0xF81F, 0xF81F, 0xF81F, 0xF81F, 0xF81F, 0xF81F, 0xF81F, 0xF81F, 0xF81F, 0xF81F,
    0xF81F, 0xF81F, 0xF81F, 0xF81F, 0xF81F, 0xF81F, 0xF81F, 0xF81F, 0xF81F, 0xF81F, 0xF81F, 0xF81F,
    0xF81F, 0xF81F, 0xF81F, 0xF81F, 0xF81F, 0xF81F, 0xF81F, 0xF81F, 0xF81F, 0xF81F, 0xF81F, 0xF81F,
    0xF81F, 0xF81F, 0xF81F, 0xF81F, 0xF81F, 0xF81F, 0xF81F, 0xF81F, 0xF81F, 0xF81F, 0xF81F, 0xF81F,
    0xF81F, 0xF81F, 0xF81F, 0xF81F, 0xF81F, 0xF81F, 0xF81F, 0xF81F, 0xF81F, 0xF81F, 0xF81F, 0xF81F,
    0xF81F, 0xF81F, 0xF81F, 0xF81F, 0xF81F, 0xF81F, 0xF81F, 0xF81F, 0xF81F, 0xF81F, 0xF81F, 0xF81F,
    0xF81F, 0xF81F, 0xF81F, 0xF81F, 0xF81F, 0xF81F, 0xF81F, 0xF81F, 0xF81F, 0xF81F, 0xF81F, 0xF81F,
    0xF81F, 0xF81F, 0xF81F, 0xF81F, 0xF81F, 0xF81F, 0xF81F, 0xF81F, 0xF81F, 0xF81F, 0xF81F, 0xF81F,
    0xF81F, 0xF81F, 0xF81F, 0xF81F, 0xF81F, 0xF81F, 0xF81F, 0xF81F, 0xF81F, 0xF81F, 0xF81F, 0xF81F,
    0xF81F, 0xF81F, 0xF81F, 0xF81F, 0xF81F, 0xF81F, 0xF81F, 0xF81F, 0xF81F, 0xF81F, 0xF81F, 0xF81F,
    0xF81F, 0xF81F, 0xF81F, 0xF81F, 0xF81F, 0xF81F, 0xF81F, 0xF81F, 0xF81F, 0xF81F, 0xF81F, 0xF81F,
    0xF81F, 0xF81F, 0xF81F, 0xF81F, 0xF81F, 0xF81F, 0xF81F, 0xF81F, 0xF81F, 0xF81F, 0xF81F, 0xF81F,
    0xF81F, 0xF81F, 0xF81F, 0xF81F, 0xF81F, 0xF81F, 0xF81F, 0xF81F, 0xF81F, 0xF81F, 0xF81F, 0xF81F,
    0xF81F, 0xF81F, 0xF81F, 0xF81F, 0xF81F, 0xF81F, 0xF81F, 0xF81F, 0xF81F, 0xF81F, 0xF81F, 0xF81F,
    0xF81F, 0xF81F, 0xF81F, 0xF81F, 0xF81F, 0xF81F, 0xF81F, 0xF81F, 0xF81F, 0xF81F, 0xF81F, 0xF81F,
    0xF81F, 0xF81F, 0xF81F, 0xF81F, 0xF81F, 0xF81F, 0xF81F, 0xF81F, 0xF81F, 0xF81F, 0xF81F, 0xF81F,
    0xF81F, 0xF81F, 0xF81F, 0xF81F, 0xF81F, 0xF81F, 0xF81F, 0xF81F, 0xF81F, 0xF81F, 0xF81F, 0xF81F,
    0xF81F, 0xF81F, 0xF81F, 0xF81F, 0xF81F, 0xF81F, 0xF81F, 0xF81F, 0xF81F, 0xF81F, 0xF81F, 0xF81F,
    0xF81F, 0xF81F, 0xF81F, 0xF81F, 0xF81F, 0xF81F, 0xF81F, 0xF81F, 0xF81F, 0xF81F, 0xF81F, 0xF81F,
    0xF81F, 0xF81F, 0xF81F, 0xF81F, 0xF81F, 0xF81F, 0xF81F, 0xF81F, 0xF81F, 0xF81F, 0xF81F, 0xF81F,
    0xF81F, 0xF81F, 0xF81F, 0xF81F, 0xF81F, 0xF81F, 0xF81F, 0xF81F, 0xF81F, 0xF81F, 0xF81F, 0xF81F,
    0xF81F, 0xF81F, 0xF81F, 0xF81F, 0xF81F, 0xF81F, 0xF81F, 0xF81F, 0xF81F, 0xF81F, 0xF81F, 0xF81F,
    0xF81F, 0xF81F, 0xF81F, 0xF81F, 0xF81F, 0xF81F, 0xF81F, 0xF81F, 0xF81F, 0xF81F, 0xF81F, 0xF81F,
    0xF81F, 0xF81F, 0xF81F, 0xF81F, 0xF81F, 0xF81F, 0xF81F, 0xF81F, 0xF81F, 0xF81F, 0xF81F, 0xF81F,
    0xF81F, 0xF81F, 0xF81F, 0xF81F, 0xF81F, 0xF81F, 0xF81F, 0xF81F, 0xF81F, 0xF81F, 0xF81F, 0xF81F,
    0xF81F, 0xF81F, 0xF81F, 0xF81F, 0xF81F, 0xF81F, 0xF81F, 0xF81F, 0xF81F, 0xF81F, 0xF81F, 0xF81F,
    0xF81F, 0xF81F, 0xF81F, 0xF81F, 0xF81F, 0xF81F, 0xF81F, 0xF81F, 0xF81F, 0xF81F, 0xF81F, 0xF81F,
    0xF81F, 0xF81F, 0xF81F, 0xF81F, 0xF81F, 0xF81F, 0xF81F, 0xF81F, 0xF81F, 0xF81F, 0xF81F, 0xF81F,
    0xF81F, 0xF81F, 0xF81F, 0xF81F, 0xF81F, 0xF81F, 0xF81F, 0xF81F, 0xF81F, 0xF81F, 0xF81F, 0xF81F,
    0xF81F, 0xF81F, 0xF81F, 0xF81F, 0xF81F, 0xF81F, 0xF81F, 0xF81F, 0xF81F, 0xF81F, 0xF81F, 0xF81F,
    0xF81F, 0xF81F, 0xF81F, 0xF81F, 0xF81F, 0xF81F, 0xF81F, 0xF81F, 0xF81F, 0xF81F, 0xF81F, 0xF81F,
    0xF81F, 0xF81F, 0xF81F, 0xF81F, 0xF81F, 0xF81F, 0xF81F, 0xF81F, 0xF81F, 0xF81F, 0xF81F, 0xF81F,
    0xF81F, 0xF81F, 0xF81F, 0xF81F, 0xF81F, 0xF81F, 0xF81F, 0xF81F, 0xF81F, 0xF81F, 0xF81F, 0xF81F,
    0xF81F, 0xF81F, 0xF81F, 0xF81F, 0xF81F, 0xF81F, 0xF81F, 0xF81F, 0xF81F, 0xF81F, 0xF81F, 0xF81F,
    0xF81F, 0xF81F, 0xF81F, 0xF81F, 0xF81F, 0xF81F, 0xF81F, 0xF81F, 0xF81F, 0xF81F, 0xF81F, 0xF81F,
    0xF81F, 0xF81F, 0xF81F, 0xF81F, 0xF81F, 0xF81F, 0xF81F, 0xF81F, 0xF81F, 0xF81F, 0xF81F, 0xF81F,
    0xF81F, 0xF81F, 0xF81F, 0xF81F, 0xF81F, 0xF81F, 0xF81F, 0xF81F, 0xF81F, 0xF81F, 0xF81F, 0xF81F,
    0xF81F, 0xF81F, 0xF81F, 0xF81F, 0xF81F, 0xF81F, 0xF81F, 0xF81F, 0xF81F, 0xF81F, 0xF81F, 0xF81F,
    0xF81F, 0xF81F, 0xF81F, 0xF81F, 0xF81F, 0xF81F, 0xF81F, 0xF81F, 0xF81F, 0xF81F, 0xF81F, 0xF81F,
    0x0002, 0x0000, 0x0000, 0x0000, 0x0000, 0x0000, 0x0000, 0x0000, 0x0000, 0x0001, 0x0001, 0x0002,
    0xF81F, 0xF81F, 0xF81F, 0xF81F, 0xF81F, 0xF81F, 0xF81F, 0xF81F, 0xF81F, 0xF81F, 0xF81F, 0xF81F,
    0xF81F, 0xF81F, 0xF81F, 0xF81F, 0xF81F, 0xF81F, 0xF81F, 0xF81F, 0xF81F, 0xF81F, 0xF81F, 0xF81F,
    0xF81F, 0xF81F, 0xF81F, 0xF81F, 0xF81F, 0xF81F, 0xF81F, 0xF81F, 0xF81F, 0xF81F, 0xF81F, 0xF81F,
    0xF81F, 0xF81F, 0xF81F, 0xF81F, 0xF81F, 0xF81F, 0xF81F, 0xF81F, 0xF81F, 0xF81F, 0xF81F, 0xF81F,
    0xF81F, 0xF81F, 0xF81F, 0xF81F, 0xF81F, 0xF81F, 0xF81F, 0xF81F, 0xF81F, 0xF81F, 0xF81F, 0xF81F,
    0xF81F, 0xF81F, 0xF81F, 0xF81F, 0xF81F, 0xF81F, 0xF81F, 0xF81F, 0xF81F, 0xF81F, 0xF81F, 0xF81F,
    0xF81F, 0xF81F, 0xF81F, 0xF81F, 0xF81F, 0xF81F, 0xF81F, 0xF81F, 0xF81F, 0xF81F, 0xF81F, 0xF81F,
    0x5041, 0x5040, 0x5040, 0x5060, 0x5060, 0x5060, 0x5080, 0x58E0, 0x50C0, 0x4840, 0x4840, 0x4041,
    0xF81F, 0xF81F, 0xF81F, 0xF81F, 0xF81F, 0xF81F, 0xF81F, 0xF81F, 0xF81F, 0xF81F, 0xF81F, 0xF81F,
    0xF81F, 0xF81F, 0xF81F, 0xF81F, 0xF81F, 0xF81F, 0xF81F, 0xF81F, 0xF81F, 0xF81F, 0xF81F, 0xF81F,
    0xF81F, 0xF81F, 0xF81F, 0xF81F, 0xF81F, 0xF81F, 0xF81F, 0xF81F, 0xF81F, 0xF81F, 0xF81F, 0xF81F,
    0xF81F, 0xF81F, 0xF81F, 0xF81F, 0xF81F, 0xF81F, 0xF81F, 0xF81F, 0xF81F, 0xF81F, 0xF81F, 0xF81F,
    0xF81F, 0xF81F, 0xF81F, 0xF81F, 0xF81F, 0xF81F, 0xF81F, 0xF81F, 0xF81F, 0xF81F, 0xF81F, 0xF81F,
    0xF81F, 0xF81F, 0xF81F, 0xF81F, 0xF81F, 0xF81F, 0xF81F, 0xF81F, 0x0801, 0x0000, 0x0000, 0x0000,
    0x0000, 0x0000, 0x0000, 0x0000, 0x0000, 0x0000, 0x0000, 0x0000, 0x0000, 0x0000, 0x0000, 0x0020,
    0xC8A0, 0xF0A0, 0xE8C0, 0xE8C0, 0xE8C0, 0xE880, 0xE960, 0xFB61, 0xFB21, 0xF0A0, 0xF880, 0xE8A0,
    0x2022, 0x0002, 0x0823, 0xF81F, 0xF81F, 0xF81F, 0xF81F, 0xF81F, 0xF81F, 0xF81F, 0xF81F, 0xF81F,
    0xF81F, 0xF81F, 0xF81F, 0xF81F, 0xF81F, 0xF81F, 0xF81F, 0xF81F, 0xF81F, 0xF81F, 0xF81F, 0xF81F,
    0xF81F, 0xF81F, 0xF81F, 0xF81F, 0xF81F, 0xF81F, 0xF81F, 0xF81F, 0xF81F, 0xF81F, 0xF81F, 0xF81F,
    0xF81F, 0xF81F, 0xF81F, 0xF81F, 0xF81F, 0xF81F, 0xF81F, 0xF81F, 0xF81F, 0xF81F, 0xF81F, 0xF81F,
    0xF81F, 0xF81F, 0xF81F, 0xF81F, 0xF81F, 0xF81F, 0xF81F, 0xF81F, 0xF81F, 0xF81F, 0xF81F, 0xF81F,
    0xF81F, 0xF81F, 0xF81F, 0xF81F, 0xF81F, 0xF81F, 0xF81F, 0xF81F, 0x0002, 0x0000, 0x9100, 0xA920,
    0xA940, 0xA940, 0xA960, 0xA960, 0xA960, 0xA960, 0xA980, 0xB180, 0xB180, 0xB180, 0xB980, 0xB9A0,
    0xB0A0, 0xE9E0, 0xF260, 0xF240, 0xF260, 0xEA60, 0xDA20, 0xFB82, 0xF382, 0xE0A0, 0xE860, 0xE8A0,
    0x5840, 0x3800, 0x3021, 0xF81F, 0xF81F, 0xF81F, 0xF81F, 0xF81F, 0xF81F, 0xF81F, 0xF81F, 0xF81F,
    0xF81F, 0xF81F, 0xF81F, 0xF81F, 0xF81F, 0xF81F, 0xF81F, 0xF81F, 0xF81F, 0xF81F, 0xF81F, 0xF81F,
    0xF81F, 0xF81F, 0xF81F, 0xF81F, 0xF81F, 0xF81F, 0xF81F, 0xF81F, 0xF81F, 0xF81F, 0xF81F, 0xF81F,
    0xF81F, 0xF81F, 0xF81F, 0xF81F, 0xF81F, 0xF81F, 0xF81F, 0xF81F, 0xF81F, 0xF81F, 0xF81F, 0xF81F,
    0xF81F, 0xF81F, 0xF81F, 0xF81F, 0xF81F, 0xF81F, 0xF81F, 0xF81F, 0xF81F, 0xF81F, 0xF81F, 0xF81F,
    0xF81F, 0xF81F, 0x0803, 0x0802, 0x0803, 0x1003, 0x1003, 0x1843, 0xB200, 0xBA41, 0xFAE0, 0xFB20,
    0xFB40, 0xFB60, 0xFB60, 0xFB40, 0xFB40, 0xFB40, 0xFB40, 0xFB40, 0xFB40, 0xFB40, 0xFB60, 0xFAE0,
    0xB8C0, 0xEA20, 0xFAA0, 0xFAA0, 0xFAA0, 0xFAE0, 0xD180, 0xE100, 0xE980, 0xF220, 0xFA20, 0xEA00,
    0xD1A0, 0xF260, 0xE281, 0x1843, 0x0802, 0xF81F, 0xF81F, 0xF81F, 0xF81F, 0xF81F, 0xF81F, 0xF81F,
    0xF81F, 0xF81F, 0xF81F, 0xF81F, 0xF81F, 0xF81F, 0xF81F, 0xF81F, 0xF81F, 0xF81F, 0xF81F, 0xF81F,
    0xF81F, 0xF81F, 0xF81F, 0xF81F, 0xF81F, 0xF81F, 0xF81F, 0xF81F, 0xF81F, 0xF81F, 0xF81F, 0xF81F,
    0xF81F, 0xF81F, 0xF81F, 0xF81F, 0xF81F, 0xF81F, 0xF81F, 0xF81F, 0xF81F, 0xF81F, 0xF81F, 0xF81F,
    0xF81F, 0xF81F, 0xF81F, 0xF81F, 0xF81F, 0xF81F, 0xF81F, 0xF81F, 0xF81F, 0xF81F, 0xF81F, 0xF81F,
    0xF81F, 0xF81F, 0x0820, 0x0820, 0x0841, 0x0840, 0x0820, 0x1860, 0xF320, 0xFBA0, 0x9201, 0x6981,
    0x71A1, 0x69A1, 0x79E0, 0xF300, 0xFB20, 0xFB20, 0xFB20, 0xFB20, 0xFB20, 0xFB20, 0xFB20, 0xF2C0,
    0xB8E0, 0xEA00, 0xFA80, 0xFA80, 0xFA80, 0xFAC0, 0xD140, 0xD860, 0xE8E0, 0xFA80, 0xFAA0, 0xEA40,
    0xDA40, 0xFB80, 0xFB61, 0x30A1, 0x0820, 0xF81F, 0xF81F, 0xF81F, 0xF81F, 0xF81F, 0xF81F, 0xF81F,
    0xF81F, 0xF81F, 0xF81F, 0xF81F, 0xF81F, 0xF81F, 0xF81F, 0xF81F, 0xF81F, 0xF81F, 0xF81F, 0xF81F,
    0xF81F, 0xF81F, 0xF81F, 0xF81F, 0xF81F, 0xF81F, 0xF81F, 0xF81F, 0xF81F, 0xF81F, 0xF81F, 0xF81F,
    0xF81F, 0xF81F, 0xF81F, 0xF81F, 0xF81F, 0xF81F, 0xF81F, 0xF81F, 0xF81F, 0xF81F, 0xF81F, 0xF81F,
    0xF81F, 0xF81F, 0xF81F, 0xF81F, 0xF81F, 0xF81F, 0xF81F, 0xF81F, 0xF81F, 0xF81F, 0xF81F, 0xF81F,
    0x0802, 0x50C2, 0xF280, 0xEAA1, 0xEAA1, 0xEAA1, 0xEAA1, 0xEAA0, 0xF280, 0xFAE0, 0x40C0, 0x0000,
    0x0000, 0x0000, 0x1020, 0xF200, 0xFA40, 0xFA40, 0xFA40, 0xFA60, 0xFA60, 0xFA60, 0xFA60, 0xFA40,
    0xB900, 0xEA00, 0xFA80, 0xFA60, 0xFA80, 0xFAA0, 0xD140, 0xE0A0, 0xE900, 0xFA60, 0xFA80, 0xF260,
    0xC900, 0xE900, 0xE920, 0xF300, 0xF361, 0x40E2, 0x0802, 0xF81F, 0xF81F, 0xF81F, 0xF81F, 0xF81F,
    0xF81F, 0xF81F, 0xF81F, 0xF81F, 0xF81F, 0xF81F, 0xF81F, 0xF81F, 0xF81F, 0xF81F, 0xF81F, 0xF81F,
    0xF81F, 0xF81F, 0xF81F, 0xF81F, 0xF81F, 0xF81F, 0xF81F, 0xF81F, 0xF81F, 0xF81F, 0xF81F, 0xF81F,
    0xF81F, 0xF81F, 0xF81F, 0xF81F, 0xF81F, 0xF81F, 0xF81F, 0xF81F, 0xF81F, 0xF81F, 0xF81F, 0xF81F,
    0xF81F, 0xF81F, 0xF81F, 0xF81F, 0xF81F, 0xF81F, 0xF81F, 0xF81F, 0xF81F, 0xF81F, 0xF81F, 0xF81F,
    0x0000, 0x48A0, 0xFA60, 0xFA60, 0xFA80, 0xFA80, 0xFA80, 0xFA80, 0xFA80, 0xFAE0, 0x40E0, 0x0000,
    0x0000, 0x0000, 0x1040, 0xF240, 0xFA60, 0xFA60, 0xFA60, 0xFA80, 0xFA80, 0xFA60, 0xFA80, 0xFA60,
    0xB900, 0xEA00, 0xFA60, 0xFA60, 0xFA60, 0xFAA0, 0xD140, 0xE080, 0xE100, 0xFA60, 0xFA80, 0xF260,
    0xC8E0, 0xE8E0, 0xE900, 0xFAC0, 0xFBA0, 0x40C0, 0x0000, 0xF81F, 0xF81F, 0xF81F, 0xF81F, 0xF81F,
    0xF81F, 0xF81F, 0xF81F, 0xF81F, 0xF81F, 0xF81F, 0xF81F, 0xF81F, 0xF81F, 0xF81F, 0xF81F, 0xF81F,
    0xF81F, 0xF81F, 0xF81F, 0xF81F, 0xF81F, 0xF81F, 0xF81F, 0xF81F, 0xF81F, 0xF81F, 0xF81F, 0xF81F,
    0xF81F, 0xF81F, 0xF81F, 0xF81F, 0xF81F, 0xF81F, 0xF81F, 0xF81F, 0xF81F, 0xF81F, 0xF81F, 0xF81F,
    0xF81F, 0xF81F, 0xF81F, 0xF81F, 0xF81F, 0xF81F, 0xF81F, 0xF81F, 0xF81F, 0xF81F, 0xF81F, 0xF81F,
    0x0802, 0x58C2, 0xFA60, 0xFA60, 0xFA60, 0xFA60, 0xFA60, 0xFA80, 0xFA60, 0xFA80, 0xA9E0, 0x8141,
    0x8961, 0x8961, 0x99A0, 0xFA40, 0xFA40, 0xFA60, 0xFA60, 0xFA60, 0xFA60, 0xFA60, 0xFA60, 0xF260,
    0xB900, 0xEA00, 0xFA60, 0xFA60, 0xFA60, 0xF2A0, 0xD160, 0xE0E0, 0xE940, 0xFA60, 0xFA80, 0xF260,
    0xC8E0, 0xE8E0, 0xE920, 0xF1E0, 0xFB00, 0x40E0, 0x0000, 0xF81F, 0xF81F, 0xF81F, 0xF81F, 0xF81F,
    0xF81F, 0xF81F, 0xF81F, 0xF81F, 0xF81F, 0xF81F, 0xF81F, 0xF81F, 0xF81F, 0xF81F, 0xF81F, 0xF81F,
    0xF81F, 0xF81F, 0xF81F, 0xF81F, 0xF81F, 0xF81F, 0xF81F, 0xF81F, 0xF81F, 0xF81F, 0xF81F, 0xF81F,
    0xF81F, 0xF81F, 0xF81F, 0xF81F, 0xF81F, 0xF81F, 0xF81F, 0xF81F, 0xF81F, 0xF81F, 0xF81F, 0xF81F,
    0xF81F, 0xF81F, 0xF81F, 0xF81F, 0xF81F, 0xF81F, 0xF81F, 0xF81F, 0xF81F, 0xF81F, 0xF81F, 0xF81F,
    0xF81F, 0xF81F, 0xB9A0, 0xC1C0, 0xB9C0, 0xC1C0, 0xB9C0, 0xC1E0, 0xF220, 0xFA40, 0xFA60, 0xFA80,
    0xFA80, 0xFA80, 0xFA60, 0xFA40, 0xFA40, 0xFA40, 0xFA60, 0xFA60, 0xFA60, 0xFA60, 0xFA60, 0xF260,
    0xB920, 0xE9E0, 0xFA20, 0xF240, 0xF260, 0xF280, 0xD1A0, 0xFA60, 0xFA80, 0xFA80, 0xFA80, 0xF280,
    0xD0C0, 0xE8C0, 0xE940, 0xF200, 0xFAE0, 0x40E0, 0x0000, 0xF81F, 0xF81F, 0xF81F, 0xF81F, 0xF81F,
    0xF81F, 0xF81F, 0xF81F, 0xF81F, 0xF81F, 0xF81F, 0xF81F, 0xF81F, 0xF81F, 0xF81F, 0xF81F, 0xF81F,
    0xF81F, 0xF81F, 0xF81F, 0xF81F, 0xF81F, 0xF81F, 0xF81F, 0xF81F, 0xF81F, 0xF81F, 0xF81F, 0xF81F,
    0xF81F, 0xF81F, 0xF81F, 0xF81F, 0xF81F, 0xF81F, 0xF81F, 0xF81F, 0xF81F, 0xF81F, 0xF81F, 0xF81F,
    0xF81F, 0xF81F, 0xF81F, 0xF81F, 0xF81F, 0xF81F, 0xF81F, 0xF81F, 0xF81F, 0xF81F, 0xF81F, 0xF81F,
    0xF81F, 0xF81F, 0x0000, 0x0000, 0x0000, 0x0000, 0x0000, 0x0820, 0xF240, 0xFA60, 0xF220, 0xF240,
    0xF240, 0xF240, 0xF240, 0xFA40, 0xFA40, 0xFA40, 0xFA60, 0xFA60, 0xFA60, 0xFA60, 0xFA60, 0xF260,
    0xA0C0, 0xEA00, 0xFA80, 0xFA80, 0xF280, 0xB920, 0xB940, 0xFA60, 0xF240, 0xFAA0, 0xE1E0, 0xC920,
    0xE9E0, 0xF200, 0xF200, 0xF260, 0xFB20, 0x4900, 0x0000, 0xF81F, 0xF81F, 0xF81F, 0xF81F, 0xF81F,
    0xF81F, 0xF81F, 0xF81F, 0xF81F, 0xF81F, 0xF81F, 0xF81F, 0xF81F, 0xF81F, 0xF81F, 0xF81F, 0xF81F,
    0xF81F, 0xF81F, 0xF81F, 0xF81F, 0xF81F, 0xF81F, 0xF81F, 0xF81F, 0xF81F, 0xF81F, 0xF81F, 0xF81F,
    0xF81F, 0xF81F, 0xF81F, 0xF81F, 0xF81F, 0xF81F, 0xF81F, 0xF81F, 0xF81F, 0xF81F, 0xF81F, 0xF81F,
    0xF81F, 0xF81F, 0xF81F, 0xF81F, 0xF81F, 0xF81F, 0xF81F, 0xF81F, 0xF81F, 0xF81F, 0xF81F, 0xF81F,
    0xF81F, 0xF81F, 0xF81F, 0xF81F, 0xF81F, 0xF81F, 0xF81F, 0xF81F, 0x6941, 0x7940, 0xFA00, 0xFA40,
    0xFA40, 0xFA40, 0xFA40, 0xEA20, 0xEA20, 0xEA00, 0xEA20, 0xEA20, 0xF220, 0xF220, 0xF220, 0xEA20,
    0x98A0, 0xEA20, 0xFAC0, 0xFAA0, 0xFAC0, 0xA0A0, 0xC120, 0xFA80, 0xFA60, 0xFA80, 0xD9A0, 0xC900,
    0xFA60, 0xFA60, 0xFA60, 0xE1C0, 0xD160, 0xE240, 0xE2A0, 0x40C2, 0x0802, 0xF81F, 0xF81F, 0xF81F,
    0xF81F, 0xF81F, 0xF81F, 0xF81F, 0xF81F, 0xF81F, 0xF81F, 0xF81F, 0xF81F, 0xF81F, 0xF81F, 0xF81F,
    0xF81F, 0xF81F, 0xF81F, 0xF81F, 0xF81F, 0xF81F, 0xF81F, 0xF81F, 0xF81F, 0xF81F, 0xF81F, 0xF81F,
    0xF81F, 0xF81F, 0xF81F, 0xF81F, 0xF81F, 0xF81F, 0xF81F, 0xF81F, 0xF81F, 0xF81F, 0xF81F, 0xF81F,
    0xF81F, 0xF81F, 0xF81F, 0xF81F, 0xF81F, 0xF81F, 0xF81F, 0xF81F, 0xF81F, 0xF81F, 0xF81F, 0xF81F,
    0xF81F, 0xF81F, 0xF81F, 0xF81F, 0xF81F, 0xF81F, 0xF81F, 0xF81F, 0x0001, 0x0000, 0x9100, 0xA100,
    0x9100, 0x9100, 0x90E0, 0xA8E0, 0xA8E0, 0xA8E0, 0xA8E0, 0xB0E0, 0xB0E0, 0xB0E0, 0xB100, 0xB0E0,
    0x6880, 0xC9C0, 0xEA00, 0xCA00, 0xBA00, 0x70A0, 0x80E0, 0xB9C0, 0xC1A0, 0xC8E0, 0xB8C0, 0xF220,
    0xFA60, 0xFA40, 0xFAA0, 0xD120, 0xB020, 0xF260, 0xFB40, 0x40C0, 0x0000, 0xF81F, 0xF81F, 0xF81F,
    0xF81F, 0xF81F, 0xF81F, 0xF81F, 0xF81F, 0xF81F, 0xF81F, 0xF81F, 0xF81F, 0xF81F, 0xF81F, 0xF81F,
    0xF81F, 0xF81F, 0xF81F, 0xF81F, 0xF81F, 0xF81F, 0xF81F, 0xF81F, 0xF81F, 0xF81F, 0xF81F, 0xF81F,
    0xF81F, 0xF81F, 0xF81F, 0xF81F, 0xF81F, 0xF81F, 0xF81F, 0xF81F, 0xF81F, 0xF81F, 0xF81F, 0xF81F,
    0xF81F, 0xF81F, 0xF81F, 0xF81F, 0xF81F, 0xF81F, 0xF81F, 0xF81F, 0xF81F, 0xF81F, 0xF81F, 0xF81F,
    0xF81F, 0xF81F, 0xF81F, 0xF81F, 0xF81F, 0xF81F, 0xF81F, 0xF81F, 0x0801, 0x0000, 0x0000, 0x0000,
    0x0000, 0x0000, 0x0820, 0xE1C0, 0xFA20, 0xF220, 0xFA20, 0xFA20, 0xF220, 0xFA20, 0xFA40, 0xDA00,
    0x0020, 0x6840, 0xB8C0, 0x1820, 0x0000, 0x0000, 0x0000, 0x0000, 0x0800, 0xB880, 0xC0A0, 0xF200,
    0xFA60, 0xFA80, 0xD140, 0xD980, 0xE1C0, 0xF280, 0xFB20, 0x40E1, 0x0000, 0xF81F, 0xF81F, 0xF81F,
    0xF81F, 0xF81F, 0xF81F, 0xF81F, 0xF81F, 0xF81F, 0xF81F, 0xF81F, 0xF81F, 0xF81F, 0xF81F, 0xF81F,
    0xF81F, 0xF81F, 0xF81F, 0xF81F, 0xF81F, 0xF81F, 0xF81F, 0xF81F, 0xF81F, 0xF81F, 0xF81F, 0xF81F,
    0xF81F, 0xF81F, 0xF81F, 0xF81F, 0xF81F, 0xF81F, 0xF81F, 0xF81F, 0xF81F, 0xF81F, 0xF81F, 0xF81F,
    0xF81F, 0xF81F, 0xF81F, 0xF81F, 0xF81F, 0xF81F, 0xF81F, 0xF81F, 0xF81F, 0xF81F, 0xF81F, 0xF81F,
    0xF81F, 0xF81F, 0xF81F, 0xF81F, 0xF81F, 0xF81F, 0xF81F, 0xF81F, 0xF81F, 0xF81F, 0xF81F, 0xF81F,
    0xF81F, 0xF81F, 0xF81F, 0x6901, 0x7900, 0x9900, 0x8100, 0x7100, 0xA120, 0x8120, 0x8120, 0xC940,
    0xF81F, 0x5883, 0x6080, 0x3884, 0xF81F, 0xF81F, 0xF81F, 0xF81F, 0xF81F, 0x4860, 0x6080, 0xF200,
    0xFA40, 0xE1A0, 0xC8C0, 0xF240, 0xFB00, 0xFAC0, 0xFB00, 0x40E0, 0x0000, 0xF81F, 0xF81F, 0xF81F,
    0xF81F, 0xF81F, 0xF81F, 0xF81F, 0xF81F, 0xF81F, 0xF81F, 0xF81F, 0xF81F, 0xF81F, 0xF81F, 0xF81F,
    0xF81F, 0xF81F, 0xF81F, 0xF81F, 0xF81F, 0xF81F, 0xF81F, 0xF81F, 0xF81F, 0xF81F, 0xF81F, 0xF81F,
    0xF81F, 0xF81F, 0xF81F, 0xF81F, 0xF81F, 0xF81F, 0xF81F, 0xF81F, 0xF81F, 0xF81F, 0xF81F, 0xF81F,
    0xF81F, 0xF81F, 0xF81F, 0xF81F, 0xF81F, 0xF81F, 0xF81F, 0xF81F, 0xF81F, 0xF81F, 0xF81F, 0xF81F,
    0xF81F, 0xF81F, 0xF81F, 0xF81F, 0xF81F, 0xF81F, 0xF81F, 0xF81F, 0xF81F, 0xF81F, 0xF81F, 0xF81F,
    0xF81F, 0xF81F, 0xF81F, 0x0001, 0x0000, 0x5843, 0x0801, 0x0000, 0x6042, 0x0001, 0x0000, 0xB061,
    0xF81F, 0xF81F, 0x0000, 0xF81F, 0xF81F, 0xF81F, 0xF81F, 0xF81F, 0xF81F, 0x0002, 0x0821, 0xE200,
    0xEA00, 0xC880, 0xC8E0, 0xFA60, 0xFAA0, 0xFAA0, 0xFB00, 0x40C1, 0x0000, 0xF81F, 0xF81F, 0xF81F,
    0xF81F, 0xF81F, 0xF81F, 0xF81F, 0xF81F, 0xF81F, 0xF81F, 0xF81F, 0xF81F, 0xF81F, 0xF81F, 0xF81F,
    0xF81F, 0xF81F, 0xF81F, 0xF81F, 0xF81F, 0xF81F, 0xF81F, 0xF81F, 0xF81F, 0xF81F, 0xF81F, 0xF81F,
    0xF81F, 0xF81F, 0xF81F, 0xF81F, 0xF81F, 0xF81F, 0xF81F, 0xF81F, 0xF81F, 0xF81F, 0xF81F, 0xF81F,
    0xF81F, 0xF81F, 0xF81F, 0xF81F, 0xF81F, 0xF81F, 0xF81F, 0xF81F, 0xF81F, 0xF81F, 0xF81F, 0xF81F,
    0xF81F, 0xF81F, 0xF81F, 0xF81F, 0xF81F, 0xF81F, 0xF81F, 0xF81F, 0xF81F, 0xF81F, 0xF81F, 0xF81F,
    0xF81F, 0xF81F, 0xF81F, 0x0800, 0x1822, 0xF81F, 0x1023, 0x0000, 0xF81F, 0x0843, 0x1800, 0xC882,
    0xF81F, 0xF81F, 0x0000, 0xF81F, 0xF81F, 0xF81F, 0xF81F, 0xF81F, 0xF81F, 0xF81F, 0xF81F, 0x1041,
    0x70A0, 0xD8A0, 0xC0A0, 0xFA60, 0xFAA0, 0xFAC0, 0xFB20, 0x40C0, 0x0000, 0xF81F, 0xF81F, 0xF81F,
    0xF81F, 0xF81F, 0xF81F, 0xF81F, 0xF81F, 0xF81F, 0xF81F, 0xF81F, 0xF81F, 0xF81F, 0xF81F, 0xF81F,
    0xF81F, 0xF81F, 0xF81F, 0xF81F, 0xF81F, 0xF81F, 0xF81F, 0xF81F, 0xF81F, 0xF81F, 0xF81F, 0xF81F,
    0xF81F, 0xF81F, 0xF81F, 0xF81F, 0xF81F, 0xF81F, 0xF81F, 0xF81F, 0xF81F, 0xF81F, 0xF81F, 0xF81F,
    0xF81F, 0xF81F, 0xF81F, 0xF81F, 0xF81F, 0xF81F, 0xF81F, 0xF81F, 0xF81F, 0xF81F, 0xF81F, 0xF81F,
    0xF81F, 0xF81F, 0xF81F, 0xF81F, 0xF81F, 0xF81F, 0xF81F, 0xF81F, 0xF81F, 0xF81F, 0xF81F, 0xF81F,
    0xF81F, 0xF81F, 0xF81F, 0x0001, 0x1002, 0xF81F, 0x0822, 0x0000, 0xF81F, 0xF81F, 0x1822, 0x7062,
    0xF81F, 0xF81F, 0x0000, 0xF81F, 0xF81F, 0xF81F, 0xF81F, 0xF81F, 0xF81F, 0xF81F, 0xF81F, 0x0000,
    0x4880, 0xE140, 0xD140, 0xE200, 0xE220, 0xA1A0, 0x8980, 0x50C4, 0xF81F, 0xF81F, 0xF81F, 0xF81F,
    0xF81F, 0xF81F, 0xF81F, 0xF81F, 0xF81F, 0xF81F, 0xF81F, 0xF81F, 0xF81F, 0xF81F, 0xF81F, 0xF81F,
    0xF81F, 0xF81F, 0xF81F, 0xF81F, 0xF81F, 0xF81F, 0xF81F, 0xF81F, 0xF81F, 0xF81F, 0xF81F, 0xF81F,
    0xF81F, 0xF81F, 0xF81F, 0xF81F, 0xF81F, 0xF81F, 0xF81F, 0xF81F, 0xF81F, 0xF81F, 0xF81F, 0xF81F,
    0xF81F, 0xF81F, 0xF81F, 0xF81F, 0xF81F, 0xF81F, 0xF81F, 0xF81F, 0xF81F, 0xF81F, 0xF81F, 0xF81F,
    0xF81F, 0xF81F, 0xF81F, 0xF81F, 0xF81F, 0xF81F, 0xF81F, 0xF81F, 0xF81F, 0xF81F, 0xF81F, 0xF81F,
    0xF81F, 0xF81F, 0xF81F, 0x0001, 0x1002, 0xF81F, 0x1023, 0x0000, 0xF81F, 0xF81F, 0x1825, 0x0000,
    0xF81F, 0xF81F, 0x0021, 0xF81F, 0xF81F, 0xF81F, 0xF81F, 0x0000, 0x0000, 0x0000, 0x0000, 0x0000,
    0x28A0, 0xFAC0, 0xFAC0, 0xFAA0, 0xFAE0, 0x30A0, 0x0000, 0xF81F, 0xF81F, 0xF81F, 0xF81F, 0xF81F,
    0xF81F, 0xF81F, 0xF81F, 0xF81F, 0xF81F, 0xF81F, 0xF81F, 0xF81F, 0xF81F, 0xF81F, 0xF81F, 0xF81F,
    0xF81F, 0xF81F, 0xF81F, 0xF81F, 0xF81F, 0xF81F, 0xF81F, 0xF81F, 0xF81F, 0xF81F, 0xF81F, 0xF81F,
    0xF81F, 0xF81F, 0xF81F, 0xF81F, 0xF81F, 0xF81F, 0xF81F, 0xF81F, 0xF81F, 0xF81F, 0xF81F, 0xF81F,
    0xF81F, 0xF81F, 0xF81F, 0xF81F, 0xF81F, 0xF81F, 0xF81F, 0xF81F, 0xF81F, 0xF81F, 0xF81F, 0xF81F,
    0xF81F, 0xF81F, 0xF81F, 0xF81F, 0xF81F, 0xF81F, 0xF81F, 0xF81F, 0xF81F, 0xF81F, 0xF81F, 0xF81F,
    0xF81F, 0xF81F, 0xF81F, 0x0821, 0xF81F, 0xF81F, 0x1023, 0x0801, 0xF81F, 0xF81F, 0xF81F, 0x0802,
    0xF81F, 0xF81F, 0xF81F, 0xF81F, 0xF81F, 0xF81F, 0x40A2, 0xBA22, 0xB221, 0xBA21, 0xC221, 0xC200,
    0xCA20, 0xFA80, 0xFA80, 0xFAA0, 0xFAE0, 0x40E0, 0x0000, 0xF81F, 0xF81F, 0xF81F, 0xF81F, 0xF81F,
    0xF81F, 0xF81F, 0xF81F, 0xF81F, 0xF81F, 0xF81F, 0xF81F, 0xF81F, 0xF81F, 0xF81F, 0xF81F, 0xF81F,
    0xF81F, 0xF81F, 0xF81F, 0xF81F, 0xF81F, 0xF81F, 0xF81F, 0xF81F, 0xF81F, 0xF81F, 0xF81F, 0xF81F,
    0xF81F, 0xF81F, 0xF81F, 0xF81F, 0xF81F, 0xF81F, 0xF81F, 0xF81F, 0xF81F, 0xF81F, 0xF81F, 0xF81F,
    0xF81F, 0xF81F, 0xF81F, 0xF81F, 0xF81F, 0xF81F, 0xF81F, 0xF81F, 0xF81F, 0xF81F, 0xF81F, 0xF81F,
    0xF81F, 0xF81F, 0xF81F, 0xF81F, 0xF81F, 0xF81F, 0xF81F, 0xF81F, 0xF81F, 0xF81F, 0xF81F, 0xF81F,
    0xF81F, 0xF81F, 0xF81F, 0xF81F, 0xF81F, 0xF81F, 0xF81F, 0xF81F, 0xF81F, 0xF81F, 0xF81F, 0xF81F,
    0xF81F, 0xF81F, 0xF81F, 0xF81F, 0xF81F, 0x0000, 0x40A0, 0xFAC1, 0xFAC0, 0xFAC0, 0xF2A0, 0xFAA0,
    0xFAA0, 0xFA80, 0xFA80, 0xFA80, 0xFAE0, 0x40E0, 0x0000, 0xF81F, 0xF81F, 0xF81F, 0xF81F, 0xF81F,
    0xF81F, 0xF81F, 0xF81F, 0xF81F, 0xF81F, 0xF81F, 0xF81F, 0xF81F, 0xF81F, 0xF81F, 0xF81F, 0xF81F,
    0xF81F, 0xF81F, 0xF81F, 0xF81F, 0xF81F, 0xF81F, 0xF81F, 0xF81F, 0xF81F, 0xF81F, 0xF81F, 0xF81F,
    0xF81F, 0xF81F, 0xF81F, 0xF81F, 0xF81F, 0xF81F, 0xF81F, 0xF81F, 0xF81F, 0xF81F, 0xF81F, 0xF81F,
    0xF81F, 0xF81F, 0xF81F, 0xF81F, 0xF81F, 0xF81F, 0xF81F, 0xF81F, 0xF81F, 0xF81F, 0xF81F, 0xF81F,
    0xF81F, 0xF81F, 0xF81F, 0xF81F, 0xF81F, 0xF81F, 0xF81F, 0xF81F, 0xF81F, 0xF81F, 0xF81F, 0xF81F,
    0xF81F, 0xF81F, 0xF81F, 0xF81F, 0xF81F, 0xF81F, 0xF81F, 0xF81F, 0xF81F, 0xF81F, 0xF81F, 0xF81F,
    0xF81F, 0xF81F, 0xF81F, 0xF81F, 0xF81F, 0x0001, 0x3040, 0xD880, 0xC880, 0x9060, 0x8880, 0xE220,
    0xFA80, 0xFA80, 0xFA80, 0xFA80, 0xFAC0, 0x48E1, 0x0001, 0xF81F, 0xF81F, 0xF81F, 0xF81F, 0xF81F,
    0xF81F, 0xF81F, 0xF81F, 0xF81F, 0xF81F, 0xF81F, 0xF81F, 0xF81F, 0xF81F, 0xF81F, 0xF81F, 0xF81F,
    0xF81F, 0xF81F, 0xF81F, 0xF81F, 0xF81F, 0xF81F, 0xF81F, 0xF81F, 0xF81F, 0xF81F, 0xF81F, 0xF81F,
    0xF81F, 0xF81F, 0xF81F, 0xF81F, 0xF81F, 0xF81F, 0xF81F, 0xF81F, 0xF81F, 0xF81F, 0xF81F, 0xF81F,
    0xF81F, 0xF81F, 0xF81F, 0xF81F, 0xF81F, 0xF81F, 0xF81F, 0xF81F, 0xF81F, 0xF81F, 0xF81F, 0xF81F,
    0xF81F, 0xF81F, 0xF81F, 0xF81F, 0xF81F, 0xF81F, 0xF81F, 0xF81F, 0xF81F, 0xF81F, 0xF81F, 0xF81F,
    0xF81F, 0xF81F, 0xF81F, 0xF81F, 0xF81F, 0xF81F, 0xF81F, 0xF81F, 0xF81F, 0xF81F, 0xF81F, 0xF81F,
    0xF81F, 0xF81F, 0xF81F, 0xF81F, 0xF81F, 0x0001, 0x3840, 0xE8A0, 0xD0C0, 0xC100, 0xD1A0, 0xFA60,
    0xFA80, 0xFA80, 0xF280, 0x48C0, 0x3080, 0xF81F, 0xF81F, 0xF81F, 0xF81F, 0xF81F, 0xF81F, 0xF81F,
    0xF81F, 0xF81F, 0xF81F, 0xF81F, 0xF81F, 0xF81F, 0xF81F, 0xF81F, 0xF81F, 0xF81F, 0xF81F, 0xF81F,
    0xF81F, 0xF81F, 0xF81F, 0xF81F, 0xF81F, 0xF81F, 0xF81F, 0xF81F, 0xF81F, 0xF81F, 0xF81F, 0xF81F,
    0xF81F, 0xF81F, 0xF81F, 0xF81F, 0xF81F, 0xF81F, 0xF81F, 0xF81F, 0xF81F, 0xF81F, 0xF81F, 0xF81F,
    0xF81F, 0xF81F, 0xF81F, 0xF81F, 0xF81F, 0xF81F, 0xF81F, 0xF81F, 0xF81F, 0xF81F, 0xF81F, 0xF81F,
    0xF81F, 0xF81F, 0xF81F, 0xF81F, 0xF81F, 0xF81F, 0xF81F, 0xF81F, 0xF81F, 0xF81F, 0xF81F, 0xF81F,
    0xF81F, 0xF81F, 0xF81F, 0xF81F, 0xF81F, 0xF81F, 0xF81F, 0xF81F, 0xF81F, 0xF81F, 0xF81F, 0xF81F,
    0xF81F, 0xF81F, 0xF81F, 0xF81F, 0xF81F, 0x0802, 0x3841, 0xB8A0, 0xB8C0, 0xE140, 0xF200, 0xFA80,
    0xF260, 0xEA40, 0xEA40, 0x0841, 0x0002, 0xF81F, 0xF81F, 0xF81F, 0xF81F, 0xF81F, 0xF81F, 0xF81F,
    0xF81F, 0xF81F, 0xF81F, 0xF81F, 0xF81F, 0xF81F, 0xF81F, 0xF81F, 0xF81F, 0xF81F, 0xF81F, 0xF81F,
    0xF81F, 0xF81F, 0xF81F, 0xF81F, 0xF81F, 0xF81F, 0xF81F, 0xF81F, 0xF81F, 0xF81F, 0xF81F, 0xF81F,
    0xF81F, 0xF81F, 0xF81F, 0xF81F, 0xF81F, 0xF81F, 0xF81F, 0xF81F, 0xF81F, 0xF81F, 0xF81F, 0xF81F,
    0xF81F, 0xF81F, 0xF81F, 0xF81F, 0xF81F, 0xF81F, 0xF81F, 0xF81F, 0xF81F, 0xF81F, 0xF81F, 0xF81F,
    0xF81F, 0xF81F, 0xF81F, 0xF81F, 0xF81F, 0xF81F, 0xF81F, 0xF81F, 0xF81F, 0xF81F, 0xF81F, 0xF81F,
    0xF81F, 0xF81F, 0xF81F, 0xF81F, 0xF81F, 0xF81F, 0xF81F, 0xF81F, 0xF81F, 0xF81F, 0xF81F, 0xF81F,
    0xF81F, 0xF81F, 0xF81F, 0xF81F, 0xF81F, 0xF81F, 0xF81F, 0x0000, 0x3060, 0xFA40, 0xFA40, 0xFAA0,
    0x9180, 0x1020, 0x2041, 0xF81F, 0xF81F, 0xF81F, 0xF81F, 0xF81F, 0xF81F, 0xF81F, 0xF81F, 0xF81F,
    0xF81F, 0xF81F, 0xF81F, 0xF81F, 0xF81F, 0xF81F, 0xF81F, 0xF81F, 0xF81F, 0xF81F, 0xF81F, 0xF81F,
    0xF81F, 0xF81F, 0xF81F, 0xF81F, 0xF81F, 0xF81F, 0xF81F, 0xF81F, 0xF81F, 0xF81F, 0xF81F, 0xF81F,
    0xF81F, 0xF81F, 0xF81F, 0xF81F, 0xF81F, 0xF81F, 0xF81F, 0xF81F, 0xF81F, 0xF81F, 0xF81F, 0xF81F,
    0xF81F, 0xF81F, 0xF81F, 0xF81F, 0xF81F, 0xF81F, 0xF81F, 0xF81F, 0xF81F, 0xF81F, 0xF81F, 0xF81F,
    0xF81F, 0xF81F, 0xF81F, 0xF81F, 0xF81F, 0xF81F, 0xF81F, 0xF81F, 0xF81F, 0xF81F, 0xF81F, 0xF81F,
    0xF81F, 0xF81F, 0xF81F, 0xF81F, 0xF81F, 0xF81F, 0xF81F, 0xF81F, 0xF81F, 0xF81F, 0xF81F, 0xF81F,
    0xF81F, 0xF81F, 0xF81F, 0xF81F, 0xF81F, 0xF81F, 0xF81F, 0x0802, 0x2862, 0xE200, 0xE200, 0xE240,
    0x8981, 0x0002, 0x1003, 0xF81F, 0xF81F, 0xF81F, 0xF81F, 0xF81F, 0xF81F, 0xF81F, 0xF81F, 0xF81F,
    0xF81F, 0xF81F, 0xF81F, 0xF81F, 0xF81F, 0xF81F, 0xF81F, 0xF81F, 0xF81F, 0xF81F, 0xF81F, 0xF81F,
    0xF81F, 0xF81F, 0xF81F, 0xF81F, 0xF81F, 0xF81F, 0xF81F, 0xF81F, 0xF81F, 0xF81F, 0xF81F, 0xF81F,
    0xF81F, 0xF81F, 0xF81F, 0xF81F, 0xF81F, 0xF81F, 0xF81F, 0xF81F, 0xF81F, 0xF81F, 0xF81F, 0xF81F,
    0xF81F, 0xF81F, 0xF81F, 0xF81F, 0xF81F, 0xF81F, 0xF81F, 0xF81F, 0xF81F, 0xF81F, 0xF81F, 0xF81F,
    0xF81F, 0xF81F, 0xF81F, 0xF81F, 0xF81F, 0xF81F, 0xF81F, 0xF81F, 0xF81F, 0xF81F, 0xF81F, 0xF81F,
    0xF81F, 0xF81F, 0xF81F, 0xF81F, 0xF81F, 0xF81F, 0xF81F, 0xF81F, 0xF81F, 0xF81F, 0xF81F, 0xF81F,
    0xF81F, 0xF81F, 0xF81F, 0xF81F, 0xF81F, 0xF81F, 0xF81F, 0xF81F, 0xF81F, 0x0821, 0x0800, 0x0800,
    0xF81F, 0xF81F, 0xF81F, 0xF81F, 0xF81F, 0xF81F, 0xF81F, 0xF81F, 0xF81F, 0xF81F, 0xF81F, 0xF81F,
    0xF81F, 0xF81F, 0xF81F, 0xF81F, 0xF81F, 0xF81F, 0xF81F, 0xF81F, 0xF81F, 0xF81F, 0xF81F, 0xF81F,
    0xF81F, 0xF81F, 0xF81F, 0xF81F, 0xF81F, 0xF81F, 0xF81F, 0xF81F, 0xF81F, 0xF81F, 0xF81F, 0xF81F,
    0xF81F, 0xF81F, 0xF81F, 0xF81F, 0xF81F, 0xF81F, 0xF81F, 0xF81F, 0xF81F, 0xF81F, 0xF81F, 0xF81F,
    0xF81F, 0xF81F, 0xF81F, 0xF81F, 0xF81F, 0xF81F, 0xF81F, 0xF81F, 0xF81F, 0xF81F, 0xF81F, 0xF81F,
    0xF81F, 0xF81F, 0xF81F, 0xF81F, 0xF81F, 0xF81F, 0xF81F, 0xF81F, 0xF81F, 0xF81F, 0xF81F, 0xF81F,
    0xF81F, 0xF81F, 0xF81F, 0xF81F, 0xF81F, 0xF81F, 0xF81F, 0xF81F, 0xF81F, 0xF81F, 0xF81F, 0xF81F,
    0xF81F, 0xF81F, 0xF81F, 0xF81F, 0xF81F, 0xF81F, 0xF81F, 0xF81F, 0xF81F, 0x0803, 0x0802, 0x0802,
    0xF81F, 0xF81F, 0xF81F, 0xF81F, 0xF81F, 0xF81F, 0xF81F, 0xF81F, 0xF81F, 0xF81F, 0xF81F, 0xF81F,
    0xF81F, 0xF81F, 0xF81F, 0xF81F, 0xF81F, 0xF81F, 0xF81F, 0xF81F, 0xF81F, 0xF81F, 0xF81F, 0xF81F,
    0xF81F, 0xF81F, 0xF81F, 0xF81F, 0xF81F, 0xF81F, 0xF81F, 0xF81F, 0xF81F, 0xF81F, 0xF81F, 0xF81F,
    0xF81F, 0xF81F, 0xF81F, 0xF81F, 0xF81F, 0xF81F, 0xF81F, 0xF81F, 0xF81F, 0xF81F, 0xF81F, 0xF81F,
    0xF81F, 0xF81F, 0xF81F, 0xF81F, 0xF81F, 0xF81F, 0xF81F, 0xF81F, 0xF81F, 0xF81F, 0xF81F, 0xF81F,
    0xF81F, 0xF81F, 0xF81F, 0xF81F, 0xF81F, 0xF81F, 0xF81F, 0xF81F, 0xF81F, 0xF81F, 0xF81F, 0xF81F,
    0xF81F, 0xF81F, 0xF81F, 0xF81F, 0xF81F, 0xF81F, 0xF81F, 0xF81F, 0xF81F, 0xF81F, 0xF81F, 0xF81F,
    0xF81F, 0xF81F, 0xF81F, 0xF81F, 0xF81F, 0xF81F, 0xF81F, 0xF81F, 0xF81F, 0xF81F, 0xF81F, 0xF81F,
    0xF81F, 0xF81F, 0xF81F, 0xF81F, 0xF81F, 0xF81F, 0xF81F, 0xF81F, 0xF81F, 0xF81F, 0xF81F, 0xF81F,
    0xF81F, 0xF81F, 0xF81F, 0xF81F, 0xF81F, 0xF81F, 0xF81F, 0xF81F, 0xF81F, 0xF81F, 0xF81F, 0xF81F,
    0xF81F, 0xF81F, 0xF81F, 0xF81F, 0xF81F, 0xF81F, 0xF81F, 0xF81F, 0xF81F, 0xF81F, 0xF81F, 0xF81F,
    0xF81F, 0xF81F, 0xF81F, 0xF81F, 0xF81F, 0xF81F, 0xF81F, 0xF81F, 0xF81F, 0xF81F, 0xF81F, 0xF81F,
    0xF81F, 0xF81F, 0xF81F, 0xF81F, 0xF81F, 0xF81F, 0xF81F, 0xF81F, 0xF81F, 0xF81F, 0xF81F, 0xF81F,
    0xF81F, 0xF81F, 0xF81F, 0xF81F, 0xF81F, 0xF81F, 0xF81F, 0xF81F, 0xF81F, 0xF81F, 0xF81F, 0xF81F,
    0xF81F, 0xF81F, 0xF81F, 0xF81F, 0xF81F, 0xF81F, 0xF81F, 0xF81F, 0xF81F, 0xF81F, 0xF81F, 0xF81F,
    0xF81F, 0xF81F, 0xF81F, 0xF81F, 0xF81F, 0xF81F, 0xF81F, 0xF81F, 0xF81F, 0xF81F, 0xF81F, 0xF81F,
    0xF81F, 0xF81F, 0xF81F, 0xF81F, 0xF81F, 0xF81F, 0xF81F, 0xF81F, 0xF81F, 0xF81F, 0xF81F, 0xF81F,
    0xF81F, 0xF81F, 0xF81F, 0xF81F, 0xF81F, 0xF81F, 0xF81F, 0xF81F, 0xF81F, 0xF81F, 0xF81F, 0xF81F,
    0xF81F, 0xF81F, 0xF81F, 0xF81F, 0xF81F, 0xF81F, 0xF81F, 0xF81F, 0xF81F, 0xF81F, 0xF81F, 0xF81F,
    0xF81F, 0xF81F, 0xF81F, 0xF81F, 0xF81F, 0xF81F, 0xF81F, 0xF81F, 0xF81F, 0xF81F, 0xF81F, 0xF81F,
    0xF81F, 0xF81F, 0xF81F, 0xF81F, 0xF81F, 0xF81F, 0xF81F, 0xF81F, 0xF81F, 0xF81F, 0xF81F, 0xF81F,
    0xF81F, 0xF81F, 0xF81F, 0xF81F, 0xF81F, 0xF81F, 0xF81F, 0xF81F, 0xF81F, 0xF81F, 0xF81F, 0xF81F,
    0xF81F, 0xF81F, 0xF81F, 0xF81F, 0xF81F, 0xF81F, 0xF81F, 0xF81F, 0xF81F, 0xF81F, 0xF81F, 0xF81F,
    0xF81F, 0xF81F, 0xF81F, 0xF81F, 0xF81F, 0xF81F, 0xF81F, 0xF81F, 0xF81F, 0xF81F, 0xF81F, 0xF81F,
    0xF81F, 0xF81F, 0xF81F, 0xF81F, 0xF81F, 0xF81F, 0xF81F, 0xF81F, 0xF81F, 0xF81F, 0xF81F, 0xF81F,
    0xF81F, 0xF81F, 0xF81F, 0xF81F, 0xF81F, 0xF81F, 0xF81F, 0xF81F, 0xF81F, 0xF81F, 0xF81F, 0xF81F,
    0xF81F, 0xF81F, 0xF81F, 0xF81F, 0xF81F, 0xF81F, 0xF81F, 0xF81F, 0xF81F, 0xF81F, 0xF81F, 0xF81F,
    0xF81F, 0xF81F, 0xF81F, 0xF81F, 0xF81F, 0xF81F, 0xF81F, 0xF81F, 0xF81F, 0xF81F, 0xF81F, 0xF81F,
    0xF81F, 0xF81F, 0xF81F, 0xF81F, 0xF81F, 0xF81F, 0xF81F, 0xF81F, 0xF81F, 0xF81F, 0xF81F, 0xF81F,
    0xF81F, 0xF81F, 0xF81F, 0xF81F, 0xF81F, 0xF81F, 0xF81F, 0xF81F, 0xF81F, 0xF81F, 0xF81F, 0xF81F,
    0xF81F, 0xF81F, 0xF81F, 0xF81F, 0xF81F, 0xF81F, 0xF81F, 0xF81F, 0xF81F, 0xF81F, 0xF81F, 0xF81F,
    0xF81F, 0xF81F, 0xF81F, 0xF81F, 0xF81F, 0xF81F, 0xF81F, 0xF81F, 0xF81F, 0xF81F, 0xF81F, 0xF81F,
    0xF81F, 0xF81F, 0xF81F, 0xF81F, 0xF81F, 0xF81F, 0xF81F, 0xF81F, 0xF81F, 0xF81F, 0xF81F, 0xF81F,
    0xF81F, 0xF81F, 0xF81F, 0xF81F, 0xF81F, 0xF81F, 0xF81F, 0xF81F, 0xF81F, 0xF81F, 0xF81F, 0xF81F,
    0xF81F, 0xF81F, 0xF81F, 0xF81F, 0xF81F, 0xF81F, 0xF81F, 0xF81F, 0xF81F, 0xF81F, 0xF81F, 0xF81F,
    0xF81F, 0xF81F, 0xF81F, 0xF81F, 0xF81F, 0xF81F, 0xF81F, 0xF81F, 0xF81F, 0xF81F, 0xF81F, 0xF81F,
    0xF81F, 0xF81F, 0xF81F, 0xF81F, 0xF81F, 0xF81F, 0xF81F, 0xF81F, 0xF81F, 0xF81F, 0xF81F, 0xF81F,
    0xF81F, 0xF81F, 0xF81F, 0xF81F, 0xF81F, 0xF81F, 0xF81F, 0xF81F, 0xF81F, 0xF81F, 0xF81F, 0xF81F,
    0xF81F, 0xF81F, 0xF81F, 0xF81F, 0xF81F, 0xF81F, 0xF81F, 0xF81F, 0xF81F, 0xF81F, 0xF81F, 0xF81F,
    0xF81F, 0xF81F, 0xF81F, 0xF81F, 0xF81F, 0xF81F, 0xF81F, 0xF81F, 0xF81F, 0xF81F, 0xF81F, 0xF81F,
    0xF81F, 0xF81F, 0xF81F, 0xF81F, 0xF81F, 0xF81F, 0xF81F, 0xF81F, 0xF81F, 0xF81F, 0xF81F, 0xF81F,
    0xF81F, 0xF81F, 0xF81F, 0xF81F, 0xF81F, 0xF81F, 0xF81F, 0xF81F, 0xF81F, 0xF81F, 0xF81F, 0xF81F,
    0xF81F, 0xF81F, 0xF81F, 0xF81F, 0xF81F, 0xF81F, 0xF81F, 0xF81F, 0xF81F, 0xF81F, 0xF81F, 0xF81F,
    0xF81F, 0xF81F, 0xF81F, 0xF81F, 0xF81F, 0xF81F, 0xF81F, 0xF81F, 0xF81F, 0xF81F, 0xF81F, 0xF81F,
    0xF81F, 0xF81F, 0xF81F, 0xF81F, 0xF81F, 0xF81F, 0xF81F, 0xF81F, 0xF81F, 0xF81F, 0xF81F, 0xF81F,
    0xF81F, 0xF81F, 0xF81F, 0xF81F, 0xF81F, 0xF81F, 0xF81F, 0xF81F, 0xF81F, 0xF81F, 0xF81F, 0xF81F,
    0xF81F, 0xF81F, 0xF81F, 0xF81F, 0xF81F, 0xF81F, 0xF81F, 0xF81F, 0xF81F, 0xF81F, 0xF81F, 0xF81F,
    0xF81F, 0xF81F, 0xF81F, 0xF81F, 0xF81F, 0xF81F, 0xF81F, 0xF81F, 0xF81F, 0xF81F, 0xF81F, 0xF81F,
    0xF81F, 0xF81F, 0xF81F, 0xF81F, 0xF81F, 0xF81F, 0xF81F, 0xF81F, 0xF81F, 0xF81F, 0xF81F, 0xF81F,
    0xF81F, 0xF81F, 0xF81F, 0xF81F, 0xF81F, 0xF81F, 0xF81F, 0xF81F, 0xF81F, 0xF81F, 0xF81F, 0xF81F,
    0xF81F, 0xF81F, 0xF81F, 0xF81F, 0xF81F, 0xF81F, 0xF81F, 0xF81F, 0xF81F, 0xF81F, 0xF81F, 0xF81F,
    0xF81F, 0xF81F, 0xF81F, 0xF81F, 0xF81F, 0xF81F, 0xF81F, 0xF81F, 0xF81F, 0xF81F, 0xF81F, 0xF81F,
    0xF81F, 0xF81F, 0xF81F, 0xF81F, 0xF81F, 0xF81F, 0xF81F, 0xF81F, 0xF81F, 0xF81F, 0xF81F, 0xF81F,
    0xF81F, 0xF81F, 0xF81F, 0xF81F, 0xF81F, 0xF81F, 0xF81F, 0xF81F, 0xF81F, 0xF81F, 0xF81F, 0xF81F,
    0xF81F, 0xF81F, 0xF81F, 0xF81F, 0xF81F, 0xF81F, 0xF81F, 0xF81F, 0xF81F, 0xF81F, 0xF81F, 0xF81F,
    0xF81F, 0xF81F, 0xF81F, 0xF81F, 0xF81F, 0xF81F, 0xF81F, 0xF81F, 0xF81F, 0xF81F, 0xF81F, 0xF81F,
    0xF81F, 0xF81F, 0xF81F, 0xF81F, 0xF81F, 0xF81F, 0xF81F, 0xF81F, 0xF81F, 0xF81F, 0xF81F, 0xF81F,
    0xF81F, 0xF81F, 0xF81F, 0xF81F, 0xF81F, 0xF81F, 0xF81F, 0xF81F, 0xF81F, 0xF81F, 0xF81F, 0xF81F,
    0xF81F, 0xF81F, 0xF81F, 0xF81F, 0xF81F, 0xF81F, 0xF81F, 0xF81F, 0xF81F, 0xF81F, 0xF81F, 0xF81F,
    0xF81F, 0xF81F, 0xF81F, 0xF81F, 0xF81F, 0xF81F, 0xF81F, 0xF81F, 0xF81F, 0xF81F, 0xF81F, 0xF81F,
    0xF81F, 0xF81F, 0xF81F, 0xF81F, 0xF81F, 0xF81F, 0xF81F, 0xF81F, 0xF81F, 0xF81F, 0xF81F, 0xF81F,
    0xF81F, 0xF81F, 0xF81F, 0xF81F, 0xF81F, 0xF81F, 0xF81F, 0xF81F, 0xF81F, 0xF81F, 0xF81F, 0xF81F,
    0xF81F, 0xF81F, 0xF81F, 0xF81F, 0xF81F, 0xF81F, 0xF81F, 0xF81F, 0xF81F, 0xF81F, 0xF81F, 0xF81F,
    0xF81F, 0xF81F, 0xF81F, 0xF81F, 0xF81F, 0xF81F, 0xF81F, 0xF81F, 0xF81F, 0xF81F, 0xF81F, 0xF81F,
    0xF81F, 0xF81F, 0xF81F, 0xF81F, 0xF81F, 0xF81F, 0xF81F, 0xF81F, 0xF81F, 0xF81F, 0xF81F, 0xF81F,
    0xF81F, 0xF81F, 0xF81F, 0xF81F, 0xF81F, 0xF81F, 0xF81F, 0xF81F, 0xF81F, 0xF81F, 0xF81F, 0xF81F,
    0xF81F, 0xF81F, 0xF81F, 0xF81F, 0xF81F, 0xF81F, 0xF81F, 0xF81F, 0xF81F, 0xF81F, 0xF81F, 0xF81F,
    0xF81F, 0xF81F, 0xF81F, 0xF81F, 0xF81F, 0xF81F, 0xF81F, 0xF81F, 0xF81F, 0xF81F, 0xF81F, 0xF81F,
    0xF81F, 0xF81F, 0xF81F, 0xF81F, 0xF81F, 0xF81F, 0xF81F, 0xF81F, 0xF81F, 0xF81F, 0xF81F, 0xF81F,
    0xF81F, 0xF81F, 0xF81F, 0xF81F, 0xF81F, 0xF81F, 0xF81F, 0xF81F, 0xF81F, 0xF81F, 0xF81F, 0xF81F,
    0xF81F, 0xF81F, 0xF81F, 0xF81F, 0xF81F, 0xF81F, 0xF81F, 0xF81F, 0xF81F, 0xF81F, 0xF81F, 0xF81F,
    0xF81F, 0xF81F, 0xF81F, 0xF81F, 0xF81F, 0xF81F, 0xF81F, 0xF81F, 0xF81F, 0xF81F, 0xF81F, 0xF81F,
    0xF81F, 0xF81F, 0xF81F, 0xF81F, 0xF81F, 0xF81F, 0xF81F, 0xF81F, 0xF81F, 0xF81F, 0xF81F, 0xF81F,
    0xF81F, 0xF81F, 0xF81F, 0xF81F, 0xF81F, 0xF81F, 0xF81F, 0xF81F, 0xF81F, 0xF81F, 0xF81F, 0xF81F,
    0xF81F, 0xF81F, 0xF81F, 0xF81F, 0xF81F, 0xF81F, 0xF81F, 0xF81F, 0xF81F, 0xF81F, 0xF81F, 0xF81F,
    0xF81F, 0xF81F, 0xF81F, 0xF81F, 0xF81F, 0xF81F, 0xF81F, 0xF81F, 0xF81F, 0xF81F, 0xF81F, 0xF81F,
    0xF81F, 0xF81F, 0xF81F, 0xF81F, 0xF81F, 0xF81F, 0xF81F, 0xF81F, 0xF81F, 0xF81F, 0xF81F, 0xF81F,
    0xF81F, 0xF81F, 0xF81F, 0xF81F, 0xF81F, 0xF81F, 0xF81F, 0xF81F, 0xF81F, 0xF81F, 0xF81F, 0xF81F,
    0xF81F, 0xF81F, 0xF81F, 0xF81F, 0xF81F, 0xF81F, 0xF81F, 0xF81F, 0xF81F, 0xF81F, 0xF81F, 0xF81F,
    0xF81F, 0xF81F, 0xF81F, 0xF81F, 0xF81F, 0xF81F, 0xF81F, 0xF81F, 0xF81F, 0xF81F, 0xF81F, 0xF81F,
    0xF81F, 0xF81F, 0xF81F, 0xF81F, 0xF81F, 0xF81F, 0xF81F, 0xF81F, 0xF81F, 0xF81F, 0xF81F, 0xF81F,
    0xF81F, 0xF81F, 0xF81F, 0xF81F, 0xF81F, 0xF81F, 0xF81F, 0xF81F, 0xF81F, 0xF81F, 0xF81F, 0xF81F,
    0xF81F, 0xF81F, 0xF81F, 0xF81F, 0xF81F, 0xF81F, 0xF81F, 0xF81F, 0xF81F, 0xF81F, 0xF81F, 0xF81F,
    0xF81F, 0xF81F, 0xF81F, 0xF81F, 0xF81F, 0xF81F, 0xF81F, 0xF81F, 0xF81F, 0xF81F, 0xF81F, 0xF81F,
    0xF81F, 0xF81F, 0xF81F, 0xF81F, 0xF81F, 0xF81F, 0xF81F, 0xF81F, 0xF81F, 0xF81F, 0xF81F, 0xF81F,
    0xF81F, 0xF81F, 0xF81F, 0xF81F, 0xF81F, 0xF81F, 0xF81F, 0xF81F, 0xF81F, 0xF81F, 0xF81F, 0xF81F,
    0xF81F, 0xF81F, 0xF81F, 0xF81F, 0xF81F, 0xF81F, 0xF81F, 0xF81F, 0xF81F, 0xF81F, 0xF81F, 0xF81F,
    0xF81F, 0xF81F, 0xF81F, 0xF81F, 0xF81F, 0xF81F, 0xF81F, 0xF81F, 0xF81F, 0xF81F, 0xF81F, 0xF81F,
    0xF81F, 0xF81F, 0xF81F, 0xF81F, 0xF81F, 0xF81F, 0xF81F, 0xF81F, 0xF81F, 0xF81F, 0xF81F, 0xF81F,
    0xF81F, 0xF81F, 0xF81F, 0xF81F, 0xF81F, 0xF81F, 0xF81F, 0xF81F, 0xF81F, 0xF81F, 0xF81F, 0xF81F,
    0xF81F, 0xF81F, 0xF81F, 0xF81F, 0xF81F, 0xF81F, 0xF81F, 0xF81F, 0xF81F, 0xF81F, 0xF81F, 0xF81F,
    0xF81F, 0xF81F, 0xF81F, 0xF81F, 0xF81F, 0xF81F, 0xF81F, 0xF81F, 0xF81F, 0xF81F, 0xF81F, 0xF81F,
    0xF81F, 0xF81F, 0xF81F, 0xF81F, 0xF81F, 0xF81F, 0xF81F, 0xF81F, 0xF81F, 0xF81F, 0xF81F, 0xF81F,
    0xF81F, 0xF81F, 0xF81F, 0xF81F, 0xF81F, 0xF81F, 0xF81F, 0xF81F, 0xF81F, 0xF81F, 0xF81F, 0xF81F,
    0xF81F, 0xF81F, 0xF81F, 0xF81F, 0xF81F, 0xF81F, 0xF81F, 0xF81F, 0xF81F, 0xF81F, 0xF81F, 0xF81F,
    0xF81F, 0xF81F, 0xF81F, 0xF81F, 0xF81F, 0xF81F, 0xF81F, 0xF81F, 0xF81F, 0xF81F, 0xF81F, 0xF81F,
    0xF81F, 0xF81F, 0xF81F, 0xF81F, 0xF81F, 0xF81F, 0xF81F, 0xF81F, 0xF81F, 0xF81F, 0xF81F, 0xF81F,
    0xF81F, 0xF81F, 0xF81F, 0xF81F, 0xF81F, 0xF81F, 0xF81F, 0xF81F, 0xF81F, 0xF81F, 0xF81F, 0xF81F,
    0xF81F, 0xF81F, 0xF81F, 0xF81F, 0xF81F, 0xF81F, 0xF81F, 0xF81F, 0xF81F, 0xF81F, 0xF81F, 0xF81F,
    0xF81F, 0xF81F, 0xF81F, 0xF81F, 0xF81F, 0xF81F, 0xF81F, 0xF81F, 0xF81F, 0xF81F, 0xF81F, 0xF81F,
    0xF81F, 0xF81F, 0xF81F, 0xF81F, 0xF81F, 0xF81F, 0xF81F, 0xF81F, 0xF81F, 0xF81F, 0xF81F, 0xF81F,
    0xF81F, 0xF81F, 0xF81F, 0xF81F, 0xF81F, 0xF81F, 0xF81F, 0xF81F, 0xF81F, 0xF81F, 0xF81F, 0xF81F,
    0xF81F, 0xF81F, 0xF81F, 0xF81F, 0xF81F, 0xF81F, 0xF81F, 0xF81F, 0xF81F, 0xF81F, 0xF81F, 0xF81F,
    0xF81F, 0xF81F, 0xF81F, 0xF81F, 0xF81F, 0xF81F, 0xF81F, 0xF81F, 0xF81F, 0xF81F, 0xF81F, 0xF81F,
    0xF81F, 0xF81F, 0xF81F, 0xF81F, 0xF81F, 0xF81F, 0xF81F, 0xF81F, 0xF81F, 0xF81F, 0xF81F, 0xF81F,
    0xF81F, 0xF81F, 0xF81F, 0xF81F, 0xF81F, 0xF81F, 0xF81F, 0xF81F, 0xF81F, 0xF81F, 0xF81F, 0xF81F,
    0xF81F, 0xF81F, 0xF81F, 0xF81F, 0xF81F, 0xF81F, 0xF81F, 0xF81F, 0xF81F, 0xF81F, 0xF81F, 0xF81F,
    0xF81F, 0xF81F, 0xF81F, 0xF81F, 0xF81F, 0xF81F, 0xF81F, 0xF81F, 0xF81F, 0xF81F, 0xF81F, 0xF81F,
    0xF81F, 0xF81F, 0xF81F, 0xF81F, 0xF81F, 0xF81F, 0xF81F, 0xF81F, 0xF81F, 0xF81F, 0xF81F, 0xF81F,
    0xF81F, 0xF81F, 0xF81F, 0xF81F, 0xF81F, 0xF81F, 0xF81F, 0xF81F, 0xF81F, 0xF81F, 0xF81F, 0xF81F,
    0xF81F, 0xF81F, 0xF81F, 0xF81F, 0xF81F, 0xF81F, 0xF81F, 0xF81F, 0xF81F, 0xF81F, 0xF81F, 0xF81F,
    0xF81F, 0xF81F, 0xF81F, 0xF81F, 0xF81F, 0xF81F, 0xF81F, 0xF81F, 0xF81F, 0xF81F, 0xF81F, 0xF81F,
    0xF81F, 0xF81F, 0xF81F, 0xF81F, 0xF81F, 0xF81F, 0xF81F, 0xF81F, 0xF81F, 0xF81F, 0xF81F, 0xF81F,
    0xF81F, 0xF81F, 0xF81F, 0xF81F, 0xF81F, 0xF81F, 0xF81F, 0xF81F, 0xF81F, 0xF81F, 0xF81F, 0xF81F,
    0xF81F, 0xF81F, 0xF81F, 0xF81F, 0xF81F, 0xF81F, 0xF81F, 0xF81F, 0xF81F, 0xF81F, 0xF81F, 0xF81F,
    0xF81F, 0xF81F, 0xF81F, 0xF81F, 0xF81F, 0xF81F, 0xF81F, 0xF81F, 0xF81F, 0xF81F, 0xF81F, 0xF81F,
    0xF81F, 0xF81F, 0xF81F, 0xF81F, 0xF81F, 0xF81F, 0xF81F, 0xF81F, 0xF81F, 0xF81F, 0xF81F, 0xF81F,
    0xF81F, 0xF81F, 0xF81F, 0xF81F, 0xF81F, 0xF81F, 0xF81F, 0xF81F, 0xF81F, 0xF81F, 0xF81F, 0xF81F,
    0xF81F, 0xF81F, 0xF81F, 0xF81F, 0xF81F, 0xF81F, 0xF81F, 0xF81F, 0xF81F, 0xF81F, 0xF81F, 0xF81F,
    0xF81F, 0xF81F, 0xF81F, 0xF81F, 0xF81F, 0xF81F, 0xF81F, 0xF81F, 0xF81F, 0xF81F, 0xF81F, 0xF81F,
    0xF81F, 0xF81F, 0xF81F, 0xF81F, 0xF81F, 0xF81F, 0xF81F, 0xF81F, 0xF81F, 0xF81F, 0xF81F, 0xF81F,
    0xF81F, 0xF81F, 0xF81F, 0xF81F, 0xF81F, 0xF81F, 0xF81F, 0xF81F, 0xF81F, 0xF81F, 0xF81F, 0xF81F,
    0xF81F, 0xF81F, 0xF81F, 0xF81F, 0xF81F, 0xF81F, 0xF81F, 0xF81F, 0xF81F, 0xF81F, 0xF81F, 0xF81F,
    0xF81F, 0xF81F, 0xF81F, 0xF81F, 0xF81F, 0xF81F, 0xF81F, 0xF81F, 0xF81F, 0xF81F, 0xF81F, 0xF81F,
    0xF81F, 0xF81F, 0xF81F, 0xF81F, 0xF81F, 0xF81F, 0xF81F, 0xF81F, 0xF81F, 0xF81F, 0xF81F, 0xF81F,
    0xF81F, 0xF81F, 0xF81F, 0xF81F, 0xF81F, 0xF81F, 0xF81F, 0xF81F, 0xF81F, 0xF81F, 0xF81F, 0xF81F,
    0xF81F, 0xF81F, 0xF81F, 0xF81F, 0xF81F, 0xF81F, 0xF81F, 0xF81F, 0xF81F, 0xF81F, 0xF81F, 0xF81F,
    0xF81F, 0xF81F, 0xF81F, 0xF81F, 0xF81F, 0xF81F, 0xF81F, 0xF81F, 0xF81F, 0xF81F, 0xF81F, 0xF81F,
    0xF81F, 0xF81F, 0xF81F, 0xF81F, 0xF81F, 0xF81F, 0xF81F, 0xF81F, 0xF81F, 0xF81F, 0xF81F, 0xF81F,
    0xF81F, 0xF81F, 0xF81F, 0xF81F, 0xF81F, 0xF81F, 0xF81F, 0xF81F, 0xF81F, 0xF81F, 0xF81F, 0xF81F,
    0xF81F, 0xF81F, 0xF81F, 0xF81F, 0xF81F, 0xF81F, 0xF81F, 0xF81F, 0xF81F, 0xF81F, 0xF81F, 0xF81F,
    0xF81F, 0xF81F, 0xF81F, 0xF81F, 0xF81F, 0xF81F, 0xF81F, 0xF81F, 0xF81F, 0xF81F, 0xF81F, 0xF81F,
    0xF81F, 0xF81F, 0xF81F, 0xF81F, 0xF81F, 0xF81F, 0xF81F, 0xF81F, 0xF81F, 0xF81F, 0xF81F, 0xF81F,
    0xF81F, 0xF81F, 0xF81F, 0xF81F, 0xF81F, 0xF81F, 0xF81F, 0xF81F, 0xF81F, 0xF81F, 0xF81F, 0xF81F,
    0xF81F, 0xF81F, 0xF81F, 0xF81F, 0xF81F, 0xF81F, 0xF81F, 0xF81F, 0xF81F, 0xF81F, 0xF81F, 0xF81F,
    0xF81F, 0xF81F, 0xF81F, 0xF81F, 0xF81F, 0xF81F, 0xF81F, 0xF81F, 0xF81F, 0xF81F, 0xF81F, 0xF81F,
    0xF81F, 0xF81F, 0xF81F, 0xF81F, 0xF81F, 0xF81F, 0xF81F, 0xF81F, 0xF81F, 0xF81F, 0xF81F, 0xF81F,
    0xF81F, 0xF81F, 0xF81F, 0xF81F, 0xF81F, 0xF81F, 0xF81F, 0xF81F, 0xF81F, 0xF81F, 0xF81F, 0xF81F,
    0xF81F, 0xF81F, 0xF81F, 0xF81F, 0xF81F, 0xF81F, 0xF81F, 0xF81F, 0xF81F, 0xF81F, 0xF81F, 0xF81F,
    0xF81F, 0xF81F, 0xF81F, 0xF81F, 0xF81F, 0xF81F, 0xF81F, 0xF81F, 0xF81F, 0xF81F, 0xF81F, 0xF81F,
    0xF81F, 0xF81F, 0xF81F, 0xF81F, 0xF81F, 0xF81F, 0xF81F, 0xF81F, 0xF81F, 0xF81F, 0xF81F, 0xF81F,
    0xF81F, 0xF81F, 0xF81F, 0xF81F, 0xF81F, 0xF81F, 0xF81F, 0xF81F, 0xF81F, 0xF81F, 0xF81F, 0xF81F,
    0xF81F, 0xF81F, 0xF81F, 0xF81F, 0xF81F, 0xF81F, 0xF81F, 0xF81F, 0xF81F, 0xF81F, 0xF81F, 0xF81F,
    0xF81F, 0xF81F, 0xF81F, 0xF81F, 0xF81F, 0xF81F, 0xF81F, 0xF81F, 0xF81F, 0xF81F, 0xF81F, 0xF81F,
    0xF81F, 0xF81F, 0xF81F, 0xF81F, 0xF81F, 0xF81F, 0xF81F, 0xF81F, 0xF81F, 0xF81F, 0xF81F, 0xF81F,
    0xF81F, 0xF81F, 0xF81F, 0xF81F, 0xF81F, 0xF81F, 0xF81F, 0xF81F, 0xF81F, 0xF81F, 0xF81F, 0xF81F,
    0xF81F, 0xF81F, 0xF81F, 0xF81F, 0xF81F, 0xF81F, 0xF81F, 0xF81F, 0xF81F, 0xF81F, 0xF81F, 0xF81F,
    0xF81F, 0xF81F, 0xF81F, 0xF81F, 0xF81F, 0xF81F, 0xF81F, 0xF81F, 0xF81F, 0xF81F, 0xF81F, 0xF81F,
    0xF81F, 0xF81F, 0xF81F, 0xF81F, 0xF81F, 0xF81F, 0xF81F, 0xF81F, 0xF81F, 0xF81F, 0xF81F, 0xF81F,
    0xF81F, 0xF81F, 0xF81F, 0xF81F, 0xF81F, 0xF81F, 0xF81F, 0xF81F, 0xF81F, 0xF81F, 0xF81F, 0xF81F,
    0xF81F, 0xF81F, 0xF81F, 0xF81F, 0xF81F, 0xF81F, 0xF81F, 0xF81F, 0xF81F, 0xF81F, 0xF81F, 0xF81F,
    0xF81F, 0xF81F, 0xF81F, 0xF81F, 0xF81F, 0xF81F, 0xF81F, 0xF81F, 0xF81F, 0xF81F, 0xF81F, 0xF81F,
    0xF81F, 0xF81F, 0xF81F, 0xF81F, 0xF81F, 0xF81F, 0xF81F, 0xF81F, 0xF81F, 0xF81F, 0xF81F, 0xF81F,
    0xF81F, 0xF81F, 0xF81F, 0xF81F, 0xF81F, 0xF81F, 0xF81F, 0xF81F, 0xF81F, 0xF81F, 0xF81F, 0xF81F,
    0xF81F, 0xF81F, 0xF81F, 0xF81F, 0xF81F, 0xF81F, 0xF81F, 0xF81F, 0xF81F, 0xF81F, 0xF81F, 0xF81F,
    0xF81F, 0xF81F, 0xF81F, 0xF81F, 0xF81F, 0xF81F, 0xF81F, 0xF81F, 0xF81F, 0xF81F, 0xF81F, 0xF81F,
    0xF81F, 0xF81F, 0xF81F, 0xF81F, 0xF81F, 0xF81F, 0xF81F, 0xF81F, 0xF81F, 0xF81F, 0xF81F, 0xF81F,
    0xF81F, 0xF81F, 0xF81F, 0xF81F, 0xF81F, 0xF81F, 0xF81F, 0xF81F, 0xF81F, 0xF81F, 0xF81F, 0xF81F,
    0xF81F, 0xF81F, 0xF81F, 0xF81F, 0xF81F, 0xF81F, 0xF81F, 0xF81F, 0xF81F, 0xF81F, 0xF81F, 0xF81F,
    0xF81F, 0xF81F, 0xF81F, 0xF81F, 0xF81F, 0xF81F, 0xF81F, 0xF81F, 0xF81F, 0xF81F, 0xF81F, 0xF81F,
    0xF81F, 0xF81F, 0xF81F, 0xF81F, 0xF81F, 0xF81F, 0xF81F, 0xF81F, 0xF81F, 0xF81F, 0xF81F, 0xF81F,
    0xF81F, 0xF81F, 0xF81F, 0xF81F, 0xF81F, 0xF81F, 0xF81F, 0xF81F, 0xF81F, 0xF81F, 0xF81F, 0xF81F,
    0xF81F, 0xF81F, 0xF81F, 0xF81F, 0xF81F, 0xF81F, 0xF81F, 0xF81F, 0xF81F, 0xF81F, 0xF81F, 0xF81F,
    0xF81F, 0xF81F, 0xF81F, 0xF81F, 0xF81F, 0xF81F, 0xF81F, 0xF81F, 0xF81F, 0xF81F, 0xF81F, 0xF81F,
    0xF81F, 0xF81F, 0xF81F, 0xF81F, 0xF81F, 0xF81F, 0xF81F, 0xF81F, 0xF81F, 0xF81F, 0xF81F, 0xF81F,
    0xF81F, 0xF81F, 0xF81F, 0xF81F, 0xF81F, 0xF81F, 0xF81F, 0xF81F, 0xF81F, 0xF81F, 0xF81F, 0xF81F,
    0xF81F, 0xF81F, 0xF81F, 0xF81F, 0xF81F, 0xF81F, 0xF81F, 0xF81F, 0xF81F, 0xF81F, 0xF81F, 0xF81F,
    0xF81F, 0xF81F, 0xF81F, 0xF81F, 0xF81F, 0xF81F, 0xF81F, 0xF81F, 0xF81F, 0xF81F, 0xF81F, 0xF81F,
    0xF81F, 0xF81F, 0xF81F, 0xF81F, 0xF81F, 0xF81F, 0xF81F, 0xF81F, 0xF81F, 0xF81F, 0xF81F, 0xF81F,
    0xF81F, 0xF81F, 0xF81F, 0xF81F, 0xF81F, 0xF81F, 0xF81F, 0xF81F, 0xF81F, 0xF81F, 0xF81F, 0xF81F,
    0xF81F, 0xF81F, 0xF81F, 0xF81F, 0xF81F, 0xF81F, 0xF81F, 0xF81F, 0xF81F, 0xF81F, 0xF81F, 0xF81F,
    0xF81F, 0xF81F, 0xF81F, 0xF81F, 0xF81F, 0xF81F, 0xF81F, 0xF81F, 0xF81F, 0xF81F, 0xF81F, 0xF81F,
    0xF81F, 0xF81F, 0xF81F, 0xF81F, 0xF81F, 0xF81F, 0xF81F, 0xF81F, 0xF81F, 0xF81F, 0xF81F, 0xF81F,
    0xF81F, 0xF81F, 0xF81F, 0xF81F, 0xF81F, 0xF81F, 0xF81F, 0xF81F, 0xF81F, 0xF81F, 0xF81F, 0xF81F,
    0xF81F, 0xF81F, 0xF81F, 0xF81F, 0xF81F, 0xF81F, 0xF81F, 0xF81F, 0xF81F, 0xF81F, 0xF81F, 0xF81F,
    0xF81F, 0xF81F, 0xF81F, 0xF81F, 0xF81F, 0xF81F, 0xF81F, 0xF81F, 0xF81F, 0xF81F, 0xF81F, 0xF81F,
    0xF81F, 0xF81F, 0xF81F, 0xF81F, 0xF81F, 0xF81F, 0xF81F, 0xF81F, 0xF81F, 0xF81F, 0xF81F, 0xF81F,
    0xF81F, 0xF81F, 0xF81F, 0xF81F, 0xF81F, 0xF81F, 0xF81F, 0xF81F, 0xF81F, 0xF81F, 0xF81F, 0xF81F,
    0xF81F, 0xF81F, 0xF81F, 0xF81F, 0xF81F, 0xF81F, 0xF81F, 0xF81F, 0xF81F, 0xF81F, 0xF81F, 0xF81F,
    0xF81F, 0xF81F, 0xF81F, 0xF81F, 0xF81F, 0xF81F, 0xF81F, 0xF81F, 0xF81F, 0xF81F, 0xF81F, 0xF81F,
    0xF81F, 0xF81F, 0xF81F, 0xF81F, 0xF81F, 0xF81F, 0xF81F, 0xF81F, 0xF81F, 0xF81F, 0xF81F, 0xF81F,
    0xF81F, 0xF81F, 0xF81F, 0xF81F, 0xF81F, 0xF81F, 0xF81F, 0xF81F, 0xF81F, 0xF81F, 0xF81F, 0xF81F,
    0xF81F, 0xF81F, 0xF81F, 0xF81F, 0xF81F, 0xF81F, 0xF81F, 0xF81F, 0xF81F, 0xF81F, 0xF81F, 0xF81F,
    0xF81F, 0xF81F, 0xF81F, 0xF81F, 0xF81F, 0xF81F, 0xF81F, 0xF81F, 0xF81F, 0xF81F, 0xF81F, 0xF81F,
    0xF81F, 0xF81F, 0xF81F, 0xF81F, 0xF81F, 0xF81F, 0xF81F, 0xF81F, 0xF81F, 0xF81F, 0xF81F, 0xF81F,
    0xF81F, 0xF81F, 0xF81F, 0xF81F, 0xF81F, 0xF81F, 0xF81F, 0xF81F, 0xF81F, 0xF81F, 0xF81F, 0xF81F,
    0xF81F, 0xF81F, 0xF81F, 0xF81F, 0xF81F, 0xF81F, 0xF81F, 0xF81F, 0xF81F, 0xF81F, 0xF81F, 0xF81F,
    0xF81F, 0xF81F, 0xF81F, 0xF81F, 0xF81F, 0xF81F, 0xF81F, 0xF81F, 0xF81F, 0xF81F, 0xF81F, 0xF81F,
    0xF81F, 0xF81F, 0xF81F, 0xF81F, 0xF81F, 0xF81F, 0xF81F, 0xF81F, 0xF81F, 0xF81F, 0xF81F, 0xF81F,
    0xF81F, 0xF81F, 0xF81F, 0xF81F, 0xF81F, 0xF81F, 0xF81F, 0xF81F, 0xF81F, 0xF81F, 0xF81F, 0xF81F,
    0xF81F, 0xF81F, 0xF81F, 0xF81F, 0xF81F, 0xF81F, 0xF81F, 0xF81F, 0xF81F, 0xF81F, 0xF81F, 0xF81F,
    0xF81F, 0xF81F, 0xF81F, 0xF81F, 0xF81F, 0xF81F, 0xF81F, 0xF81F, 0xF81F, 0xF81F, 0xF81F, 0xF81F,
    0xF81F, 0xF81F, 0xF81F, 0xF81F, 0xF81F, 0xF81F, 0xF81F, 0xF81F, 0xF81F, 0xF81F, 0xF81F, 0xF81F,
    0xF81F, 0xF81F, 0xF81F, 0xF81F, 0xF81F, 0xF81F, 0xF81F, 0xF81F, 0xF81F, 0xF81F, 0xF81F, 0xF81F,
    0xF81F, 0xF81F, 0xF81F, 0xF81F, 0xF81F, 0xF81F, 0xF81F, 0xF81F, 0xF81F, 0xF81F, 0xF81F, 0xF81F,
    0xF81F, 0xF81F, 0xF81F, 0xF81F, 0xF81F, 0xF81F, 0xF81F, 0xF81F, 0xF81F, 0xF81F, 0xF81F, 0xF81F,
    0xF81F, 0xF81F, 0xF81F, 0xF81F, 0xF81F, 0xF81F, 0xF81F, 0xF81F, 0xF81F, 0xF81F, 0xF81F, 0xF81F,
    0xF81F, 0xF81F, 0xF81F, 0xF81F, 0xF81F, 0xF81F, 0xF81F, 0xF81F, 0xF81F, 0xF81F, 0xF81F, 0xF81F,
    0xF81F, 0xF81F, 0xF81F, 0xF81F, 0xF81F, 0xF81F, 0xF81F, 0xF81F, 0xF81F, 0xF81F, 0xF81F, 0xF81F,
    0xF81F, 0xF81F, 0xF81F, 0xF81F, 0xF81F, 0xF81F, 0xF81F, 0xF81F, 0xF81F, 0xF81F, 0xF81F, 0xF81F,
    0xF81F, 0xF81F, 0xF81F, 0xF81F, 0xF81F, 0xF81F, 0xF81F, 0xF81F, 0xF81F, 0xF81F, 0xF81F, 0xF81F,
    0xF81F, 0xF81F, 0xF81F, 0xF81F, 0xF81F, 0xF81F, 0xF81F, 0xF81F, 0xF81F, 0xF81F, 0xF81F, 0xF81F,
    0xF81F, 0xF81F, 0xF81F, 0xF81F, 0xF81F, 0xF81F, 0xF81F, 0xF81F, 0xF81F, 0xF81F, 0xF81F, 0xF81F,
    0xF81F, 0xF81F, 0xF81F, 0xF81F, 0xF81F, 0xF81F, 0xF81F, 0xF81F, 0xF81F, 0xF81F, 0xF81F, 0xF81F,
    0xF81F, 0xF81F, 0xF81F, 0xF81F, 0xF81F, 0xF81F, 0xF81F, 0xF81F, 0xF81F, 0xF81F, 0xF81F, 0xF81F,
    0xF81F, 0xF81F, 0xF81F, 0xF81F, 0xF81F, 0xF81F, 0xF81F, 0xF81F, 0xF81F, 0xF81F, 0xF81F, 0xF81F,
    0xF81F, 0xF81F, 0xF81F, 0xF81F, 0xF81F, 0xF81F, 0xF81F, 0xF81F, 0xF81F, 0xF81F, 0xF81F, 0xF81F,
    0xF81F, 0xF81F, 0xF81F, 0xF81F, 0xF81F, 0xF81F, 0xF81F, 0xF81F, 0xF81F, 0xF81F, 0xF81F, 0xF81F,
    0xF81F, 0xF81F, 0xF81F, 0xF81F, 0xF81F, 0xF81F, 0xF81F, 0xF81F, 0xF81F, 0xF81F, 0xF81F, 0xF81F,
    0xF81F, 0xF81F, 0xF81F, 0xF81F, 0xF81F, 0xF81F, 0xF81F, 0xF81F, 0xF81F, 0xF81F, 0xF81F, 0xF81F,
    0xF81F, 0xF81F, 0xF81F, 0xF81F, 0xF81F, 0xF81F, 0xF81F, 0xF81F, 0xF81F, 0xF81F, 0xF81F, 0xF81F,
    0xF81F, 0xF81F, 0xF81F, 0xF81F, 0xF81F, 0xF81F, 0xF81F, 0xF81F, 0xF81F, 0xF81F, 0xF81F, 0xF81F,
    0xF81F, 0xF81F, 0xF81F, 0xF81F, 0xF81F, 0xF81F, 0xF81F, 0xF81F, 0xF81F, 0xF81F, 0xF81F, 0xF81F,
    0xF81F, 0xF81F, 0xF81F, 0xF81F, 0xF81F, 0xF81F, 0xF81F, 0xF81F, 0xF81F, 0xF81F, 0xF81F, 0xF81F,
    0xF81F, 0xF81F, 0xF81F, 0xF81F, 0xF81F, 0xF81F, 0xF81F, 0xF81F, 0xF81F, 0xF81F, 0xF81F, 0xF81F,
    0xF81F, 0xF81F, 0xF81F, 0xF81F, 0xF81F, 0xF81F, 0xF81F, 0xF81F, 0xF81F, 0xF81F, 0xF81F, 0xF81F,
    0xF81F, 0xF81F, 0xF81F, 0xF81F, 0xF81F, 0xF81F, 0xF81F, 0xF81F, 0xF81F, 0xF81F, 0xF81F, 0xF81F,
    0xF81F, 0xF81F, 0xF81F, 0xF81F, 0xF81F, 0xF81F, 0xF81F, 0xF81F, 0xF81F, 0xF81F, 0xF81F, 0xF81F,
    0xF81F, 0xF81F, 0xF81F, 0xF81F, 0xF81F, 0xF81F, 0xF81F, 0xF81F, 0xF81F, 0xF81F, 0xF81F, 0xF81F,
    0xF81F, 0xF81F, 0xF81F, 0xF81F, 0xF81F, 0xF81F, 0xF81F, 0xF81F, 0xF81F, 0xF81F, 0xF81F, 0xF81F,
    0xF81F, 0xF81F, 0xF81F, 0xF81F, 0xF81F, 0xF81F, 0xF81F, 0xF81F, 0xF81F, 0xF81F, 0xF81F, 0xF81F,
    0xF81F, 0xF81F, 0xF81F, 0xF81F, 0xF81F, 0xF81F, 0xF81F, 0xF81F, 0xF81F, 0xF81F, 0xF81F, 0xF81F,
    0xF81F, 0xF81F, 0xF81F, 0xF81F, 0xF81F, 0xF81F, 0xF81F, 0xF81F, 0xF81F, 0xF81F, 0xF81F, 0xF81F,
    0xF81F, 0xF81F, 0xF81F, 0xF81F, 0xF81F, 0xF81F, 0xF81F, 0xF81F, 0xF81F, 0xF81F, 0xF81F, 0xF81F,
    0xF81F, 0xF81F, 0xF81F, 0xF81F, 0xF81F, 0xF81F, 0xF81F, 0xF81F, 0xF81F, 0xF81F, 0xF81F, 0xF81F,
    0xF81F, 0xF81F, 0xF81F, 0xF81F, 0xF81F, 0xF81F, 0xF81F, 0xF81F, 0xF81F, 0xF81F, 0xF81F, 0xF81F,
    0xF81F, 0xF81F, 0xF81F, 0xF81F, 0xF81F, 0xF81F, 0xF81F, 0xF81F, 0xF81F, 0xF81F, 0xF81F, 0xF81F,
    0xF81F, 0xF81F, 0xF81F, 0xF81F, 0xF81F, 0xF81F, 0xF81F, 0xF81F, 0xF81F, 0xF81F, 0xF81F, 0xF81F,
    0xF81F, 0xF81F, 0xF81F, 0xF81F, 0xF81F, 0xF81F, 0xF81F, 0xF81F, 0xF81F, 0xF81F, 0xF81F, 0xF81F,
    0xF81F, 0xF81F, 0xF81F, 0xF81F, 0xF81F, 0xF81F, 0xF81F, 0xF81F, 0xF81F, 0xF81F, 0xF81F, 0xF81F,
    0xF81F, 0xF81F, 0xF81F, 0xF81F, 0xF81F, 0xF81F, 0xF81F, 0xF81F, 0xF81F, 0xF81F, 0xF81F, 0xF81F,
    0xF81F, 0xF81F, 0xF81F, 0xF81F, 0xF81F, 0xF81F, 0xF81F, 0xF81F, 0xF81F, 0xF81F, 0xF81F, 0xF81F,
    0xF81F, 0xF81F, 0xF81F, 0xF81F, 0xF81F, 0xF81F, 0xF81F, 0xF81F, 0xF81F, 0xF81F, 0xF81F, 0xF81F,
    0xF81F, 0xF81F, 0xF81F, 0xF81F, 0xF81F, 0xF81F, 0xF81F, 0xF81F, 0xF81F, 0xF81F, 0xF81F, 0xF81F,
    0xF81F, 0xF81F, 0xF81F, 0xF81F, 0xF81F, 0xF81F, 0xF81F, 0xF81F, 0xF81F, 0xF81F, 0xF81F, 0xF81F,
    0xF81F, 0xF81F, 0xF81F, 0xF81F, 0xF81F, 0xF81F, 0xF81F, 0xF81F, 0xF81F, 0xF81F, 0xF81F, 0xF81F,
    0xF81F, 0xF81F, 0xF81F, 0xF81F, 0xF81F, 0xF81F, 0xF81F, 0xF81F, 0xF81F, 0xF81F, 0xF81F, 0xF81F,
    0xF81F, 0xF81F, 0xF81F, 0xF81F, 0xF81F, 0xF81F, 0xF81F, 0xF81F, 0xF81F, 0xF81F, 0xF81F, 0xF81F,
    0xF81F, 0xF81F, 0xF81F, 0xF81F, 0xF81F, 0xF81F, 0xF81F, 0xF81F, 0xF81F, 0xF81F, 0xF81F, 0xF81F,
    0xF81F, 0xF81F, 0xF81F, 0xF81F, 0xF81F, 0xF81F, 0xF81F, 0xF81F, 0xF81F, 0xF81F, 0xF81F, 0xF81F,
    0xF81F, 0xF81F, 0xF81F, 0xF81F, 0xF81F, 0xF81F, 0xF81F, 0xF81F, 0xF81F, 0xF81F, 0xF81F, 0xF81F,
    0xF81F, 0xF81F, 0xF81F, 0xF81F, 0xF81F, 0xF81F, 0xF81F, 0xF81F, 0xF81F, 0xF81F, 0xF81F, 0xF81F,
    0xF81F, 0xF81F, 0xF81F, 0xF81F, 0xF81F, 0xF81F, 0xF81F, 0xF81F, 0xF81F, 0xF81F, 0xF81F, 0xF81F,
    0xF81F, 0xF81F, 0xF81F, 0xF81F, 0xF81F, 0xF81F, 0xF81F, 0xF81F, 0xF81F, 0xF81F, 0xF81F, 0xF81F,
    0xF81F, 0xF81F, 0xF81F, 0xF81F, 0xF81F, 0xF81F, 0xF81F, 0xF81F, 0xF81F, 0xF81F, 0xF81F, 0xF81F,
    0xF81F, 0xF81F, 0xF81F, 0xF81F, 0xF81F, 0xF81F, 0xF81F, 0xF81F, 0xF81F, 0xF81F, 0xF81F, 0xF81F,
    0xF81F, 0xF81F, 0xF81F, 0xF81F, 0xF81F, 0xF81F, 0xF81F, 0xF81F, 0xF81F, 0xF81F, 0xF81F, 0xF81F,
    0xF81F, 0xF81F, 0xF81F, 0xF81F, 0xF81F, 0xF81F, 0xF81F, 0xF81F, 0xF81F, 0xF81F, 0xF81F, 0xF81F,
    0xF81F, 0xF81F, 0xF81F, 0xF81F, 0xF81F, 0xF81F, 0xF81F, 0xF81F, 0xF81F, 0xF81F, 0xF81F, 0xF81F,
    0xF81F, 0xF81F, 0xF81F, 0xF81F, 0xF81F, 0xF81F, 0xF81F, 0xF81F, 0xF81F, 0xF81F, 0xF81F, 0xF81F,
    0xF81F, 0xF81F, 0xF81F, 0xF81F, 0xF81F, 0xF81F, 0xF81F, 0xF81F, 0xF81F, 0xF81F, 0xF81F, 0xF81F,
    0xF81F, 0xF81F, 0xF81F, 0xF81F, 0xF81F, 0xF81F, 0xF81F, 0xF81F, 0xF81F, 0xF81F, 0xF81F, 0xF81F,
    0xF81F, 0xF81F, 0xF81F, 0xF81F, 0xF81F, 0xF81F, 0xF81F, 0xF81F, 0xF81F, 0xF81F, 0xF81F, 0xF81F,
    0xF81F, 0xF81F, 0xF81F, 0xF81F, 0xF81F, 0xF81F, 0xF81F, 0xF81F, 0xF81F, 0xF81F, 0xF81F, 0xF81F,
    0xF81F, 0xF81F, 0xF81F, 0xF81F, 0xF81F, 0xF81F, 0xF81F, 0xF81F, 0xF81F, 0xF81F, 0xF81F, 0xF81F,
    0xF81F, 0xF81F, 0xF81F, 0xF81F, 0xF81F, 0xF81F, 0xF81F, 0xF81F, 0xF81F, 0xF81F, 0xF81F, 0xF81F,
    0xF81F, 0xF81F, 0xF81F, 0xF81F, 0xF81F, 0xF81F, 0xF81F, 0xF81F, 0xF81F, 0xF81F, 0xF81F, 0xF81F,
    0xF81F, 0xF81F, 0xF81F, 0xF81F, 0xF81F, 0xF81F, 0xF81F, 0xF81F, 0xF81F, 0xF81F, 0xF81F, 0xF81F,
    0xF81F, 0xF81F, 0xF81F, 0xF81F, 0xF81F, 0xF81F, 0xF81F, 0xF81F, 0xF81F, 0xF81F, 0xF81F, 0xF81F,
};

const uint16_t fish_5[9216] PROGMEM = {
    0xF81F, 0xF81F, 0xF81F, 0xF81F, 0xF81F, 0xF81F, 0xF81F, 0xF81F, 0xF81F, 0xF81F, 0xF81F, 0xF81F,
    0xF81F, 0xF81F, 0xF81F, 0xF81F, 0xF81F, 0xF81F, 0xF81F, 0xF81F, 0xF81F, 0xF81F, 0xF81F, 0xF81F,
    0xF81F, 0xF81F, 0xF81F, 0xF81F, 0xF81F, 0xF81F, 0xF81F, 0xF81F, 0xF81F, 0xF81F, 0xF81F, 0xF81F,
    0xF81F, 0xF81F, 0xF81F, 0xF81F, 0xF81F, 0xF81F, 0xF81F, 0xF81F, 0xF81F, 0xF81F, 0xF81F, 0xF81F,
    0xF81F, 0xF81F, 0xF81F, 0xF81F, 0xF81F, 0xF81F, 0xF81F, 0xF81F, 0xF81F, 0xF81F, 0xF81F, 0xF81F,
    0xF81F, 0xF81F, 0xF81F, 0xF81F, 0xF81F, 0xF81F, 0xF81F, 0xF81F, 0xF81F, 0xF81F, 0xF81F, 0xF81F,
    0xF81F, 0xF81F, 0xF81F, 0xF81F, 0xF81F, 0xF81F, 0xF81F, 0xF81F, 0xF81F, 0xF81F, 0xF81F, 0xF81F,
    0xF81F, 0xF81F, 0xF81F, 0xF81F, 0xF81F, 0xF81F, 0xF81F, 0xF81F, 0xF81F, 0xF81F, 0xF81F, 0xF81F,
    0xF81F, 0xF81F, 0xF81F, 0xF81F, 0xF81F, 0xF81F, 0xF81F, 0xF81F, 0xF81F, 0xF81F, 0xF81F, 0xF81F,
    0xF81F, 0xF81F, 0xF81F, 0xF81F, 0xF81F, 0xF81F, 0xF81F, 0xF81F, 0xF81F, 0xF81F, 0xF81F, 0xF81F,
    0xF81F, 0xF81F, 0xF81F, 0xF81F, 0xF81F, 0xF81F, 0xF81F, 0xF81F, 0xF81F, 0xF81F, 0xF81F, 0xF81F,
    0xF81F, 0xF81F, 0xF81F, 0xF81F, 0xF81F, 0xF81F, 0xF81F, 0xF81F, 0xF81F, 0xF81F, 0xF81F, 0xF81F,
    0xF81F, 0xF81F, 0xF81F, 0xF81F, 0xF81F, 0xF81F, 0xF81F, 0xF81F, 0xF81F, 0xF81F, 0xF81F, 0xF81F,
    0xF81F, 0xF81F, 0xF81F, 0xF81F, 0xF81F, 0xF81F, 0xF81F, 0xF81F, 0xF81F, 0xF81F, 0xF81F, 0xF81F,
    0xF81F, 0xF81F, 0xF81F, 0xF81F, 0xF81F, 0xF81F, 0xF81F, 0xF81F, 0xF81F, 0xF81F, 0xF81F, 0xF81F,
    0xF81F, 0xF81F, 0xF81F, 0xF81F, 0xF81F, 0xF81F, 0xF81F, 0xF81F, 0xF81F, 0xF81F, 0xF81F, 0xF81F,
    0xF81F, 0xF81F, 0xF81F, 0xF81F, 0xF81F, 0xF81F, 0xF81F, 0xF81F, 0xF81F, 0xF81F, 0xF81F, 0xF81F,
    0xF81F, 0xF81F, 0xF81F, 0xF81F, 0xF81F, 0xF81F, 0xF81F, 0xF81F, 0xF81F, 0xF81F, 0xF81F, 0xF81F,
    0xF81F, 0xF81F, 0xF81F, 0xF81F, 0xF81F, 0xF81F, 0xF81F, 0xF81F, 0xF81F, 0xF81F, 0xF81F, 0xF81F,
    0xF81F, 0xF81F, 0xF81F, 0xF81F, 0xF81F, 0xF81F, 0xF81F, 0xF81F, 0xF81F, 0xF81F, 0xF81F, 0xF81F,
    0xF81F, 0xF81F, 0xF81F, 0xF81F, 0xF81F, 0xF81F, 0xF81F, 0xF81F, 0xF81F, 0xF81F, 0xF81F, 0xF81F,
    0xF81F, 0xF81F, 0xF81F, 0xF81F, 0xF81F, 0xF81F, 0xF81F, 0xF81F, 0xF81F, 0xF81F, 0xF81F, 0xF81F,
    0xF81F, 0xF81F, 0xF81F, 0xF81F, 0xF81F, 0xF81F, 0xF81F, 0xF81F, 0xF81F, 0xF81F, 0xF81F, 0xF81F,
    0xF81F, 0xF81F, 0xF81F, 0xF81F, 0xF81F, 0xF81F, 0xF81F, 0xF81F, 0xF81F, 0xF81F, 0xF81F, 0xF81F,
    0xF81F, 0xF81F, 0xF81F, 0xF81F, 0xF81F, 0xF81F, 0xF81F, 0xF81F, 0xF81F, 0xF81F, 0xF81F, 0xF81F,
    0xF81F, 0xF81F, 0xF81F, 0xF81F, 0xF81F, 0xF81F, 0xF81F, 0xF81F, 0xF81F, 0xF81F, 0xF81F, 0xF81F,
    0xF81F, 0xF81F, 0xF81F, 0xF81F, 0xF81F, 0xF81F, 0xF81F, 0xF81F, 0xF81F, 0xF81F, 0xF81F, 0xF81F,
    0xF81F, 0xF81F, 0xF81F, 0xF81F, 0xF81F, 0xF81F, 0xF81F, 0xF81F, 0xF81F, 0xF81F, 0xF81F, 0xF81F,
    0xF81F, 0xF81F, 0xF81F, 0xF81F, 0xF81F, 0xF81F, 0xF81F, 0xF81F, 0xF81F, 0xF81F, 0xF81F, 0xF81F,
    0xF81F, 0xF81F, 0xF81F, 0xF81F, 0xF81F, 0xF81F, 0xF81F, 0xF81F, 0xF81F, 0xF81F, 0xF81F, 0xF81F,
    0xF81F, 0xF81F, 0xF81F, 0xF81F, 0xF81F, 0xF81F, 0xF81F, 0xF81F, 0xF81F, 0xF81F, 0xF81F, 0xF81F,
    0xF81F, 0xF81F, 0xF81F, 0xF81F, 0xF81F, 0xF81F, 0xF81F, 0xF81F, 0xF81F, 0xF81F, 0xF81F, 0xF81F,
    0xF81F, 0xF81F, 0xF81F, 0xF81F, 0xF81F, 0xF81F, 0xF81F, 0xF81F, 0xF81F, 0xF81F, 0xF81F, 0xF81F,
    0xF81F, 0xF81F, 0xF81F, 0xF81F, 0xF81F, 0xF81F, 0xF81F, 0xF81F, 0xF81F, 0xF81F, 0xF81F, 0xF81F,
    0xF81F, 0xF81F, 0xF81F, 0xF81F, 0xF81F, 0xF81F, 0xF81F, 0xF81F, 0xF81F, 0xF81F, 0xF81F, 0xF81F,
    0xF81F, 0xF81F, 0xF81F, 0xF81F, 0xF81F, 0xF81F, 0xF81F, 0xF81F, 0xF81F, 0xF81F, 0xF81F, 0xF81F,
    0xF81F, 0xF81F, 0xF81F, 0xF81F, 0xF81F, 0xF81F, 0xF81F, 0xF81F, 0xF81F, 0xF81F, 0xF81F, 0xF81F,
    0xF81F, 0xF81F, 0xF81F, 0xF81F, 0xF81F, 0xF81F, 0xF81F, 0xF81F, 0xF81F, 0xF81F, 0xF81F, 0xF81F,
    0xF81F, 0xF81F, 0xF81F, 0xF81F, 0xF81F, 0xF81F, 0xF81F, 0xF81F, 0xF81F, 0xF81F, 0xF81F, 0xF81F,
    0xF81F, 0xF81F, 0xF81F, 0xF81F, 0xF81F, 0xF81F, 0xF81F, 0xF81F, 0xF81F, 0xF81F, 0xF81F, 0xF81F,
    0xF81F, 0xF81F, 0xF81F, 0xF81F, 0xF81F, 0xF81F, 0xF81F, 0xF81F, 0xF81F, 0xF81F, 0xF81F, 0xF81F,
    0xF81F, 0xF81F, 0xF81F, 0xF81F, 0xF81F, 0xF81F, 0xF81F, 0xF81F, 0xF81F, 0xF81F, 0xF81F, 0xF81F,
    0xF81F, 0xF81F, 0xF81F, 0xF81F, 0xF81F, 0xF81F, 0xF81F, 0xF81F, 0xF81F, 0xF81F, 0xF81F, 0xF81F,
    0xF81F, 0xF81F, 0xF81F, 0xF81F, 0xF81F, 0xF81F, 0xF81F, 0xF81F, 0xF81F, 0xF81F, 0xF81F, 0xF81F,
    0xF81F, 0xF81F, 0xF81F, 0xF81F, 0xF81F, 0xF81F, 0xF81F, 0xF81F, 0xF81F, 0xF81F, 0xF81F, 0xF81F,
    0xF81F, 0xF81F, 0xF81F, 0xF81F, 0xF81F, 0xF81F, 0xF81F, 0xF81F, 0xF81F, 0xF81F, 0xF81F, 0xF81F,
    0xF81F, 0xF81F, 0xF81F, 0xF81F, 0xF81F, 0xF81F, 0xF81F, 0xF81F, 0xF81F, 0xF81F, 0xF81F, 0xF81F,
    0xF81F, 0xF81F, 0xF81F, 0xF81F, 0xF81F, 0xF81F, 0xF81F, 0xF81F, 0xF81F, 0xF81F, 0xF81F, 0xF81F,
    0xF81F, 0xF81F, 0xF81F, 0xF81F, 0xF81F, 0xF81F, 0xF81F, 0xF81F, 0xF81F, 0xF81F, 0xF81F, 0xF81F,
    0xF81F, 0xF81F, 0xF81F, 0xF81F, 0xF81F, 0xF81F, 0xF81F, 0xF81F, 0xF81F, 0xF81F, 0xF81F, 0xF81F,
    0xF81F, 0xF81F, 0xF81F, 0xF81F, 0xF81F, 0xF81F, 0xF81F, 0xF81F, 0xF81F, 0xF81F, 0xF81F, 0xF81F,
    0xF81F, 0xF81F, 0xF81F, 0xF81F, 0xF81F, 0xF81F, 0xF81F, 0xF81F, 0xF81F, 0xF81F, 0xF81F, 0xF81F,
    0xF81F, 0xF81F, 0xF81F, 0xF81F, 0xF81F, 0xF81F, 0xF81F, 0xF81F, 0xF81F, 0xF81F, 0xF81F, 0xF81F,
    0xF81F, 0xF81F, 0xF81F, 0xF81F, 0xF81F, 0xF81F, 0xF81F, 0xF81F, 0xF81F, 0xF81F, 0xF81F, 0xF81F,
    0xF81F, 0xF81F, 0xF81F, 0xF81F, 0xF81F, 0xF81F, 0xF81F, 0xF81F, 0xF81F, 0xF81F, 0xF81F, 0xF81F,
    0xF81F, 0xF81F, 0xF81F, 0xF81F, 0xF81F, 0xF81F, 0xF81F, 0xF81F, 0xF81F, 0xF81F, 0xF81F, 0xF81F,
    0xF81F, 0xF81F, 0xF81F, 0xF81F, 0xF81F, 0xF81F, 0xF81F, 0xF81F, 0xF81F, 0xF81F, 0xF81F, 0xF81F,
    0xF81F, 0xF81F, 0xF81F, 0xF81F, 0xF81F, 0xF81F, 0xF81F, 0xF81F, 0xF81F, 0xF81F, 0xF81F, 0xF81F,
    0xF81F, 0xF81F, 0xF81F, 0xF81F, 0xF81F, 0xF81F, 0xF81F, 0xF81F, 0xF81F, 0xF81F, 0xF81F, 0xF81F,
    0xF81F, 0xF81F, 0xF81F, 0xF81F, 0xF81F, 0xF81F, 0xF81F, 0xF81F, 0xF81F, 0xF81F, 0xF81F, 0xF81F,
    0xF81F, 0xF81F, 0xF81F, 0xF81F, 0xF81F, 0xF81F, 0xF81F, 0xF81F, 0xF81F, 0xF81F, 0xF81F, 0xF81F,
    0xF81F, 0xF81F, 0xF81F, 0xF81F, 0xF81F, 0xF81F, 0xF81F, 0xF81F, 0xF81F, 0xF81F, 0xF81F, 0xF81F,
    0xF81F, 0xF81F, 0xF81F, 0xF81F, 0xF81F, 0xF81F, 0xF81F, 0xF81F, 0xF81F, 0xF81F, 0xF81F, 0xF81F,
    0xF81F, 0xF81F, 0xF81F, 0xF81F, 0xF81F, 0xF81F, 0xF81F, 0xF81F, 0xF81F, 0xF81F, 0xF81F, 0xF81F,
    0xF81F, 0xF81F, 0xF81F, 0xF81F, 0xF81F, 0xF81F, 0xF81F, 0xF81F, 0xF81F, 0xF81F, 0xF81F, 0xF81F,
    0xF81F, 0xF81F, 0xF81F, 0xF81F, 0xF81F, 0xF81F, 0xF81F, 0xF81F, 0xF81F, 0xF81F, 0xF81F, 0xF81F,
    0xF81F, 0xF81F, 0xF81F, 0xF81F, 0xF81F, 0xF81F, 0xF81F, 0xF81F, 0xF81F, 0xF81F, 0xF81F, 0xF81F,
    0xF81F, 0xF81F, 0xF81F, 0xF81F, 0xF81F, 0xF81F, 0xF81F, 0xF81F, 0xF81F, 0xF81F, 0xF81F, 0xF81F,
    0xF81F, 0xF81F, 0xF81F, 0xF81F, 0xF81F, 0xF81F, 0xF81F, 0xF81F, 0xF81F, 0xF81F, 0xF81F, 0xF81F,
    0xF81F, 0xF81F, 0xF81F, 0xF81F, 0xF81F, 0xF81F, 0xF81F, 0xF81F, 0xF81F, 0xF81F, 0xF81F, 0xF81F,
    0xF81F, 0xF81F, 0xF81F, 0xF81F, 0xF81F, 0xF81F, 0xF81F, 0xF81F, 0xF81F, 0xF81F, 0xF81F, 0xF81F,
    0xF81F, 0xF81F, 0xF81F, 0xF81F, 0xF81F, 0xF81F, 0xF81F, 0xF81F, 0xF81F, 0xF81F, 0xF81F, 0xF81F,
    0xF81F, 0xF81F, 0xF81F, 0xF81F, 0xF81F, 0xF81F, 0xF81F, 0xF81F, 0xF81F, 0xF81F, 0xF81F, 0xF81F,
    0xF81F, 0xF81F, 0xF81F, 0xF81F, 0xF81F, 0xF81F, 0xF81F, 0xF81F, 0xF81F, 0xF81F, 0xF81F, 0xF81F,
    0xF81F, 0xF81F, 0xF81F, 0xF81F, 0xF81F, 0xF81F, 0xF81F, 0xF81F, 0xF81F, 0xF81F, 0xF81F, 0xF81F,
    0xF81F, 0xF81F, 0xF81F, 0xF81F, 0xF81F, 0xF81F, 0xF81F, 0xF81F, 0xF81F, 0xF81F, 0xF81F, 0xF81F,
    0xF81F, 0xF81F, 0xF81F, 0xF81F, 0xF81F, 0xF81F, 0xF81F, 0xF81F, 0xF81F, 0xF81F, 0xF81F, 0xF81F,
    0xF81F, 0xF81F, 0xF81F, 0xF81F, 0xF81F, 0xF81F, 0xF81F, 0xF81F, 0xF81F, 0xF81F, 0xF81F, 0xF81F,
    0xF81F, 0xF81F, 0xF81F, 0xF81F, 0xF81F, 0xF81F, 0xF81F, 0xF81F, 0xF81F, 0xF81F, 0xF81F, 0xF81F,
    0xF81F, 0xF81F, 0xF81F, 0xF81F, 0xF81F, 0xF81F, 0xF81F, 0xF81F, 0xF81F, 0xF81F, 0xF81F, 0xF81F,
    0xF81F, 0xF81F, 0xF81F, 0xF81F, 0xF81F, 0xF81F, 0xF81F, 0xF81F, 0xF81F, 0xF81F, 0xF81F, 0xF81F,
    0xF81F, 0xF81F, 0xF81F, 0xF81F, 0xF81F, 0xF81F, 0xF81F, 0xF81F, 0xF81F, 0xF81F, 0xF81F, 0xF81F,
    0xF81F, 0xF81F, 0xF81F, 0xF81F, 0xF81F, 0xF81F, 0xF81F, 0xF81F, 0xF81F, 0xF81F, 0xF81F, 0xF81F,
    0xF81F, 0xF81F, 0xF81F, 0xF81F, 0xF81F, 0xF81F, 0xF81F, 0xF81F, 0xF81F, 0xF81F, 0xF81F, 0xF81F,
    0xF81F, 0xF81F, 0xF81F, 0xF81F, 0xF81F, 0xF81F, 0xF81F, 0xF81F, 0xF81F, 0xF81F, 0xF81F, 0xF81F,
    0xF81F, 0xF81F, 0xF81F, 0xF81F, 0xF81F, 0xF81F, 0xF81F, 0xF81F, 0xF81F, 0xF81F, 0xF81F, 0xF81F,
    0xF81F, 0xF81F, 0xF81F, 0xF81F, 0xF81F, 0xF81F, 0xF81F, 0xF81F, 0xF81F, 0xF81F, 0xF81F, 0xF81F,
    0xF81F, 0xF81F, 0xF81F, 0xF81F, 0xF81F, 0xF81F, 0xF81F, 0xF81F, 0xF81F, 0xF81F, 0xF81F, 0xF81F,
    0xF81F, 0xF81F, 0xF81F, 0xF81F, 0xF81F, 0xF81F, 0xF81F, 0xF81F, 0xF81F, 0xF81F, 0xF81F, 0xF81F,
    0xF81F, 0xF81F, 0xF81F, 0xF81F, 0xF81F, 0xF81F, 0xF81F, 0xF81F, 0xF81F, 0xF81F, 0xF81F, 0xF81F,
    0xF81F, 0xF81F, 0xF81F, 0xF81F, 0xF81F, 0xF81F, 0xF81F, 0xF81F, 0xF81F, 0xF81F, 0xF81F, 0xF81F,
    0xF81F, 0xF81F, 0xF81F, 0xF81F, 0xF81F, 0xF81F, 0xF81F, 0xF81F, 0xF81F, 0xF81F, 0xF81F, 0xF81F,
    0xF81F, 0xF81F, 0xF81F, 0xF81F, 0xF81F, 0xF81F, 0xF81F, 0xF81F, 0xF81F, 0xF81F, 0xF81F, 0xF81F,
    0xF81F, 0xF81F, 0xF81F, 0xF81F, 0xF81F, 0xF81F, 0xF81F, 0xF81F, 0xF81F, 0xF81F, 0xF81F, 0xF81F,
    0xF81F, 0xF81F, 0xF81F, 0xF81F, 0xF81F, 0xF81F, 0xF81F, 0xF81F, 0xF81F, 0xF81F, 0xF81F, 0xF81F,
    0xF81F, 0xF81F, 0xF81F, 0xF81F, 0xF81F, 0xF81F, 0xF81F, 0xF81F, 0xF81F, 0xF81F, 0xF81F, 0xF81F,
    0xF81F, 0xF81F, 0xF81F, 0xF81F, 0xF81F, 0xF81F, 0xF81F, 0xF81F, 0xF81F, 0xF81F, 0xF81F, 0xF81F,
    0xF81F, 0xF81F, 0xF81F, 0xF81F, 0xF81F, 0xF81F, 0xF81F, 0xF81F, 0xF81F, 0xF81F, 0xF81F, 0xF81F,
    0xF81F, 0xF81F, 0xF81F, 0xF81F, 0xF81F, 0xF81F, 0xF81F, 0xF81F, 0xF81F, 0xF81F, 0xF81F, 0xF81F,
    0xF81F, 0xF81F, 0xF81F, 0xF81F, 0xF81F, 0xF81F, 0xF81F, 0xF81F, 0xF81F, 0xF81F, 0xF81F, 0xF81F,
    0xF81F, 0xF81F, 0xF81F, 0xF81F, 0xF81F, 0xF81F, 0xF81F, 0xF81F, 0xF81F, 0xF81F, 0xF81F, 0xF81F,
    0xF81F, 0xF81F, 0xF81F, 0xF81F, 0xF81F, 0xF81F, 0xF81F, 0xF81F, 0xF81F, 0xF81F, 0xF81F, 0xF81F,
    0xF81F, 0xF81F, 0xF81F, 0xF81F, 0xF81F, 0xF81F, 0xF81F, 0xF81F, 0xF81F, 0xF81F, 0xF81F, 0xF81F,
    0xF81F, 0xF81F, 0xF81F, 0xF81F, 0xF81F, 0xF81F, 0xF81F, 0xF81F, 0xF81F, 0xF81F, 0xF81F, 0xF81F,
    0xF81F, 0xF81F, 0xF81F, 0xF81F, 0xF81F, 0xF81F, 0xF81F, 0xF81F, 0xF81F, 0xF81F, 0xF81F, 0xF81F,
    0xF81F, 0xF81F, 0xF81F, 0xF81F, 0xF81F, 0xF81F, 0xF81F, 0xF81F, 0xF81F, 0xF81F, 0xF81F, 0xF81F,
    0xF81F, 0xF81F, 0xF81F, 0xF81F, 0xF81F, 0xF81F, 0xF81F, 0xF81F, 0xF81F, 0xF81F, 0xF81F, 0xF81F,
    0xF81F, 0xF81F, 0xF81F, 0xF81F, 0xF81F, 0xF81F, 0xF81F, 0xF81F, 0xF81F, 0xF81F, 0xF81F, 0xF81F,
    0xF81F, 0xF81F, 0xF81F, 0xF81F, 0xF81F, 0xF81F, 0xF81F, 0xF81F, 0xF81F, 0xF81F, 0xF81F, 0xF81F,
    0xF81F, 0xF81F, 0xF81F, 0xF81F, 0xF81F, 0xF81F, 0xF81F, 0xF81F, 0xF81F, 0xF81F, 0xF81F, 0xF81F,
    0xF81F, 0xF81F, 0xF81F, 0xF81F, 0xF81F, 0xF81F, 0xF81F, 0xF81F, 0xF81F, 0xF81F, 0xF81F, 0xF81F,
    0xF81F, 0xF81F, 0xF81F, 0xF81F, 0xF81F, 0xF81F, 0xF81F, 0xF81F, 0xF81F, 0xF81F, 0xF81F, 0xF81F,
    0xF81F, 0xF81F, 0xF81F, 0xF81F, 0xF81F, 0xF81F, 0xF81F, 0xF81F, 0xF81F, 0xF81F, 0xF81F, 0xF81F,
    0xF81F, 0xF81F, 0xF81F, 0xF81F, 0xF81F, 0xF81F, 0xF81F, 0xF81F, 0xF81F, 0xF81F, 0xF81F, 0xF81F,
    0xF81F, 0xF81F, 0xF81F, 0xF81F, 0xF81F, 0xF81F, 0xF81F, 0xF81F, 0xF81F, 0xF81F, 0xF81F, 0xF81F,
    0xF81F, 0xF81F, 0xF81F, 0xF81F, 0xF81F, 0xF81F, 0xF81F, 0xF81F, 0xF81F, 0xF81F, 0xF81F, 0xF81F,
    0xF81F, 0xF81F, 0xF81F, 0xF81F, 0xF81F, 0xF81F, 0xF81F, 0xF81F, 0xF81F, 0xF81F, 0xF81F, 0xF81F,
    0xF81F, 0xF81F, 0xF81F, 0xF81F, 0xF81F, 0xF81F, 0xF81F, 0xF81F, 0xF81F, 0xF81F, 0xF81F, 0xF81F,
    0xF81F, 0xF81F, 0xF81F, 0xF81F, 0xF81F, 0xF81F, 0xF81F, 0xF81F, 0xF81F, 0xF81F, 0xF81F, 0xF81F,
    0xF81F, 0xF81F, 0xF81F, 0xF81F, 0xF81F, 0xF81F, 0xF81F, 0xF81F, 0xF81F, 0xF81F, 0xF81F, 0xF81F,
    0xF81F, 0xF81F, 0xF81F, 0xF81F, 0xF81F, 0xF81F, 0xF81F, 0xF81F, 0xF81F, 0xF81F, 0xF81F, 0xF81F,
    0xF81F, 0xF81F, 0xF81F, 0xF81F, 0xF81F, 0xF81F, 0xF81F, 0xF81F, 0xF81F, 0xF81F, 0xF81F, 0xF81F,
    0xF81F, 0xF81F, 0xF81F, 0xF81F, 0xF81F, 0xF81F, 0xF81F, 0xF81F, 0xF81F, 0xF81F, 0xF81F, 0xF81F,
    0xF81F, 0xF81F, 0xF81F, 0xF81F, 0xF81F, 0xF81F, 0xF81F, 0xF81F, 0xF81F, 0xF81F, 0xF81F, 0xF81F,
    0xF81F, 0xF81F, 0xF81F, 0xF81F, 0xF81F, 0xF81F, 0xF81F, 0xF81F, 0xF81F, 0xF81F, 0xF81F, 0xF81F,
    0xF81F, 0xF81F, 0xF81F, 0xF81F, 0xF81F, 0xF81F, 0xF81F, 0xF81F, 0xF81F, 0xF81F, 0xF81F, 0xF81F,
    0xF81F, 0xF81F, 0xF81F, 0xF81F, 0xF81F, 0xF81F, 0xF81F, 0xF81F, 0xF81F, 0xF81F, 0xF81F, 0xF81F,
    0xF81F, 0xF81F, 0xF81F, 0xF81F, 0xF81F, 0xF81F, 0xF81F, 0xF81F, 0xF81F, 0xF81F, 0xF81F, 0xF81F,
    0xF81F, 0xF81F, 0xF81F, 0xF81F, 0xF81F, 0xF81F, 0xF81F, 0xF81F, 0xF81F, 0xF81F, 0xF81F, 0xF81F,
    0xF81F, 0xF81F, 0xF81F, 0xF81F, 0xF81F, 0xF81F, 0xF81F, 0xF81F, 0xF81F, 0xF81F, 0xF81F, 0xF81F,
    0xF81F, 0xF81F, 0xF81F, 0xF81F, 0xF81F, 0xF81F, 0xF81F, 0xF81F, 0xF81F, 0xF81F, 0xF81F, 0xF81F,
    0xF81F, 0xF81F, 0xF81F, 0xF81F, 0xF81F, 0xF81F, 0xF81F, 0xF81F, 0xF81F, 0xF81F, 0xF81F, 0xF81F,
    0xF81F, 0xF81F, 0xF81F, 0xF81F, 0xF81F, 0xF81F, 0xF81F, 0xF81F, 0xF81F, 0xF81F, 0xF81F, 0xF81F,
    0xF81F, 0xF81F, 0xF81F, 0xF81F, 0xF81F, 0xF81F, 0xF81F, 0xF81F, 0xF81F, 0xF81F, 0xF81F, 0xF81F,
    0xF81F, 0xF81F, 0xF81F, 0xF81F, 0xF81F, 0xF81F, 0xF81F, 0xF81F, 0xF81F, 0xF81F, 0xF81F, 0xF81F,
    0xF81F, 0xF81F, 0xF81F, 0xF81F, 0xF81F, 0xF81F, 0xF81F, 0xF81F, 0xF81F, 0xF81F, 0xF81F, 0xF81F,
    0xF81F, 0xF81F, 0xF81F, 0xF81F, 0xF81F, 0xF81F, 0xF81F, 0xF81F, 0xF81F, 0xF81F, 0xF81F, 0xF81F,
    0xF81F, 0xF81F, 0xF81F, 0xF81F, 0xF81F, 0xF81F, 0xF81F, 0xF81F, 0xF81F, 0xF81F, 0xF81F, 0xF81F,
    0xF81F, 0xF81F, 0xF81F, 0xF81F, 0xF81F, 0xF81F, 0xF81F, 0xF81F, 0xF81F, 0xF81F, 0xF81F, 0xF81F,
    0xF81F, 0xF81F, 0xF81F, 0xF81F, 0xF81F, 0xF81F, 0xF81F, 0xF81F, 0xF81F, 0xF81F, 0xF81F, 0xF81F,
    0xF81F, 0xF81F, 0xF81F, 0xF81F, 0xF81F, 0xF81F, 0xF81F, 0xF81F, 0xF81F, 0xF81F, 0xF81F, 0xF81F,
    0xF81F, 0xF81F, 0xF81F, 0xF81F, 0xF81F, 0xF81F, 0xF81F, 0xF81F, 0xF81F, 0xF81F, 0xF81F, 0xF81F,
    0xF81F, 0xF81F, 0xF81F, 0xF81F, 0xF81F, 0xF81F, 0xF81F, 0xF81F, 0xF81F, 0xF81F, 0xF81F, 0xF81F,
    0xF81F, 0xF81F, 0xF81F, 0xF81F, 0xF81F, 0xF81F, 0xF81F, 0xF81F, 0xF81F, 0xF81F, 0xF81F, 0xF81F,
    0xF81F, 0xF81F, 0xF81F, 0xF81F, 0xF81F, 0xF81F, 0xF81F, 0xF81F, 0xF81F, 0xF81F, 0xF81F, 0xF81F,
    0xF81F, 0xF81F, 0xF81F, 0xF81F, 0xF81F, 0xF81F, 0xF81F, 0xF81F, 0xF81F, 0xF81F, 0xF81F, 0xF81F,
    0xF81F, 0xF81F, 0xF81F, 0xF81F, 0xF81F, 0xF81F, 0xF81F, 0xF81F, 0xF81F, 0xF81F, 0xF81F, 0xF81F,
    0xF81F, 0xF81F, 0xF81F, 0xF81F, 0xF81F, 0xF81F, 0xF81F, 0xF81F, 0xF81F, 0xF81F, 0xF81F, 0xF81F,
    0xF81F, 0xF81F, 0xF81F, 0xF81F, 0xF81F, 0xF81F, 0xF81F, 0xF81F, 0xF81F, 0xF81F, 0xF81F, 0xF81F,
    0xF81F, 0xF81F, 0xF81F, 0xF81F, 0xF81F, 0xF81F, 0xF81F, 0xF81F, 0xF81F, 0xF81F, 0xF81F, 0xF81F,
    0xF81F, 0xF81F, 0xF81F, 0xF81F, 0xF81F, 0xF81F, 0xF81F, 0xF81F, 0xF81F, 0xF81F, 0xF81F, 0xF81F,
    0xF81F, 0xF81F, 0xF81F, 0xF81F, 0xF81F, 0xF81F, 0xF81F, 0xF81F, 0xF81F, 0xF81F, 0xF81F, 0xF81F,
    0xF81F, 0xF81F, 0xF81F, 0xF81F, 0xF81F, 0xF81F, 0xF81F, 0xF81F, 0xF81F, 0xF81F, 0xF81F, 0xF81F,
    0xF81F, 0xF81F, 0xF81F, 0xF81F, 0xF81F, 0xF81F, 0xF81F, 0xF81F, 0xF81F, 0xF81F, 0xF81F, 0xF81F,
    0xF81F, 0xF81F, 0xF81F, 0xF81F, 0xF81F, 0xF81F, 0xF81F, 0xF81F, 0xF81F, 0xF81F, 0xF81F, 0xF81F,
    0xF81F, 0xF81F, 0xF81F, 0xF81F, 0xF81F, 0xF81F, 0xF81F, 0xF81F, 0xF81F, 0xF81F, 0xF81F, 0xF81F,
    0xF81F, 0xF81F, 0xF81F, 0xF81F, 0xF81F, 0xF81F, 0xF81F, 0xF81F, 0xF81F, 0xF81F, 0xF81F, 0xF81F,
    0xF81F, 0xF81F, 0xF81F, 0xF81F, 0xF81F, 0xF81F, 0xF81F, 0xF81F, 0xF81F, 0xF81F, 0xF81F, 0xF81F,
    0xF81F, 0xF81F, 0xF81F, 0xF81F, 0xF81F, 0xF81F, 0xF81F, 0xF81F, 0xF81F, 0xF81F, 0xF81F, 0xF81F,
    0xF81F, 0xF81F, 0xF81F, 0xF81F, 0xF81F, 0xF81F, 0xF81F, 0xF81F, 0xF81F, 0xF81F, 0xF81F, 0xF81F,
    0xF81F, 0xF81F, 0xF81F, 0xF81F, 0xF81F, 0xF81F, 0xF81F, 0xF81F, 0xF81F, 0xF81F, 0xF81F, 0xF81F,
    0xF81F, 0xF81F, 0xF81F, 0xF81F, 0xF81F, 0xF81F, 0xF81F, 0xF81F, 0xF81F, 0xF81F, 0xF81F, 0xF81F,
    0xF81F, 0xF81F, 0xF81F, 0xF81F, 0xF81F, 0xF81F, 0xF81F, 0xF81F, 0xF81F, 0xF81F, 0xF81F, 0xF81F,
    0xF81F, 0xF81F, 0xF81F, 0xF81F, 0xF81F, 0xF81F, 0xF81F, 0xF81F, 0xF81F, 0xF81F, 0xF81F, 0xF81F,
    0xF81F, 0xF81F, 0xF81F, 0xF81F, 0xF81F, 0xF81F, 0xF81F, 0xF81F, 0xF81F, 0xF81F, 0xF81F, 0xF81F,
    0xF81F, 0xF81F, 0xF81F, 0xF81F, 0xF81F, 0xF81F, 0xF81F, 0xF81F, 0xF81F, 0xF81F, 0xF81F, 0xF81F,
    0xF81F, 0xF81F, 0xF81F, 0xF81F, 0xF81F, 0xF81F, 0xF81F, 0xF81F, 0xF81F, 0xF81F, 0xF81F, 0xF81F,
    0xF81F, 0xF81F, 0xF81F, 0xF81F, 0xF81F, 0xF81F, 0xF81F, 0xF81F, 0xF81F, 0xF81F, 0xF81F, 0xF81F,
    0xF81F, 0xF81F, 0xF81F, 0xF81F, 0xF81F, 0xF81F, 0xF81F, 0xF81F, 0xF81F, 0xF81F, 0xF81F, 0xF81F,
    0xF81F, 0xF81F, 0xF81F, 0xF81F, 0xF81F, 0xF81F, 0xF81F, 0xF81F, 0xF81F, 0xF81F, 0xF81F, 0xF81F,
    0xF81F, 0xF81F, 0xF81F, 0xF81F, 0xF81F, 0xF81F, 0xF81F, 0xF81F, 0xF81F, 0xF81F, 0xF81F, 0xF81F,
    0xF81F, 0xF81F, 0xF81F, 0xF81F, 0xF81F, 0xF81F, 0xF81F, 0xF81F, 0xF81F, 0xF81F, 0xF81F, 0xF81F,
    0xF81F, 0xF81F, 0xF81F, 0xF81F, 0xF81F, 0xF81F, 0xF81F, 0xF81F, 0xF81F, 0xF81F, 0xF81F, 0xF81F,
    0xF81F, 0xF81F, 0xF81F, 0xF81F, 0xF81F, 0xF81F, 0xF81F, 0xF81F, 0xF81F, 0xF81F, 0xF81F, 0xF81F,
    0xF81F, 0xF81F, 0xF81F, 0xF81F, 0xF81F, 0xF81F, 0xF81F, 0xF81F, 0xF81F, 0xF81F, 0xF81F, 0xF81F,
    0xF81F, 0xF81F, 0xF81F, 0xF81F, 0xF81F, 0xF81F, 0xF81F, 0xF81F, 0xF81F, 0xF81F, 0xF81F, 0xF81F,
    0xF81F, 0xF81F, 0xF81F, 0xF81F, 0xF81F, 0xF81F, 0xF81F, 0xF81F, 0xF81F, 0xF81F, 0xF81F, 0xF81F,
    0xF81F, 0xF81F, 0xF81F, 0xF81F, 0xF81F, 0xF81F, 0xF81F, 0xF81F, 0xF81F, 0xF81F, 0xF81F, 0xF81F,
    0xF81F, 0xF81F, 0xF81F, 0xF81F, 0xF81F, 0xF81F, 0xF81F, 0xF81F, 0xF81F, 0xF81F, 0xF81F, 0xF81F,
    0xF81F, 0xF81F, 0xF81F, 0xF81F, 0xF81F, 0xF81F, 0xF81F, 0xF81F, 0xF81F, 0xF81F, 0xF81F, 0xF81F,
    0xF81F, 0xF81F, 0xF81F, 0xF81F, 0xF81F, 0xF81F, 0xF81F, 0xF81F, 0xF81F, 0xF81F, 0xF81F, 0xF81F,
    0xF81F, 0xF81F, 0xF81F, 0xF81F, 0xF81F, 0xF81F, 0xF81F, 0xF81F, 0xF81F, 0xF81F, 0xF81F, 0xF81F,
    0xF81F, 0xF81F, 0xF81F, 0xF81F, 0xF81F, 0xF81F, 0xF81F, 0xF81F, 0xF81F, 0xF81F, 0xF81F, 0xF81F,
    0xF81F, 0xF81F, 0xF81F, 0xF81F, 0xF81F, 0xF81F, 0xF81F, 0xF81F, 0xF81F, 0xF81F, 0xF81F, 0xF81F,
    0xF81F, 0xF81F, 0xF81F, 0xF81F, 0xF81F, 0xF81F, 0xF81F, 0xF81F, 0xF81F, 0xF81F, 0xF81F, 0xF81F,
    0xF81F, 0xF81F, 0xF81F, 0xF81F, 0xF81F, 0xF81F, 0xF81F, 0xF81F, 0xF81F, 0xF81F, 0xF81F, 0xF81F,
    0xF81F, 0xF81F, 0xF81F, 0xF81F, 0xF81F, 0xF81F, 0xF81F, 0xF81F, 0xF81F, 0xF81F, 0xF81F, 0xF81F,
    0xF81F, 0xF81F, 0xF81F, 0xF81F, 0xF81F, 0xF81F, 0xF81F, 0xF81F, 0xF81F, 0xF81F, 0xF81F, 0xF81F,
    0xF81F, 0xF81F, 0xF81F, 0xF81F, 0xF81F, 0xF81F, 0xF81F, 0xF81F, 0xF81F, 0xF81F, 0xF81F, 0xF81F,
    0xF81F, 0xF81F, 0xF81F, 0xF81F, 0xF81F, 0xF81F, 0xF81F, 0xF81F, 0xF81F, 0xF81F, 0xF81F, 0xF81F,
    0xF81F, 0xF81F, 0xF81F, 0xF81F, 0xF81F, 0xF81F, 0xF81F, 0xF81F, 0xF81F, 0xF81F, 0xF81F, 0xF81F,
    0xF81F, 0xF81F, 0xF81F, 0xF81F, 0xF81F, 0xF81F, 0xF81F, 0xF81F, 0xF81F, 0xF81F, 0xF81F, 0xF81F,
    0xF81F, 0xF81F, 0xF81F, 0xF81F, 0xF81F, 0xF81F, 0xF81F, 0xF81F, 0xF81F, 0xF81F, 0xF81F, 0xF81F,
    0xF81F, 0xF81F, 0xF81F, 0xF81F, 0xF81F, 0xF81F, 0xF81F, 0xF81F, 0xF81F, 0xF81F, 0xF81F, 0xF81F,
    0xF81F, 0xF81F, 0xF81F, 0xF81F, 0xF81F, 0xF81F, 0xF81F, 0xF81F, 0xF81F, 0xF81F, 0xF81F, 0xF81F,
    0xF81F, 0xF81F, 0xF81F, 0xF81F, 0xF81F, 0xF81F, 0xF81F, 0xF81F, 0xF81F, 0xF81F, 0xF81F, 0xF81F,
    0xF81F, 0xF81F, 0xF81F, 0xF81F, 0xF81F, 0xF81F, 0xF81F, 0xF81F, 0xF81F, 0xF81F, 0xF81F, 0xF81F,
    0xF81F, 0xF81F, 0xF81F, 0xF81F, 0xF81F, 0xF81F, 0xF81F, 0xF81F, 0xF81F, 0xF81F, 0xF81F, 0xF81F,
    0xF81F, 0xF81F, 0xF81F, 0xF81F, 0xF81F, 0xF81F, 0xF81F, 0xF81F, 0xF81F, 0xF81F, 0xF81F, 0xF81F,
    0xF81F, 0xF81F, 0xF81F, 0xF81F, 0xF81F, 0xF81F, 0xF81F, 0xF81F, 0xF81F, 0xF81F, 0xF81F, 0xF81F,
    0xF81F, 0xF81F, 0xF81F, 0xF81F, 0xF81F, 0xF81F, 0xF81F, 0xF81F, 0xF81F, 0xF81F, 0xF81F, 0xF81F,
    0xF81F, 0xF81F, 0xF81F, 0xF81F, 0xF81F, 0xF81F, 0xF81F, 0xF81F, 0xF81F, 0xF81F, 0xF81F, 0xF81F,
    0xF81F, 0xF81F, 0xF81F, 0xF81F, 0xF81F, 0xF81F, 0xF81F, 0xF81F, 0xF81F, 0xF81F, 0xF81F, 0xF81F,
    0xF81F, 0xF81F, 0xF81F, 0xF81F, 0xF81F, 0xF81F, 0xF81F, 0xF81F, 0xF81F, 0xF81F, 0xF81F, 0xF81F,
    0xF81F, 0xF81F, 0xF81F, 0xF81F, 0xF81F, 0xF81F, 0xF81F, 0xF81F, 0xF81F, 0xF81F, 0xF81F, 0xF81F,
    0xF81F, 0xF81F, 0xF81F, 0xF81F, 0xF81F, 0xF81F, 0xF81F, 0xF81F, 0xF81F, 0xF81F, 0xF81F, 0xF81F,
    0xF81F, 0xF81F, 0xF81F, 0xF81F, 0xF81F, 0xF81F, 0xF81F, 0xF81F, 0xF81F, 0xF81F, 0xF81F, 0xF81F,
    0xF81F, 0xF81F, 0xF81F, 0xF81F, 0xF81F, 0xF81F, 0xF81F, 0xF81F, 0xF81F, 0xF81F, 0xF81F, 0xF81F,
    0xF81F, 0xF81F, 0xF81F, 0xF81F, 0xF81F, 0xF81F, 0xF81F, 0xF81F, 0xF81F, 0xF81F, 0xF81F, 0xF81F,
    0xF81F, 0xF81F, 0xF81F, 0xF81F, 0xF81F, 0xF81F, 0xF81F, 0xF81F, 0xF81F, 0xF81F, 0xF81F, 0xF81F,
    0xF81F, 0xF81F, 0xF81F, 0xF81F, 0xF81F, 0xF81F, 0xF81F, 0xF81F, 0xF81F, 0xF81F, 0xF81F, 0xF81F,
    0xF81F, 0xF81F, 0xF81F, 0xF81F, 0xF81F, 0xF81F, 0xF81F, 0xF81F, 0xF81F, 0xF81F, 0xF81F, 0xF81F,
    0xF81F, 0xF81F, 0xF81F, 0xF81F, 0xF81F, 0xF81F, 0xF81F, 0xF81F, 0xF81F, 0xF81F, 0xF81F, 0xF81F,
    0xF81F, 0xF81F, 0xF81F, 0xF81F, 0xF81F, 0xF81F, 0xF81F, 0xF81F, 0xF81F, 0xF81F, 0xF81F, 0xF81F,
    0xF81F, 0xF81F, 0xF81F, 0xF81F, 0xF81F, 0xF81F, 0xF81F, 0xF81F, 0xF81F, 0xF81F, 0xF81F, 0xF81F,
    0xF81F, 0xF81F, 0xF81F, 0xF81F, 0xF81F, 0xF81F, 0xF81F, 0xF81F, 0xF81F, 0xF81F, 0xF81F, 0xF81F,
    0xF81F, 0xF81F, 0xF81F, 0xF81F, 0xF81F, 0xF81F, 0xF81F, 0xF81F, 0xF81F, 0xF81F, 0xF81F, 0xF81F,
    0xF81F, 0xF81F, 0xF81F, 0xF81F, 0xF81F, 0xF81F, 0xF81F, 0xF81F, 0xF81F, 0xF81F, 0xF81F, 0xF81F,
    0xF81F, 0xF81F, 0xF81F, 0xF81F, 0xF81F, 0xF81F, 0xF81F, 0xF81F, 0xF81F, 0xF81F, 0xF81F, 0xF81F,
    0xF81F, 0xF81F, 0xF81F, 0xF81F, 0xF81F, 0xF81F, 0xF81F, 0xF81F, 0xF81F, 0xF81F, 0xF81F, 0xF81F,
    0xF81F, 0xF81F, 0xF81F, 0xF81F, 0xF81F, 0xF81F, 0xF81F, 0xF81F, 0xF81F, 0xF81F, 0xF81F, 0xF81F,
    0xF81F, 0xF81F, 0xF81F, 0xF81F, 0xF81F, 0xF81F, 0xF81F, 0xF81F, 0xF81F, 0xF81F, 0xF81F, 0xF81F,
    0xF81F, 0xF81F, 0xF81F, 0xF81F, 0xF81F, 0xF81F, 0xF81F, 0xF81F, 0xF81F, 0xF81F, 0xF81F, 0xF81F,
    0xF81F, 0xF81F, 0xF81F, 0xF81F, 0xF81F, 0xF81F, 0xF81F, 0xF81F, 0xF81F, 0xF81F, 0xF81F, 0xF81F,
    0xF81F, 0xF81F, 0xF81F, 0xF81F, 0xF81F, 0xF81F, 0xF81F, 0xF81F, 0xF81F, 0xF81F, 0xF81F, 0xF81F,
    0xF81F, 0xF81F, 0xF81F, 0xF81F, 0xF81F, 0xF81F, 0xF81F, 0xF81F, 0xF81F, 0xF81F, 0xF81F, 0xF81F,
    0xF81F, 0xF81F, 0xF81F, 0xF81F, 0xF81F, 0xF81F, 0xF81F, 0xF81F, 0xF81F, 0xF81F, 0xF81F, 0xF81F,
    0xF81F, 0xF81F, 0xF81F, 0xF81F, 0xF81F, 0xF81F, 0xF81F, 0xF81F, 0xF81F, 0xF81F, 0xF81F, 0xF81F,
    0xF81F, 0xF81F, 0xF81F, 0xF81F, 0xF81F, 0xF81F, 0xF81F, 0xF81F, 0xF81F, 0xF81F, 0xF81F, 0xF81F,
    0xF81F, 0xF81F, 0xF81F, 0xF81F, 0xF81F, 0xF81F, 0xF81F, 0xF81F, 0xF81F, 0xF81F, 0xF81F, 0xF81F,
    0xF81F, 0xF81F, 0xF81F, 0xF81F, 0xF81F, 0xF81F, 0xF81F, 0xF81F, 0xF81F, 0xF81F, 0xF81F, 0xF81F,
    0xF81F, 0xF81F, 0xF81F, 0xF81F, 0xF81F, 0xF81F, 0xF81F, 0xF81F, 0xF81F, 0xF81F, 0xF81F, 0xF81F,
    0xF81F, 0xF81F, 0xF81F, 0xF81F, 0xF81F, 0xF81F, 0xF81F, 0xF81F, 0xF81F, 0xF81F, 0xF81F, 0xF81F,
    0xF81F, 0xF81F, 0xF81F, 0xF81F, 0xF81F, 0xF81F, 0xF81F, 0xF81F, 0xF81F, 0xF81F, 0xF81F, 0xF81F,
    0xF81F, 0xF81F, 0xF81F, 0xF81F, 0xF81F, 0xF81F, 0x0001, 0x0000, 0x0000, 0x0000, 0x0000, 0x0801,
    0xF81F, 0xF81F, 0xF81F, 0xF81F, 0xF81F, 0xF81F, 0xF81F, 0xF81F, 0xF81F, 0xF81F, 0xF81F, 0xF81F,
    0xF81F, 0xF81F, 0xF81F, 0xF81F, 0xF81F, 0xF81F, 0xF81F, 0xF81F, 0xF81F, 0xF81F, 0xF81F, 0xF81F,
    0x0803, 0x0000, 0x0000, 0x0000, 0x0000, 0xF81F, 0xF81F, 0xF81F, 0xF81F, 0xF81F, 0xF81F, 0xF81F,
    0xF81F, 0xF81F, 0xF81F, 0xF81F, 0xF81F, 0xF81F, 0xF81F, 0xF81F, 0xF81F, 0xF81F, 0xF81F, 0xF81F,
    0xF81F, 0xF81F, 0xF81F, 0xF81F, 0xF81F, 0xF81F, 0xF81F, 0xF81F, 0xF81F, 0xF81F, 0xF81F, 0xF81F,
    0xF81F, 0xF81F, 0xF81F, 0xF81F, 0xF81F, 0xF81F, 0xF81F, 0xF81F, 0xF81F, 0xF81F, 0xF81F, 0xF81F,
    0xF81F, 0xF81F, 0xF81F, 0xF81F, 0xF81F, 0xF81F, 0xF81F, 0xF81F, 0xF81F, 0xF81F, 0xF81F, 0xF81F,
    0xF81F, 0xF81F, 0xF81F, 0xF81F, 0xF81F, 0xF81F, 0x2801, 0x3020, 0x2821, 0x0000, 0x0000, 0xF81F,
    0xF81F, 0xF81F, 0xF81F, 0xF81F, 0xF81F, 0xF81F, 0xF81F, 0xF81F, 0xF81F, 0xF81F, 0xF81F, 0xF81F,
    0xF81F, 0xF81F, 0xF81F, 0xF81F, 0xF81F, 0xF81F, 0xF81F, 0xF81F, 0xF81F, 0xF81F, 0xF81F, 0xF81F,
    0xF81F, 0x0000, 0x0000, 0x3840, 0x3840, 0x2024, 0xF81F, 0xF81F, 0xF81F, 0xF81F, 0xF81F, 0xF81F,
    0xF81F, 0xF81F, 0xF81F, 0xF81F, 0xF81F, 0xF81F, 0xF81F, 0xF81F, 0xF81F, 0xF81F, 0xF81F, 0xF81F,
    0xF81F, 0xF81F, 0xF81F, 0xF81F, 0xF81F, 0xF81F, 0xF81F, 0xF81F, 0xF81F, 0xF81F, 0xF81F, 0xF81F,
    0xF81F, 0xF81F, 0xF81F, 0xF81F, 0xF81F, 0xF81F, 0xF81F, 0xF81F, 0xF81F, 0xF81F, 0xF81F, 0xF81F,
    0xF81F, 0xF81F, 0xF81F, 0xF81F, 0xF81F, 0xF81F, 0xF81F, 0xF81F, 0xF81F, 0xF81F, 0xF81F, 0xF81F,
    0xF81F, 0xF81F, 0xF81F, 0xF81F, 0x0000, 0x0000, 0xA000, 0xF840, 0xD0A1, 0x0000, 0xF81F, 0xF81F,
    0xF81F, 0xF81F, 0xF81F, 0xF81F, 0xF81F, 0xF81F, 0xF81F, 0xF81F, 0xF81F, 0xF81F, 0xF81F, 0xF81F,
    0xF81F, 0xF81F, 0xF81F, 0xF81F, 0xF81F, 0xF81F, 0xF81F, 0xF81F, 0xF81F, 0xF81F, 0xF81F, 0xF81F,
    0xF81F, 0x0000, 0x1000, 0xF880, 0xE0C0, 0x0000, 0x0000, 0x0801, 0xF81F, 0xF81F, 0xF81F, 0xF81F,
    0xF81F, 0xF81F, 0xF81F, 0xF81F, 0xF81F, 0xF81F, 0xF81F, 0xF81F, 0xF81F, 0xF81F, 0xF81F, 0xF81F,
    0xF81F, 0xF81F, 0xF81F, 0xF81F, 0xF81F, 0xF81F, 0xF81F, 0xF81F, 0xF81F, 0xF81F, 0xF81F, 0xF81F,
    0xF81F, 0xF81F, 0xF81F, 0xF81F, 0xF81F, 0xF81F, 0xF81F, 0xF81F, 0xF81F, 0xF81F, 0xF81F, 0xF81F,
    0xF81F, 0xF81F, 0xF81F, 0xF81F, 0xF81F, 0xF81F, 0xF81F, 0xF81F, 0xF81F, 0xF81F, 0xF81F, 0xF81F,
    0xF81F, 0xF81F, 0xF81F, 0xF81F, 0x0000, 0x7080, 0xD0A0, 0x8060, 0x5060, 0xF81F, 0xF81F, 0xF81F,
    0xF81F, 0xF81F, 0xF81F, 0xF81F, 0xF81F, 0xF81F, 0xF81F, 0xF81F, 0xF81F, 0xF81F, 0xF81F, 0xF81F,
    0xF81F, 0xF81F, 0xF81F, 0xF81F, 0xF81F, 0xF81F, 0xF81F, 0xF81F, 0xF81F, 0xF81F, 0xF81F, 0xF81F,
    0xF81F, 0xF81F, 0x1823, 0x6040, 0x7880, 0x8060, 0x5841, 0x0000, 0x1823, 0xF81F, 0xF81F, 0xF81F,
    0xF81F, 0xF81F, 0xF81F, 0xF81F, 0xF81F, 0xF81F, 0xF81F, 0xF81F, 0xF81F, 0xF81F, 0xF81F, 0xF81F,
    0xF81F, 0xF81F, 0xF81F, 0xF81F, 0xF81F, 0xF81F, 0xF81F, 0xF81F, 0xF81F, 0xF81F, 0xF81F, 0xF81F,
    0xF81F, 0xF81F, 0xF81F, 0xF81F, 0xF81F, 0xF81F, 0xF81F, 0xF81F, 0xF81F, 0xF81F, 0xF81F, 0xF81F,
    0xF81F, 0xF81F, 0xF81F, 0xF81F, 0xF81F, 0xF81F, 0xF81F, 0xF81F, 0xF81F, 0xF81F, 0xF81F, 0xF81F,
    0xF81F, 0xF81F, 0x0000, 0x0000, 0x0000, 0xF120, 0xF981, 0x1840, 0x0000, 0xF81F, 0xF81F, 0x0000,
    0x0000, 0x0000, 0xF81F, 0xF81F, 0xF81F, 0xF81F, 0xF81F, 0xF81F, 0xF81F, 0xF81F, 0xF81F, 0xF81F,
    0xF81F, 0xF81F, 0xF81F, 0xF81F, 0xF81F, 0xF81F, 0xF81F, 0xF81F, 0xF81F, 0x1022, 0x0000, 0x0000,
    0xF81F, 0xF81F, 0xF81F, 0x0000, 0x3020, 0xF8A0, 0xD0A0, 0x0021, 0x0000, 0x0000, 0xF81F, 0xF81F,
    0xF81F, 0xF81F, 0xF81F, 0xF81F, 0xF81F, 0xF81F, 0xF81F, 0xF81F, 0xF81F, 0xF81F, 0xF81F, 0xF81F,
    0xF81F, 0xF81F, 0xF81F, 0xF81F, 0xF81F, 0xF81F, 0xF81F, 0xF81F, 0xF81F, 0xF81F, 0xF81F, 0xF81F,
    0xF81F, 0xF81F, 0xF81F, 0xF81F, 0xF81F, 0xF81F, 0xF81F, 0xF81F, 0xF81F, 0xF81F, 0xF81F, 0xF81F,
    0xF81F, 0xF81F, 0xF81F, 0xF81F, 0xF81F, 0xF81F, 0xF81F, 0xF81F, 0xF81F, 0xF81F, 0xF81F, 0xF81F,
    0xF81F, 0xF81F, 0x0000, 0x4881, 0xB983, 0xE962, 0xE0A0, 0x2820, 0x0000, 0x0002, 0x0822, 0x9040,
    0x4820, 0x0000, 0xF81F, 0xF81F, 0xF81F, 0xF81F, 0xF81F, 0xF81F, 0xF81F, 0xF81F, 0xF81F, 0xF81F,
    0xF81F, 0xF81F, 0xF81F, 0xF81F, 0xF81F, 0xF81F, 0xF81F, 0xF81F, 0xF81F, 0x0803, 0x0800, 0x8041,
    0x6062, 0x1803, 0x0801, 0x0000, 0x4020, 0xF060, 0xD880, 0xB880, 0x4040, 0x0000, 0xF81F, 0xF81F,
    0xF81F, 0xF81F, 0xF81F, 0xF81F, 0xF81F, 0xF81F, 0xF81F, 0xF81F, 0xF81F, 0xF81F, 0xF81F, 0xF81F,
    0xF81F, 0xF81F, 0xF81F, 0xF81F, 0xF81F, 0xF81F, 0xF81F, 0xF81F, 0xF81F, 0xF81F, 0xF81F, 0xF81F,
    0xF81F, 0xF81F, 0xF81F, 0xF81F, 0xF81F, 0xF81F, 0xF81F, 0xF81F, 0xF81F, 0xF81F, 0xF81F, 0xF81F,
    0xF81F, 0xF81F, 0xF81F, 0xF81F, 0xF81F, 0xF81F, 0xF81F, 0xF81F, 0xF81F, 0xF81F, 0xF81F, 0xF81F,
    0xF81F, 0x0801, 0x0800, 0x9122, 0xFAA5, 0xE901, 0xD040, 0x2020, 0x0000, 0x3020, 0x6860, 0xF880,
    0x7860, 0x0000, 0xF81F, 0xF81F, 0xF81F, 0xF81F, 0xF81F, 0xF81F, 0xF81F, 0xF81F, 0xF81F, 0xF81F,
    0xF81F, 0xF81F, 0xF81F, 0xF81F, 0xF81F, 0xF81F, 0xF81F, 0xF81F, 0xF81F, 0x0802, 0x1000, 0xE860,
    0x9060, 0x0000, 0x0000, 0x0000, 0x4020, 0xF860, 0xE880, 0xF8A0, 0x6881, 0x1021, 0x1001, 0xF81F,
    0xF81F, 0xF81F, 0xF81F, 0xF81F, 0xF81F, 0xF81F, 0xF81F, 0xF81F, 0xF81F, 0xF81F, 0xF81F, 0xF81F,
    0xF81F, 0xF81F, 0xF81F, 0xF81F, 0xF81F, 0xF81F, 0xF81F, 0xF81F, 0xF81F, 0xF81F, 0xF81F, 0xF81F,
    0xF81F, 0xF81F, 0xF81F, 0xF81F, 0xF81F, 0xF81F, 0xF81F, 0xF81F, 0xF81F, 0xF81F, 0xF81F, 0xF81F,
    0xF81F, 0xF81F, 0xF81F, 0xF81F, 0xF81F, 0xF81F, 0xF81F, 0xF81F, 0xF81F, 0xF81F, 0xF81F, 0xF81F,
    0x0001, 0x2020, 0xD080, 0xE982, 0xFA24, 0xE080, 0xE080, 0x2020, 0x0000, 0xA080, 0xF880, 0xF080,
    0x7060, 0x0000, 0xF81F, 0xF81F, 0xF81F, 0xF81F, 0xF81F, 0xF81F, 0xF81F, 0xF81F, 0xF81F, 0xF81F,
    0xF81F, 0xF81F, 0xF81F, 0xF81F, 0xF81F, 0xF81F, 0xF81F, 0xF81F, 0xF81F, 0x0823, 0x1000, 0xD860,
    0xA880, 0x0000, 0x0000, 0x0000, 0x4040, 0xF860, 0xE880, 0xE880, 0xE0A0, 0xD0A1, 0x1020, 0x0001,
    0xF81F, 0xF81F, 0xF81F, 0xF81F, 0xF81F, 0xF81F, 0xF81F, 0xF81F, 0xF81F, 0xF81F, 0xF81F, 0xF81F,
    0xF81F, 0xF81F, 0xF81F, 0xF81F, 0xF81F, 0xF81F, 0xF81F, 0xF81F, 0xF81F, 0xF81F, 0xF81F, 0xF81F,
    0xF81F, 0xF81F, 0xF81F, 0xF81F, 0xF81F, 0xF81F, 0xF81F, 0xF81F, 0xF81F, 0xF81F, 0xF81F, 0xF81F,
    0xF81F, 0xF81F, 0xF81F, 0xF81F, 0xF81F, 0xF81F, 0xF81F, 0xF81F, 0xF81F, 0xF81F, 0xF81F, 0xF81F,
    0x0001, 0x3040, 0xFA45, 0xF1A3, 0xE060, 0xE880, 0xE880, 0xC080, 0xC060, 0xF080, 0xD880, 0x9080,
    0x3840, 0x0000, 0xF81F, 0xF81F, 0xF81F, 0xF81F, 0xF81F, 0xF81F, 0xF81F, 0xF81F, 0xF81F, 0xF81F,
    0xF81F, 0xF81F, 0xF81F, 0xF81F, 0xF81F, 0xF81F, 0xF81F, 0xF81F, 0xF81F, 0x1022, 0x0000, 0x1820,
    0x6060, 0xC8A0, 0xC0C1, 0xC8E1, 0xD0E1, 0xE880, 0xE880, 0xE880, 0xE880, 0xE0A0, 0x1820, 0x0002,
    0xF81F, 0xF81F, 0xF81F, 0xF81F, 0xF81F, 0xF81F, 0xF81F, 0xF81F, 0xF81F, 0xF81F, 0xF81F, 0xF81F,
    0xF81F, 0xF81F, 0xF81F, 0xF81F, 0xF81F, 0xF81F, 0xF81F, 0xF81F, 0xF81F, 0xF81F, 0xF81F, 0xF81F,
    0xF81F, 0xF81F, 0xF81F, 0xF81F, 0xF81F, 0xF81F, 0xF81F, 0xF81F, 0xF81F, 0xF81F, 0xF81F, 0xF81F,
    0xF81F, 0xF81F, 0xF81F, 0xF81F, 0xF81F, 0xF81F, 0xF81F, 0xF81F, 0xF81F, 0xF81F, 0xF81F, 0xF81F,
    0x0001, 0x3040, 0xF9E3, 0xE942, 0xE060, 0xE880, 0xE880, 0xF0A0, 0xF0A0, 0xE0A0, 0xB860, 0x6040,
    0x3843, 0xF81F, 0xF81F, 0xF81F, 0xF81F, 0xF81F, 0xF81F, 0xF81F, 0xF81F, 0xF81F, 0xF81F, 0xF81F,
    0xF81F, 0xF81F, 0xF81F, 0xF81F, 0xF81F, 0xF81F, 0xF81F, 0xF81F, 0xF81F, 0xF81F, 0xF81F, 0x0000,
    0x5820, 0xF8A0, 0xF8E0, 0xF920, 0xF900, 0xE080, 0xE080, 0xE080, 0xE880, 0xD8A0, 0x1820, 0x0002,
    0xF81F, 0xF81F, 0xF81F, 0xF81F, 0xF81F, 0xF81F, 0xF81F, 0xF81F, 0xF81F, 0xF81F, 0xF81F, 0xF81F,
    0xF81F, 0xF81F, 0xF81F, 0xF81F, 0xF81F, 0xF81F, 0xF81F, 0xF81F, 0xF81F, 0xF81F, 0xF81F, 0xF81F,
    0xF81F, 0xF81F, 0xF81F, 0xF81F, 0xF81F, 0xF81F, 0xF81F, 0xF81F, 0xF81F, 0xF81F, 0xF81F, 0xF81F,
    0xF81F, 0xF81F, 0xF81F, 0xF81F, 0xF81F, 0xF81F, 0xF81F, 0xF81F, 0xF81F, 0xF81F, 0xF81F, 0xF81F,
    0x0001, 0x2820, 0xE880, 0xE080, 0xE880, 0xE880, 0xE880, 0xB880, 0xA880, 0xB080, 0x7060, 0x0000,
    0xF81F, 0xF81F, 0xF81F, 0xF81F, 0xF81F, 0xF81F, 0xF81F, 0xF81F, 0xF81F, 0xF81F, 0xF81F, 0xF81F,
    0xF81F, 0xF81F, 0xF81F, 0xF81F, 0xF81F, 0xF81F, 0xF81F, 0xF81F, 0xF81F, 0xF81F, 0xF81F, 0x0001,
    0x3020, 0x8860, 0xA860, 0xD880, 0xD880, 0xE080, 0xE080, 0xE880, 0xD080, 0xB0A0, 0x1020, 0x0002,
    0xF81F, 0xF81F, 0xF81F, 0xF81F, 0xF81F, 0xF81F, 0xF81F, 0xF81F, 0xF81F, 0xF81F, 0xF81F, 0xF81F,
    0xF81F, 0xF81F, 0xF81F, 0xF81F, 0xF81F, 0xF81F, 0xF81F, 0xF81F, 0xF81F, 0xF81F, 0xF81F, 0xF81F,
    0xF81F, 0xF81F, 0xF81F, 0xF81F, 0xF81F, 0xF81F, 0xF81F, 0xF81F, 0xF81F, 0xF81F, 0xF81F, 0xF81F,
    0xF81F, 0xF81F, 0xF81F, 0xF81F, 0xF81F, 0xF81F, 0xF81F, 0xF81F, 0xF81F, 0xF81F, 0xF81F, 0xF81F,
    0x0001, 0x2820, 0xC880, 0xD080, 0xE080, 0xE080, 0xE080, 0xB880, 0xA860, 0x7060, 0x4841, 0x1823,
    0xF81F, 0xF81F, 0xF81F, 0xF81F, 0xF81F, 0xF81F, 0xF81F, 0xF81F, 0xF81F, 0xF81F, 0xF81F, 0xF81F,
    0xF81F, 0xF81F, 0xF81F, 0xF81F, 0xF81F, 0xF81F, 0xF81F, 0xF81F, 0xF81F, 0xF81F, 0xF81F, 0xF81F,
    0xF81F, 0x1000, 0x8040, 0xC880, 0xC880, 0xE080, 0xE080, 0xD880, 0xC080, 0xA080, 0x1020, 0x0002,
    0xF81F, 0xF81F, 0xF81F, 0xF81F, 0xF81F, 0xF81F, 0xF81F, 0xF81F, 0xF81F, 0xF81F, 0xF81F, 0xF81F,
    0xF81F, 0xF81F, 0xF81F, 0xF81F, 0xF81F, 0xF81F, 0xF81F, 0xF81F, 0xF81F, 0xF81F, 0xF81F, 0xF81F,
    0xF81F, 0xF81F, 0xF81F, 0xF81F, 0xF81F, 0xF81F, 0xF81F, 0xF81F, 0xF81F, 0xF81F, 0xF81F, 0xF81F,
    0xF81F, 0xF81F, 0xF81F, 0xF81F, 0xF81F, 0xF81F, 0xF81F, 0xF81F, 0xF81F, 0xF81F, 0xF81F, 0xF81F,
    0x0001, 0x1820, 0xB880, 0xB080, 0xA8A0, 0xC880, 0xB080, 0xC080, 0xB080, 0x0000, 0x0001, 0xF81F,
    0xF81F, 0xF81F, 0xF81F, 0xF81F, 0xF81F, 0xF81F, 0x0802, 0x0000, 0x0000, 0x0000, 0xF81F, 0xF81F,
    0xF81F, 0xF81F, 0x0000, 0x0000, 0x0000, 0x0801, 0xF81F, 0xF81F, 0xF81F, 0xF81F, 0xF81F, 0xF81F,
    0xF81F, 0x0000, 0x3820, 0xA060, 0xB080, 0xF060, 0xD080, 0xA080, 0xB080, 0xB080, 0x1020, 0x0002,
    0xF81F, 0xF81F, 0xF81F, 0xF81F, 0xF81F, 0xF81F, 0xF81F, 0xF81F, 0xF81F, 0xF81F, 0xF81F, 0xF81F,
    0xF81F, 0xF81F, 0xF81F, 0xF81F, 0xF81F, 0xF81F, 0xF81F, 0xF81F, 0xF81F, 0xF81F, 0xF81F, 0xF81F,
    0xF81F, 0xF81F, 0xF81F, 0xF81F, 0xF81F, 0xF81F, 0xF81F, 0xF81F, 0xF81F, 0xF81F, 0xF81F, 0xF81F,
    0xF81F, 0xF81F, 0xF81F, 0xF81F, 0xF81F, 0xF81F, 0xF81F, 0xF81F, 0xF81F, 0xF81F, 0xF81F, 0xF81F,
    0xF81F, 0x2022, 0x5060, 0x7860, 0xA880, 0xA880, 0xA880, 0x6860, 0x5040, 0x1001, 0xF81F, 0xF81F,
    0xF81F, 0xF81F, 0xF81F, 0xF81F, 0xF81F, 0xF81F, 0x0801, 0xA32E, 0x930D, 0x0000, 0x2024, 0xF81F,
    0xF81F, 0x0801, 0x1862, 0xBB6E, 0x71E8, 0x0000, 0xF81F, 0xF81F, 0xF81F, 0xF81F, 0xF81F, 0xF81F,
    0xF81F, 0x1002, 0x0800, 0x4020, 0x6040, 0xC060, 0xB860, 0xB060, 0x7060, 0x4040, 0x1822, 0xF81F,
    0xF81F, 0xF81F, 0xF81F, 0xF81F, 0xF81F, 0xF81F, 0xF81F, 0xF81F, 0xF81F, 0xF81F, 0xF81F, 0xF81F,
    0xF81F, 0xF81F, 0xF81F, 0xF81F, 0xF81F, 0xF81F, 0xF81F, 0xF81F, 0xF81F, 0xF81F, 0xF81F, 0xF81F,
    0xF81F, 0xF81F, 0xF81F, 0xF81F, 0xF81F, 0xF81F, 0xF81F, 0xF81F, 0xF81F, 0xF81F, 0xF81F, 0xF81F,
    0xF81F, 0xF81F, 0xF81F, 0xF81F, 0xF81F, 0xF81F, 0xF81F, 0xF81F, 0xF81F, 0xF81F, 0xF81F, 0xF81F,
    0xF81F, 0xF81F, 0x0000, 0x4040, 0xB880, 0xB080, 0xA880, 0x0020, 0x0000, 0x0001, 0xF81F, 0xF81F,
    0xF81F, 0xF81F, 0xF81F, 0xF81F, 0xF81F, 0x0000, 0x0000, 0xFCD4, 0xEC93, 0x0000, 0x0000, 0x0000,
    0x0000, 0x0000, 0x2883, 0xFC93, 0xA2AB, 0x0000, 0x0802, 0xF81F, 0xF81F, 0xF81F, 0xF81F, 0xF81F,
    0xF81F, 0x1003, 0x0000, 0x0000, 0x0800, 0xA860, 0xB060, 0xC080, 0x3840, 0x0000, 0xF81F, 0xF81F,
    0xF81F, 0xF81F, 0xF81F, 0xF81F, 0xF81F, 0xF81F, 0xF81F, 0xF81F, 0xF81F, 0xF81F, 0xF81F, 0xF81F,
    0xF81F, 0xF81F, 0xF81F, 0xF81F, 0xF81F, 0xF81F, 0xF81F, 0xF81F, 0xF81F, 0xF81F, 0xF81F, 0xF81F,
    0xF81F, 0xF81F, 0xF81F, 0xF81F, 0xF81F, 0xF81F, 0xF81F, 0xF81F, 0xF81F, 0xF81F, 0xF81F, 0xF81F,
    0xF81F, 0xF81F, 0xF81F, 0xF81F, 0xF81F, 0xF81F, 0xF81F, 0xF81F, 0xF81F, 0xF81F, 0xF81F, 0xF81F,
    0xF81F, 0xF81F, 0x0822, 0x1821, 0x3040, 0x3020, 0x3040, 0x4041, 0x5040, 0x6060, 0x5863, 0xF81F,
    0xF81F, 0xF81F, 0xF81F, 0xF81F, 0x2025, 0x60A2, 0x60A3, 0x28A3, 0x2082, 0x0820, 0x60A3, 0x68C4,
    0x70E4, 0x3062, 0x0800, 0x2882, 0x3882, 0x7124, 0x58E5, 0x2825, 0xF81F, 0xF81F, 0xF81F, 0xF81F,
    0x2024, 0x0001, 0x3020, 0x6040, 0x4040, 0x3020, 0x3820, 0x3820, 0x1821, 0x1003, 0xF81F, 0xF81F,
    0xF81F, 0xF81F, 0xF81F, 0xF81F, 0xF81F, 0xF81F, 0xF81F, 0xF81F, 0xF81F, 0xF81F, 0xF81F, 0xF81F,
    0xF81F, 0xF81F, 0xF81F, 0xF81F, 0xF81F, 0xF81F, 0xF81F, 0xF81F, 0xF81F, 0xF81F, 0xF81F, 0xF81F,
    0xF81F, 0xF81F, 0xF81F, 0xF81F, 0xF81F, 0xF81F, 0xF81F, 0xF81F, 0xF81F, 0xF81F, 0xF81F, 0xF81F,
    0xF81F, 0xF81F, 0xF81F, 0xF81F, 0xF81F, 0xF81F, 0xF81F, 0xF81F, 0xF81F, 0xF81F, 0xF81F, 0xF81F,
    0xF81F, 0xF81F, 0xF81F, 0xF81F, 0x0000, 0x0000, 0x0000, 0x9060, 0xB880, 0xE0A0, 0x7080, 0x0000,
    0xF81F, 0xF81F, 0xF81F, 0x0000, 0x0000, 0xE9A5, 0xF9E6, 0x0000, 0x0000, 0x1040, 0xF9C3, 0xFA04,
    0xFA24, 0x7102, 0x0000, 0x0000, 0x4881, 0xFAC8, 0x99A6, 0x0000, 0x0000, 0xF81F, 0xF81F, 0x0000,
    0x2020, 0xC820, 0xC840, 0xB860, 0x7860, 0x0000, 0x0000, 0x0000, 0xF81F, 0xF81F, 0xF81F, 0xF81F,
    0xF81F, 0xF81F, 0xF81F, 0xF81F, 0xF81F, 0xF81F, 0xF81F, 0xF81F, 0xF81F, 0xF81F, 0xF81F, 0xF81F,
    0xF81F, 0xF81F, 0xF81F, 0xF81F, 0xF81F, 0xF81F, 0xF81F, 0xF81F, 0xF81F, 0xF81F, 0xF81F, 0xF81F,
    0xF81F, 0xF81F, 0xF81F, 0xF81F, 0xF81F, 0xF81F, 0xF81F, 0xF81F, 0xF81F, 0xF81F, 0xF81F, 0xF81F,
    0xF81F, 0xF81F, 0xF81F, 0xF81F, 0xF81F, 0xF81F, 0xF81F, 0xF81F, 0xF81F, 0xF81F, 0xF81F, 0xF81F,
    0xF81F, 0xF81F, 0xF81F, 0xF81F, 0xF81F, 0xF81F, 0xF81F, 0x3041, 0x3040, 0xC860, 0xC080, 0x9080,
    0x4042, 0x1003, 0x2022, 0x9943, 0xA9A4, 0xD8E1, 0xE0E2, 0x9880, 0x9060, 0x9860, 0xE0C0, 0xE0E1,
    0xE0E0, 0xB0A0, 0x8060, 0x8860, 0xB0A0, 0xE902, 0xC983, 0xA206, 0x99C5, 0x1823, 0x2022, 0x7040,
    0x9840, 0xF820, 0xC040, 0x2820, 0x3021, 0xF81F, 0xF81F, 0xF81F, 0xF81F, 0xF81F, 0xF81F, 0xF81F,
    0xF81F, 0xF81F, 0xF81F, 0xF81F, 0xF81F, 0xF81F, 0xF81F, 0xF81F, 0xF81F, 0xF81F, 0xF81F, 0xF81F,
    0xF81F, 0xF81F, 0xF81F, 0xF81F, 0xF81F, 0xF81F, 0xF81F, 0xF81F, 0xF81F, 0xF81F, 0xF81F, 0xF81F,
    0xF81F, 0xF81F, 0xF81F, 0xF81F, 0xF81F, 0xF81F, 0xF81F, 0xF81F, 0xF81F, 0xF81F, 0xF81F, 0xF81F,
    0xF81F, 0xF81F, 0xF81F, 0xF81F, 0xF81F, 0xF81F, 0xF81F, 0xF81F, 0xF81F, 0xF81F, 0xF81F, 0xF81F,
    0xF81F, 0xF81F, 0xF81F, 0xF81F, 0xF81F, 0xF81F, 0xF81F, 0x0002, 0x0000, 0x7840, 0xB060, 0xB880,
    0x2840, 0x0000, 0x4040, 0xFA44, 0xFAC5, 0xE080, 0xE040, 0xF080, 0xF080, 0xF080, 0xE060, 0xE060,
    0xE060, 0xE880, 0xF080, 0xF080, 0xF080, 0xD840, 0xF142, 0xFAC6, 0xFAA6, 0x1841, 0x1000, 0xC840,
    0xA820, 0x6040, 0x5820, 0x0000, 0x0002, 0xF81F, 0xF81F, 0xF81F, 0xF81F, 0xF81F, 0xF81F, 0xF81F,
    0xF81F, 0xF81F, 0xF81F, 0xF81F, 0xF81F, 0xF81F, 0xF81F, 0xF81F, 0xF81F, 0xF81F, 0xF81F, 0xF81F,
    0xF81F, 0xF81F, 0xF81F, 0xF81F, 0xF81F, 0xF81F, 0xF81F, 0xF81F, 0xF81F, 0xF81F, 0xF81F, 0xF81F,
    0xF81F, 0xF81F, 0xF81F, 0xF81F, 0xF81F, 0xF81F, 0xF81F, 0xF81F, 0xF81F, 0xF81F, 0xF81F, 0xF81F,
    0xF81F, 0xF81F, 0xF81F, 0xF81F, 0xF81F, 0xF81F, 0xF81F, 0xF81F, 0xF81F, 0xF81F, 0xF81F, 0xF81F,
    0xF81F, 0xF81F, 0xF81F, 0xF81F, 0xF81F, 0xF81F, 0xF81F, 0xF81F, 0x0821, 0x0021, 0x0000, 0x0000,
    0x5000, 0xC080, 0xFA84, 0xF162, 0xE8A0, 0xE880, 0xE880, 0xE080, 0xE080, 0xE080, 0xE080, 0xE080,
    0xE080, 0xE080, 0xE080, 0xE080, 0xE080, 0xE880, 0xE080, 0xE060, 0xF161, 0xEA25, 0xA123, 0x0000,
    0x0000, 0x0000, 0x0001, 0x0801, 0xF81F, 0xF81F, 0xF81F, 0xF81F, 0xF81F, 0xF81F, 0xF81F, 0xF81F,
    0xF81F, 0xF81F, 0xF81F, 0xF81F, 0xF81F, 0xF81F, 0xF81F, 0xF81F, 0xF81F, 0xF81F, 0xF81F, 0xF81F,
    0xF81F, 0xF81F, 0xF81F, 0xF81F, 0xF81F, 0xF81F, 0xF81F, 0xF81F, 0xF81F, 0xF81F, 0xF81F, 0xF81F,
    0xF81F, 0xF81F, 0xF81F, 0xF81F, 0xF81F, 0xF81F, 0xF81F, 0xF81F, 0xF81F, 0xF81F, 0xF81F, 0xF81F,
    0xF81F, 0xF81F, 0xF81F, 0xF81F, 0xF81F, 0xF81F, 0xF81F, 0xF81F, 0xF81F, 0xF81F, 0xF81F, 0xF81F,
    0xF81F, 0xF81F, 0xF81F, 0xF81F, 0xF81F, 0xF81F, 0xF81F, 0xF81F, 0xF81F, 0xF81F, 0x0800, 0x0000,
    0xA0C0, 0xF981, 0xF1C2, 0xE8C0, 0xE060, 0xE880, 0xE880, 0xE080, 0xE080, 0xE080, 0xE080, 0xE080,
    0xE080, 0xE080, 0xE080, 0xE080, 0xE880, 0xE880, 0xE880, 0xE080, 0xE8C0, 0xF962, 0xC921, 0x0000,
    0x0000, 0x1002, 0xF81F, 0xF81F, 0xF81F, 0xF81F, 0xF81F, 0xF81F, 0xF81F, 0xF81F, 0xF81F, 0xF81F,
    0xF81F, 0xF81F, 0xF81F, 0xF81F, 0xF81F, 0xF81F, 0xF81F, 0xF81F, 0xF81F, 0xF81F, 0xF81F, 0xF81F,
    0xF81F, 0xF81F, 0xF81F, 0xF81F, 0xF81F, 0xF81F, 0xF81F, 0xF81F, 0xF81F, 0xF81F, 0xF81F, 0xF81F,
    0xF81F, 0xF81F, 0xF81F, 0xF81F, 0xF81F, 0xF81F, 0xF81F, 0xF81F, 0xF81F, 0xF81F, 0xF81F, 0xF81F,
    0xF81F, 0xF81F, 0xF81F, 0xF81F, 0xF81F, 0xF81F, 0xF81F, 0xF81F, 0xF81F, 0xF81F, 0xF81F, 0xF81F,
    0xF81F, 0xF81F, 0xF81F, 0xF81F, 0xF81F, 0xF81F, 0xF81F, 0xF81F, 0xF81F, 0xF81F, 0x0000, 0x0000,
    0xB1C3, 0xFA64, 0xE040, 0xE060, 0xE880, 0xE880, 0xE080, 0xE080, 0xE080, 0xE080, 0xE080, 0xE080,
    0xE080, 0xE080, 0xE080, 0xE080, 0xE080, 0xE880, 0xE880, 0xE880, 0xE860, 0xE860, 0xE080, 0x7060,
    0x0000, 0xF81F, 0xF81F, 0xF81F, 0xF81F, 0xF81F, 0xF81F, 0xF81F, 0xF81F, 0xF81F, 0xF81F, 0xF81F,
    0xF81F, 0xF81F, 0xF81F, 0xF81F, 0xF81F, 0xF81F, 0xF81F, 0xF81F, 0xF81F, 0xF81F, 0xF81F, 0xF81F,
    0xF81F, 0xF81F, 0xF81F, 0xF81F, 0xF81F, 0xF81F, 0xF81F, 0xF81F, 0xF81F, 0xF81F, 0xF81F, 0xF81F,
    0xF81F, 0xF81F, 0xF81F, 0xF81F, 0xF81F, 0xF81F, 0xF81F, 0xF81F, 0xF81F, 0xF81F, 0xF81F, 0xF81F,
    0xF81F, 0xF81F, 0xF81F, 0xF81F, 0xF81F, 0xF81F, 0xF81F, 0xF81F, 0xF81F, 0xF81F, 0xF81F, 0xF81F,
    0xF81F, 0xF81F, 0xF81F, 0xF81F, 0xF81F, 0xF81F, 0xF81F, 0xF81F, 0xF81F, 0xF81F, 0x0800, 0x0000,
    0xA921, 0xF181, 0xE060, 0xE060, 0xE060, 0xE080, 0xE080, 0xE080, 0xE080, 0xE080, 0xE080, 0xE080,
    0xE080, 0xE080, 0xE080, 0xE080, 0xE080, 0xE080, 0xE880, 0xE880, 0xE880, 0xE080, 0xD880, 0x8860,
    0x0000, 0x1802, 0xF81F, 0xF81F, 0xF81F, 0xF81F, 0xF81F, 0xF81F, 0xF81F, 0xF81F, 0xF81F, 0xF81F,
    0xF81F, 0xF81F, 0xF81F, 0xF81F, 0xF81F, 0xF81F, 0xF81F, 0xF81F, 0xF81F, 0xF81F, 0xF81F, 0xF81F,
    0xF81F, 0xF81F, 0xF81F, 0xF81F, 0xF81F, 0xF81F, 0xF81F, 0xF81F, 0xF81F, 0xF81F, 0xF81F, 0xF81F,
    0xF81F, 0xF81F, 0xF81F, 0xF81F, 0xF81F, 0xF81F, 0xF81F, 0xF81F, 0xF81F, 0xF81F, 0xF81F, 0xF81F,
    0xF81F, 0xF81F, 0xF81F, 0xF81F, 0xF81F, 0xF81F, 0xF81F, 0xF81F, 0xF81F, 0xF81F, 0xF81F, 0xF81F,
    0xF81F, 0xF81F, 0xF81F, 0xF81F, 0xF81F, 0xF81F, 0xF81F, 0x0000, 0x0000, 0x0000, 0x0000, 0x0000,
    0x8840, 0xE860, 0xE060, 0xE060, 0xE060, 0xE060, 0xE080, 0xE080, 0xE080, 0xE080, 0xE080, 0xE080,
    0xE080, 0xE080, 0xE080, 0xE080, 0xE080, 0xE080, 0xE080, 0xE080, 0xE880, 0xE080, 0xA860, 0x8040,
    0x0000, 0x0000, 0x0000, 0x0000, 0x0002, 0xF81F, 0xF81F, 0xF81F, 0xF81F, 0xF81F, 0xF81F, 0xF81F,
    0xF81F, 0xF81F, 0xF81F, 0xF81F, 0xF81F, 0xF81F, 0xF81F, 0xF81F, 0xF81F, 0xF81F, 0xF81F, 0xF81F,
    0xF81F, 0xF81F, 0xF81F, 0xF81F, 0xF81F, 0xF81F, 0xF81F, 0xF81F, 0xF81F, 0xF81F, 0xF81F, 0xF81F,
    0xF81F, 0xF81F, 0xF81F, 0xF81F, 0xF81F, 0xF81F, 0xF81F, 0xF81F, 0xF81F, 0xF81F, 0xF81F, 0xF81F,
    0xF81F, 0xF81F, 0xF81F, 0xF81F, 0xF81F, 0xF81F, 0xF81F, 0xF81F, 0xF81F, 0xF81F, 0xF81F, 0xF81F,
    0xF81F, 0xF81F, 0xF81F, 0xF81F, 0xF81F, 0xF81F, 0x2845, 0x3021, 0x4021, 0x4041, 0x4841, 0x3821,
    0x3840, 0x7860, 0xB860, 0xD860, 0xE060, 0xD860, 0xE060, 0xE080, 0xE080, 0xE080, 0xE080, 0xE080,
    0xE080, 0xE080, 0xE080, 0xE080, 0xE080, 0xE080, 0xE080, 0xE880, 0xD880, 0xC080, 0x7040, 0x3820,
    0x1020, 0x3021, 0x3821, 0x4041, 0x4062, 0xF81F, 0xF81F, 0xF81F, 0xF81F, 0xF81F, 0xF81F, 0xF81F,
    0xF81F, 0xF81F, 0xF81F, 0xF81F, 0xF81F, 0xF81F, 0xF81F, 0xF81F, 0xF81F, 0xF81F, 0xF81F, 0xF81F,
    0xF81F, 0xF81F, 0xF81F, 0xF81F, 0xF81F, 0xF81F, 0xF81F, 0xF81F, 0xF81F, 0xF81F, 0xF81F, 0xF81F,
    0xF81F, 0xF81F, 0xF81F, 0xF81F, 0xF81F, 0xF81F, 0xF81F, 0xF81F, 0xF81F, 0xF81F, 0xF81F, 0xF81F,
    0xF81F, 0xF81F, 0xF81F, 0xF81F, 0xF81F, 0xF81F, 0xF81F, 0xF81F, 0xF81F, 0xF81F, 0xF81F, 0xF81F,
    0xF81F, 0xF81F, 0xF81F, 0xF81F, 0xF81F, 0x0001, 0x0000, 0xD861, 0xF8A0, 0xF8A0, 0xF880, 0xD880,
    0x0020, 0x1000, 0xB040, 0xB860, 0xB080, 0xD860, 0xE060, 0xE060, 0xE060, 0xE060, 0xE060, 0xE080,
    0xE080, 0xE080, 0xE080, 0xE080, 0xE080, 0xE080, 0xE080, 0xC080, 0xB060, 0xB880, 0x3840, 0x0000,
    0x5041, 0xB880, 0xF0A0, 0xF8E0, 0xD0E1, 0x0000, 0x0003, 0xF81F, 0xF81F, 0xF81F, 0xF81F, 0xF81F,
    0xF81F, 0xF81F, 0xF81F, 0xF81F, 0xF81F, 0xF81F, 0xF81F, 0xF81F, 0xF81F, 0xF81F, 0xF81F, 0xF81F,
    0xF81F, 0xF81F, 0xF81F, 0xF81F, 0xF81F, 0xF81F, 0xF81F, 0xF81F, 0xF81F, 0xF81F, 0xF81F, 0xF81F,
    0xF81F, 0xF81F, 0xF81F, 0xF81F, 0xF81F, 0xF81F, 0xF81F, 0xF81F, 0xF81F, 0xF81F, 0xF81F, 0xF81F,
    0xF81F, 0xF81F, 0xF81F, 0xF81F, 0xF81F, 0xF81F, 0xF81F, 0xF81F, 0xF81F, 0xF81F, 0xF81F, 0xF81F,
    0xF81F, 0xF81F, 0xF81F, 0xF81F, 0xF81F, 0x6061, 0x7081, 0xA860, 0xA860, 0x6860, 0x6040, 0x5040,
    0x0000, 0x1000, 0x5820, 0x7040, 0xA060, 0xB860, 0xB860, 0xB860, 0xB880, 0xB880, 0xB880, 0xC080,
    0xC080, 0xC080, 0xC080, 0xC080, 0xC080, 0xC080, 0xB880, 0xA060, 0x8060, 0x5040, 0x2020, 0x0000,
    0x2020, 0x4840, 0x7060, 0xB060, 0xA0A0, 0x7881, 0x6883, 0xF81F, 0xF81F, 0xF81F, 0xF81F, 0xF81F,
    0xF81F, 0xF81F, 0xF81F, 0xF81F, 0xF81F, 0xF81F, 0xF81F, 0xF81F, 0xF81F, 0xF81F, 0xF81F, 0xF81F,
    0xF81F, 0xF81F, 0xF81F, 0xF81F, 0xF81F, 0xF81F, 0xF81F, 0xF81F, 0xF81F, 0xF81F, 0xF81F, 0xF81F,
    0xF81F, 0xF81F, 0xF81F, 0xF81F, 0xF81F, 0xF81F, 0xF81F, 0xF81F, 0xF81F, 0xF81F, 0xF81F, 0xF81F,
    0xF81F, 0xF81F, 0xF81F, 0xF81F, 0xF81F, 0xF81F, 0xF81F, 0xF81F, 0xF81F, 0xF81F, 0xF81F, 0xF81F,
    0xF81F, 0xF81F, 0xF81F, 0xF81F, 0x0000, 0xE8C0, 0xF921, 0x9860, 0x5020, 0x0000, 0x0000, 0x0000,
    0x0000, 0x0000, 0x0000, 0x4020, 0xB840, 0xA860, 0xA860, 0xA860, 0xA860, 0xA860, 0xA860, 0xA860,
    0xA860, 0xA860, 0xA860, 0xA860, 0xB060, 0xA860, 0xA860, 0xB860, 0x6860, 0x0000, 0x0000, 0x0000,
    0x0000, 0x0000, 0x1000, 0x6820, 0x8860, 0xF8C0, 0xB8A1, 0x0000, 0xF81F, 0xF81F, 0xF81F, 0xF81F,
    0xF81F, 0xF81F, 0xF81F, 0xF81F, 0xF81F, 0xF81F, 0xF81F, 0xF81F, 0xF81F, 0xF81F, 0xF81F, 0xF81F,
    0xF81F, 0xF81F, 0xF81F, 0xF81F, 0xF81F, 0xF81F, 0xF81F, 0xF81F, 0xF81F, 0xF81F, 0xF81F, 0xF81F,
    0xF81F, 0xF81F, 0xF81F, 0xF81F, 0xF81F, 0xF81F, 0xF81F, 0xF81F, 0xF81F, 0xF81F, 0xF81F, 0xF81F,
    0xF81F, 0xF81F, 0xF81F, 0xF81F, 0xF81F, 0xF81F, 0xF81F, 0xF81F, 0xF81F, 0xF81F, 0xF81F, 0xF81F,
    0xF81F, 0xF81F, 0xF81F, 0xF81F, 0x0800, 0xD060, 0xE0A0, 0x4040, 0x1000, 0x0000, 0x4041, 0xD902,
    0xB0A1, 0xA040, 0x6041, 0x1020, 0x3820, 0x3020, 0x3820, 0x3820, 0x3820, 0x3820, 0x3820, 0x3820,
    0x3820, 0x3820, 0x3820, 0x3820, 0x3820, 0x3820, 0x3020, 0x3820, 0x1820, 0x6040, 0x9080, 0xD8A0,
    0x8881, 0x0000, 0x0800, 0x1000, 0x4820, 0xF860, 0xA080, 0x0000, 0xF81F, 0xF81F, 0xF81F, 0xF81F,
    0xF81F, 0xF81F, 0xF81F, 0xF81F, 0xF81F, 0xF81F, 0xF81F, 0xF81F, 0xF81F, 0xF81F, 0xF81F, 0xF81F,
    0xF81F, 0xF81F, 0xF81F, 0xF81F, 0xF81F, 0xF81F, 0xF81F, 0xF81F, 0xF81F, 0xF81F, 0xF81F, 0xF81F,
    0xF81F, 0xF81F, 0xF81F, 0xF81F, 0xF81F, 0xF81F, 0xF81F, 0xF81F, 0xF81F, 0xF81F, 0xF81F, 0xF81F,
    0xF81F, 0xF81F, 0xF81F, 0xF81F, 0xF81F, 0xF81F, 0xF81F, 0xF81F, 0xF81F, 0xF81F, 0xF81F, 0xF81F,
    0xF81F, 0xF81F, 0xF81F, 0xF81F, 0x0800, 0xD040, 0xD040, 0x1820, 0x0000, 0x1000, 0x6880, 0xF141,
    0xC0A0, 0xA840, 0x6040, 0x0000, 0x0000, 0x0000, 0x0000, 0x0000, 0x0000, 0x0000, 0x0000, 0x0000,
    0x0000, 0x0000, 0x0000, 0x0000, 0x0000, 0x0000, 0x0000, 0x0000, 0x0000, 0x6040, 0x9860, 0xE880,
    0xA0A0, 0x2021, 0x1800, 0x0000, 0x3820, 0xF840, 0xA060, 0x0000, 0xF81F, 0xF81F, 0xF81F, 0xF81F,
    0xF81F, 0xF81F, 0xF81F, 0xF81F, 0xF81F, 0xF81F, 0xF81F, 0xF81F, 0xF81F, 0xF81F, 0xF81F, 0xF81F,
    0xF81F, 0xF81F, 0xF81F, 0xF81F, 0xF81F, 0xF81F, 0xF81F, 0xF81F, 0xF81F, 0xF81F, 0xF81F, 0xF81F,
    0xF81F, 0xF81F, 0xF81F, 0xF81F, 0xF81F, 0xF81F, 0xF81F, 0xF81F, 0xF81F, 0xF81F, 0xF81F, 0xF81F,
    0xF81F, 0xF81F, 0xF81F, 0xF81F, 0xF81F, 0xF81F, 0xF81F, 0xF81F, 0xF81F, 0xF81F, 0xF81F, 0xF81F,
    0xF81F, 0xF81F, 0xF81F, 0xF81F, 0x1000, 0x9060, 0x1820, 0x0000, 0x1820, 0xE8E1, 0xE8C0, 0xB860,
    0x3020, 0x0000, 0x1824, 0xF81F, 0xF81F, 0xF81F, 0xF81F, 0xF81F, 0xF81F, 0xF81F, 0xF81F, 0xF81F,
    0xF81F, 0xF81F, 0xF81F, 0xF81F, 0xF81F, 0xF81F, 0xF81F, 0xF81F, 0xF81F, 0x0001, 0x0000, 0x0820,
    0x9060, 0xF961, 0x78A2, 0x0000, 0x1820, 0x9840, 0x7840, 0x0000, 0xF81F, 0xF81F, 0xF81F, 0xF81F,
    0xF81F, 0xF81F, 0xF81F, 0xF81F, 0xF81F, 0xF81F, 0xF81F, 0xF81F, 0xF81F, 0xF81F, 0xF81F, 0xF81F,
    0xF81F, 0xF81F, 0xF81F, 0xF81F, 0xF81F, 0xF81F, 0xF81F, 0xF81F, 0xF81F, 0xF81F, 0xF81F, 0xF81F,
    0xF81F, 0xF81F, 0xF81F, 0xF81F, 0xF81F, 0xF81F, 0xF81F, 0xF81F, 0xF81F, 0xF81F, 0xF81F, 0xF81F,
    0xF81F, 0xF81F, 0xF81F, 0xF81F, 0xF81F, 0xF81F, 0xF81F, 0xF81F, 0xF81F, 0xF81F, 0xF81F, 0xF81F,
    0xF81F, 0xF81F, 0xF81F, 0xF81F, 0x1000, 0x7840, 0x0000, 0x0000, 0x2020, 0xF8C0, 0xD0A0, 0x6820,
    0x2821, 0x1023, 0xF81F, 0xF81F, 0xF81F, 0xF81F, 0xF81F, 0xF81F, 0xF81F, 0xF81F, 0xF81F, 0xF81F,
    0xF81F, 0xF81F, 0xF81F, 0xF81F, 0xF81F, 0xF81F, 0xF81F, 0xF81F, 0xF81F, 0xF81F, 0x1002, 0x0000,
    0x6840, 0xF8E0, 0x80A0, 0x0000, 0x0800, 0x6000, 0x5820, 0x0000, 0xF81F, 0xF81F, 0xF81F, 0xF81F,
    0xF81F, 0xF81F, 0xF81F, 0xF81F, 0xF81F, 0xF81F, 0xF81F, 0xF81F, 0xF81F, 0xF81F, 0xF81F, 0xF81F,
    0xF81F, 0xF81F, 0xF81F, 0xF81F, 0xF81F, 0xF81F, 0xF81F, 0xF81F, 0xF81F, 0xF81F, 0xF81F, 0xF81F,
    0xF81F, 0xF81F, 0xF81F, 0xF81F, 0xF81F, 0xF81F, 0xF81F, 0xF81F, 0xF81F, 0xF81F, 0xF81F, 0xF81F,
    0xF81F, 0xF81F, 0xF81F, 0xF81F, 0xF81F, 0xF81F, 0xF81F, 0xF81F, 0xF81F, 0xF81F, 0xF81F, 0xF81F,
    0xF81F, 0xF81F, 0xF81F, 0xF81F, 0x0000, 0x1821, 0x0000, 0x0000, 0x2020, 0xF040, 0xA060, 0x0000,
    0xF81F, 0xF81F, 0xF81F, 0xF81F, 0xF81F, 0xF81F, 0xF81F, 0xF81F, 0xF81F, 0xF81F, 0xF81F, 0xF81F,
    0xF81F, 0xF81F, 0xF81F, 0xF81F, 0xF81F, 0xF81F, 0xF81F, 0xF81F, 0xF81F, 0xF81F, 0xF81F, 0x0000,
    0x3820, 0xF860, 0x8860, 0x0000, 0x0000, 0x0000, 0x0000, 0x0000, 0xF81F, 0xF81F, 0xF81F, 0xF81F,
    0xF81F, 0xF81F, 0xF81F, 0xF81F, 0xF81F, 0xF81F, 0xF81F, 0xF81F, 0xF81F, 0xF81F, 0xF81F, 0xF81F,
    0xF81F, 0xF81F, 0xF81F, 0xF81F, 0xF81F, 0xF81F, 0xF81F, 0xF81F, 0xF81F, 0xF81F, 0xF81F, 0xF81F,
    0xF81F, 0xF81F, 0xF81F, 0xF81F, 0xF81F, 0xF81F, 0xF81F, 0xF81F, 0xF81F, 0xF81F, 0xF81F, 0xF81F,
    0xF81F, 0xF81F, 0xF81F, 0xF81F, 0xF81F, 0xF81F, 0xF81F, 0xF81F, 0xF81F, 0xF81F, 0xF81F, 0xF81F,
    0xF81F, 0xF81F, 0xF81F, 0xF81F, 0x0000, 0x0000, 0xF81F, 0x0002, 0x1800, 0xD860, 0x8860, 0x0000,
    0xF81F, 0xF81F, 0xF81F, 0xF81F, 0xF81F, 0xF81F, 0xF81F, 0xF81F, 0xF81F, 0xF81F, 0xF81F, 0xF81F,
    0xF81F, 0xF81F, 0xF81F, 0xF81F, 0xF81F, 0xF81F, 0xF81F, 0xF81F, 0xF81F, 0xF81F, 0xF81F, 0x0000,
    0x4020, 0xF880, 0x7080, 0x0000, 0x3046, 0x0001, 0x0000, 0x0000, 0xF81F, 0xF81F, 0xF81F, 0xF81F,
    0xF81F, 0xF81F, 0xF81F, 0xF81F, 0xF81F, 0xF81F, 0xF81F, 0xF81F, 0xF81F, 0xF81F, 0xF81F, 0xF81F,
    0xF81F, 0xF81F, 0xF81F, 0xF81F, 0xF81F, 0xF81F, 0xF81F, 0xF81F, 0xF81F, 0xF81F, 0xF81F, 0xF81F,
    0xF81F, 0xF81F, 0xF81F, 0xF81F, 0xF81F, 0xF81F, 0xF81F, 0xF81F, 0xF81F, 0xF81F, 0xF81F, 0xF81F,
    0xF81F, 0xF81F, 0xF81F, 0xF81F, 0xF81F, 0xF81F, 0xF81F, 0xF81F, 0xF81F, 0xF81F, 0xF81F, 0xF81F,
    0xF81F, 0xF81F, 0xF81F, 0xF81F, 0x1002, 0xF81F, 0xF81F, 0x0802, 0x0800, 0xA040, 0x7040, 0x0000,
    0xF81F, 0xF81F, 0xF81F, 0xF81F, 0xF81F, 0xF81F, 0xF81F, 0xF81F, 0xF81F, 0xF81F, 0xF81F, 0xF81F,
    0xF81F, 0xF81F, 0xF81F, 0xF81F, 0xF81F, 0xF81F, 0xF81F, 0xF81F, 0xF81F, 0xF81F, 0xF81F, 0x0000,
    0x3020, 0xD080, 0x5060, 0x0000, 0xF81F, 0xF81F, 0x0802, 0x1002, 0xF81F, 0xF81F, 0xF81F, 0xF81F,
    0xF81F, 0xF81F, 0xF81F, 0xF81F, 0xF81F, 0xF81F, 0xF81F, 0xF81F, 0xF81F, 0xF81F, 0xF81F, 0xF81F,
    0xF81F, 0xF81F, 0xF81F, 0xF81F, 0xF81F, 0xF81F, 0xF81F, 0xF81F, 0xF81F, 0xF81F, 0xF81F, 0xF81F,
    0xF81F, 0xF81F, 0xF81F, 0xF81F, 0xF81F, 0xF81F, 0xF81F, 0xF81F, 0xF81F, 0xF81F, 0xF81F, 0xF81F,
    0xF81F, 0xF81F, 0xF81F, 0xF81F, 0xF81F, 0xF81F, 0xF81F, 0xF81F, 0xF81F, 0xF81F, 0xF81F, 0xF81F,
    0xF81F, 0xF81F, 0xF81F, 0xF81F, 0xF81F, 0xF81F, 0xF81F, 0x0802, 0x0000, 0xA840, 0x7840, 0x0000,
    0xF81F, 0xF81F, 0xF81F, 0xF81F, 0xF81F, 0xF81F, 0xF81F, 0xF81F, 0xF81F, 0xF81F, 0xF81F, 0xF81F,
    0xF81F, 0xF81F, 0xF81F, 0xF81F, 0xF81F, 0xF81F, 0xF81F, 0xF81F, 0xF81F, 0xF81F, 0xF81F, 0x0000,
    0x3820, 0xE080, 0x5060, 0x0000, 0xF81F, 0xF81F, 0xF81F, 0xF81F, 0xF81F, 0xF81F, 0xF81F, 0xF81F,
    0xF81F, 0xF81F, 0xF81F, 0xF81F, 0xF81F, 0xF81F, 0xF81F, 0xF81F, 0xF81F, 0xF81F, 0xF81F, 0xF81F,
    0xF81F, 0xF81F, 0xF81F, 0xF81F, 0xF81F, 0xF81F, 0xF81F, 0xF81F, 0xF81F, 0xF81F, 0xF81F, 0xF81F,
    0xF81F, 0xF81F, 0xF81F, 0xF81F, 0xF81F, 0xF81F, 0xF81F, 0xF81F, 0xF81F, 0xF81F, 0xF81F, 0xF81F,
    0xF81F, 0xF81F, 0xF81F, 0xF81F, 0xF81F, 0xF81F, 0xF81F, 0xF81F, 0xF81F, 0xF81F, 0xF81F, 0xF81F,
    0xF81F, 0xF81F, 0xF81F, 0xF81F, 0xF81F, 0xF81F, 0xF81F, 0xF81F, 0x2024, 0x4841, 0x2820, 0x0000,
    0xF81F, 0xF81F, 0xF81F, 0xF81F, 0xF81F, 0xF81F, 0xF81F, 0xF81F, 0xF81F, 0xF81F, 0xF81F, 0xF81F,
    0xF81F, 0xF81F, 0xF81F, 0xF81F, 0xF81F, 0xF81F, 0xF81F, 0xF81F, 0xF81F, 0xF81F, 0xF81F, 0x0000,
    0x1000, 0x5040, 0x3842, 0xF81F, 0xF81F, 0xF81F, 0xF81F, 0xF81F, 0xF81F, 0xF81F, 0xF81F, 0xF81F,
    0xF81F, 0xF81F, 0xF81F, 0xF81F, 0xF81F, 0xF81F, 0xF81F, 0xF81F, 0xF81F, 0xF81F, 0xF81F, 0xF81F,
    0xF81F, 0xF81F, 0xF81F, 0xF81F, 0xF81F, 0xF81F, 0xF81F, 0xF81F, 0xF81F, 0xF81F, 0xF81F, 0xF81F,
    0xF81F, 0xF81F, 0xF81F, 0xF81F, 0xF81F, 0xF81F, 0xF81F, 0xF81F, 0xF81F, 0xF81F, 0xF81F, 0xF81F,
    0xF81F, 0xF81F, 0xF81F, 0xF81F, 0xF81F, 0xF81F, 0xF81F, 0xF81F, 0xF81F, 0xF81F, 0xF81F, 0xF81F,
    0xF81F, 0xF81F, 0xF81F, 0xF81F, 0xF81F, 0xF81F, 0xF81F, 0xF81F, 0xF81F, 0x0001, 0x0000, 0x0000,
    0xF81F, 0xF81F, 0xF81F, 0xF81F, 0xF81F, 0xF81F, 0xF81F, 0xF81F, 0xF81F, 0xF81F, 0xF81F, 0xF81F,
    0xF81F, 0xF81F, 0xF81F, 0xF81F, 0xF81F, 0xF81F, 0xF81F, 0xF81F, 0xF81F, 0xF81F, 0xF81F, 0x0000,
    0x0000, 0x0000, 0xF81F, 0xF81F, 0xF81F, 0xF81F, 0xF81F, 0xF81F, 0xF81F, 0xF81F, 0xF81F, 0xF81F,
    0xF81F, 0xF81F, 0xF81F, 0xF81F, 0xF81F, 0xF81F, 0xF81F, 0xF81F, 0xF81F, 0xF81F, 0xF81F, 0xF81F,
    0xF81F, 0xF81F, 0xF81F, 0xF81F, 0xF81F, 0xF81F, 0xF81F, 0xF81F, 0xF81F, 0xF81F, 0xF81F, 0xF81F,
    0xF81F, 0xF81F, 0xF81F, 0xF81F, 0xF81F, 0xF81F, 0xF81F, 0xF81F, 0xF81F, 0xF81F, 0xF81F, 0xF81F,
    0xF81F, 0xF81F, 0xF81F, 0xF81F, 0xF81F, 0xF81F, 0xF81F, 0xF81F, 0xF81F, 0xF81F, 0xF81F, 0xF81F,
    0xF81F, 0xF81F, 0xF81F, 0xF81F, 0xF81F, 0xF81F, 0xF81F, 0xF81F, 0xF81F, 0xF81F, 0xF81F, 0xF81F,
    0xF81F, 0xF81F, 0xF81F, 0xF81F, 0xF81F, 0xF81F, 0xF81F, 0xF81F, 0xF81F, 0xF81F, 0xF81F, 0xF81F,
    0xF81F, 0xF81F, 0xF81F, 0xF81F, 0xF81F, 0xF81F, 0xF81F, 0xF81F, 0xF81F, 0xF81F, 0xF81F, 0xF81F,
    0xF81F, 0xF81F, 0xF81F, 0xF81F, 0xF81F, 0xF81F, 0xF81F, 0xF81F, 0xF81F, 0xF81F, 0xF81F, 0xF81F,
    0xF81F, 0xF81F, 0xF81F, 0xF81F, 0xF81F, 0xF81F, 0xF81F, 0xF81F, 0xF81F, 0xF81F, 0xF81F, 0xF81F,
    0xF81F, 0xF81F, 0xF81F, 0xF81F, 0xF81F, 0xF81F, 0xF81F, 0xF81F, 0xF81F, 0xF81F, 0xF81F, 0xF81F,
    0xF81F, 0xF81F, 0xF81F, 0xF81F, 0xF81F, 0xF81F, 0xF81F, 0xF81F, 0xF81F, 0xF81F, 0xF81F, 0xF81F,
    0xF81F, 0xF81F, 0xF81F, 0xF81F, 0xF81F, 0xF81F, 0xF81F, 0xF81F, 0xF81F, 0xF81F, 0xF81F, 0xF81F,
    0xF81F, 0xF81F, 0xF81F, 0xF81F, 0xF81F, 0xF81F, 0xF81F, 0xF81F, 0xF81F, 0xF81F, 0xF81F, 0xF81F,
    0xF81F, 0xF81F, 0xF81F, 0xF81F, 0xF81F, 0xF81F, 0xF81F, 0xF81F, 0xF81F, 0xF81F, 0xF81F, 0xF81F,
    0xF81F, 0xF81F, 0xF81F, 0xF81F, 0xF81F, 0xF81F, 0xF81F, 0xF81F, 0xF81F, 0xF81F, 0xF81F, 0xF81F,
    0xF81F, 0xF81F, 0xF81F, 0xF81F, 0xF81F, 0xF81F, 0xF81F, 0xF81F, 0xF81F, 0xF81F, 0xF81F, 0xF81F,
    0xF81F, 0xF81F, 0xF81F, 0xF81F, 0xF81F, 0xF81F, 0xF81F, 0xF81F, 0xF81F, 0xF81F, 0xF81F, 0xF81F,
    0xF81F, 0xF81F, 0xF81F, 0xF81F, 0xF81F, 0xF81F, 0xF81F, 0xF81F, 0xF81F, 0xF81F, 0xF81F, 0xF81F,
    0xF81F, 0xF81F, 0xF81F, 0xF81F, 0xF81F, 0xF81F, 0xF81F, 0xF81F, 0xF81F, 0xF81F, 0xF81F, 0xF81F,
    0xF81F, 0xF81F, 0xF81F, 0xF81F, 0xF81F, 0xF81F, 0xF81F, 0xF81F, 0xF81F, 0xF81F, 0xF81F, 0xF81F,
    0xF81F, 0xF81F, 0xF81F, 0xF81F, 0xF81F, 0xF81F, 0xF81F, 0xF81F, 0xF81F, 0xF81F, 0xF81F, 0xF81F,
    0xF81F, 0xF81F, 0xF81F, 0xF81F, 0xF81F, 0xF81F, 0xF81F, 0xF81F, 0xF81F, 0xF81F, 0xF81F, 0xF81F,
    0xF81F, 0xF81F, 0xF81F, 0xF81F, 0xF81F, 0xF81F, 0xF81F, 0xF81F, 0xF81F, 0xF81F, 0xF81F, 0xF81F,
    0xF81F, 0xF81F, 0xF81F, 0xF81F, 0xF81F, 0xF81F, 0xF81F, 0xF81F, 0xF81F, 0xF81F, 0xF81F, 0xF81F,
    0xF81F, 0xF81F, 0xF81F, 0xF81F, 0xF81F, 0xF81F, 0xF81F, 0xF81F, 0xF81F, 0xF81F, 0xF81F, 0xF81F,
    0xF81F, 0xF81F, 0xF81F, 0xF81F, 0xF81F, 0xF81F, 0xF81F, 0xF81F, 0xF81F, 0xF81F, 0xF81F, 0xF81F,
    0xF81F, 0xF81F, 0xF81F, 0xF81F, 0xF81F, 0xF81F, 0xF81F, 0xF81F, 0xF81F, 0xF81F, 0xF81F, 0xF81F,
    0xF81F, 0xF81F, 0xF81F, 0xF81F, 0xF81F, 0xF81F, 0xF81F, 0xF81F, 0xF81F, 0xF81F, 0xF81F, 0xF81F,
    0xF81F, 0xF81F, 0xF81F, 0xF81F, 0xF81F, 0xF81F, 0xF81F, 0xF81F, 0xF81F, 0xF81F, 0xF81F, 0xF81F,
    0xF81F, 0xF81F, 0xF81F, 0xF81F, 0xF81F, 0xF81F, 0xF81F, 0xF81F, 0xF81F, 0xF81F, 0xF81F, 0xF81F,
    0xF81F, 0xF81F, 0xF81F, 0xF81F, 0xF81F, 0xF81F, 0xF81F, 0xF81F, 0xF81F, 0xF81F, 0xF81F, 0xF81F,
    0xF81F, 0xF81F, 0xF81F, 0xF81F, 0xF81F, 0xF81F, 0xF81F, 0xF81F, 0xF81F, 0xF81F, 0xF81F, 0xF81F,
    0xF81F, 0xF81F, 0xF81F, 0xF81F, 0xF81F, 0xF81F, 0xF81F, 0xF81F, 0xF81F, 0xF81F, 0xF81F, 0xF81F,
    0xF81F, 0xF81F, 0xF81F, 0xF81F, 0xF81F, 0xF81F, 0xF81F, 0xF81F, 0xF81F, 0xF81F, 0xF81F, 0xF81F,
    0xF81F, 0xF81F, 0xF81F, 0xF81F, 0xF81F, 0xF81F, 0xF81F, 0xF81F, 0xF81F, 0xF81F, 0xF81F, 0xF81F,
    0xF81F, 0xF81F, 0xF81F, 0xF81F, 0xF81F, 0xF81F, 0xF81F, 0xF81F, 0xF81F, 0xF81F, 0xF81F, 0xF81F,
    0xF81F, 0xF81F, 0xF81F, 0xF81F, 0xF81F, 0xF81F, 0xF81F, 0xF81F, 0xF81F, 0xF81F, 0xF81F, 0xF81F,
    0xF81F, 0xF81F, 0xF81F, 0xF81F, 0xF81F, 0xF81F, 0xF81F, 0xF81F, 0xF81F, 0xF81F, 0xF81F, 0xF81F,
    0xF81F, 0xF81F, 0xF81F, 0xF81F, 0xF81F, 0xF81F, 0xF81F, 0xF81F, 0xF81F, 0xF81F, 0xF81F, 0xF81F,
    0xF81F, 0xF81F, 0xF81F, 0xF81F, 0xF81F, 0xF81F, 0xF81F, 0xF81F, 0xF81F, 0xF81F, 0xF81F, 0xF81F,
    0xF81F, 0xF81F, 0xF81F, 0xF81F, 0xF81F, 0xF81F, 0xF81F, 0xF81F, 0xF81F, 0xF81F, 0xF81F, 0xF81F,
    0xF81F, 0xF81F, 0xF81F, 0xF81F, 0xF81F, 0xF81F, 0xF81F, 0xF81F, 0xF81F, 0xF81F, 0xF81F, 0xF81F,
    0xF81F, 0xF81F, 0xF81F, 0xF81F, 0xF81F, 0xF81F, 0xF81F, 0xF81F, 0xF81F, 0xF81F, 0xF81F, 0xF81F,
    0xF81F, 0xF81F, 0xF81F, 0xF81F, 0xF81F, 0xF81F, 0xF81F, 0xF81F, 0xF81F, 0xF81F, 0xF81F, 0xF81F,
    0xF81F, 0xF81F, 0xF81F, 0xF81F, 0xF81F, 0xF81F, 0xF81F, 0xF81F, 0xF81F, 0xF81F, 0xF81F, 0xF81F,
    0xF81F, 0xF81F, 0xF81F, 0xF81F, 0xF81F, 0xF81F, 0xF81F, 0xF81F, 0xF81F, 0xF81F, 0xF81F, 0xF81F,
    0xF81F, 0xF81F, 0xF81F, 0xF81F, 0xF81F, 0xF81F, 0xF81F, 0xF81F, 0xF81F, 0xF81F, 0xF81F, 0xF81F,
    0xF81F, 0xF81F, 0xF81F, 0xF81F, 0xF81F, 0xF81F, 0xF81F, 0xF81F, 0xF81F, 0xF81F, 0xF81F, 0xF81F,
    0xF81F, 0xF81F, 0xF81F, 0xF81F, 0xF81F, 0xF81F, 0xF81F, 0xF81F, 0xF81F, 0xF81F, 0xF81F, 0xF81F,
    0xF81F, 0xF81F, 0xF81F, 0xF81F, 0xF81F, 0xF81F, 0xF81F, 0xF81F, 0xF81F, 0xF81F, 0xF81F, 0xF81F,
    0xF81F, 0xF81F, 0xF81F, 0xF81F, 0xF81F, 0xF81F, 0xF81F, 0xF81F, 0xF81F, 0xF81F, 0xF81F, 0xF81F,
    0xF81F, 0xF81F, 0xF81F, 0xF81F, 0xF81F, 0xF81F, 0xF81F, 0xF81F, 0xF81F, 0xF81F, 0xF81F, 0xF81F,
    0xF81F, 0xF81F, 0xF81F, 0xF81F, 0xF81F, 0xF81F, 0xF81F, 0xF81F, 0xF81F, 0xF81F, 0xF81F, 0xF81F,
    0xF81F, 0xF81F, 0xF81F, 0xF81F, 0xF81F, 0xF81F, 0xF81F, 0xF81F, 0xF81F, 0xF81F, 0xF81F, 0xF81F,
    0xF81F, 0xF81F, 0xF81F, 0xF81F, 0xF81F, 0xF81F, 0xF81F, 0xF81F, 0xF81F, 0xF81F, 0xF81F, 0xF81F,
    0xF81F, 0xF81F, 0xF81F, 0xF81F, 0xF81F, 0xF81F, 0xF81F, 0xF81F, 0xF81F, 0xF81F, 0xF81F, 0xF81F,
    0xF81F, 0xF81F, 0xF81F, 0xF81F, 0xF81F, 0xF81F, 0xF81F, 0xF81F, 0xF81F, 0xF81F, 0xF81F, 0xF81F,
    0xF81F, 0xF81F, 0xF81F, 0xF81F, 0xF81F, 0xF81F, 0xF81F, 0xF81F, 0xF81F, 0xF81F, 0xF81F, 0xF81F,
    0xF81F, 0xF81F, 0xF81F, 0xF81F, 0xF81F, 0xF81F, 0xF81F, 0xF81F, 0xF81F, 0xF81F, 0xF81F, 0xF81F,
    0xF81F, 0xF81F, 0xF81F, 0xF81F, 0xF81F, 0xF81F, 0xF81F, 0xF81F, 0xF81F, 0xF81F, 0xF81F, 0xF81F,
    0xF81F, 0xF81F, 0xF81F, 0xF81F, 0xF81F, 0xF81F, 0xF81F, 0xF81F, 0xF81F, 0xF81F, 0xF81F, 0xF81F,
    0xF81F, 0xF81F, 0xF81F, 0xF81F, 0xF81F, 0xF81F, 0xF81F, 0xF81F, 0xF81F, 0xF81F, 0xF81F, 0xF81F,
    0xF81F, 0xF81F, 0xF81F, 0xF81F, 0xF81F, 0xF81F, 0xF81F, 0xF81F, 0xF81F, 0xF81F, 0xF81F, 0xF81F,
    0xF81F, 0xF81F, 0xF81F, 0xF81F, 0xF81F, 0xF81F, 0xF81F, 0xF81F, 0xF81F, 0xF81F, 0xF81F, 0xF81F,
    0xF81F, 0xF81F, 0xF81F, 0xF81F, 0xF81F, 0xF81F, 0xF81F, 0xF81F, 0xF81F, 0xF81F, 0xF81F, 0xF81F,
    0xF81F, 0xF81F, 0xF81F, 0xF81F, 0xF81F, 0xF81F, 0xF81F, 0xF81F, 0xF81F, 0xF81F, 0xF81F, 0xF81F,
    0xF81F, 0xF81F, 0xF81F, 0xF81F, 0xF81F, 0xF81F, 0xF81F, 0xF81F, 0xF81F, 0xF81F, 0xF81F, 0xF81F,
    0xF81F, 0xF81F, 0xF81F, 0xF81F, 0xF81F, 0xF81F, 0xF81F, 0xF81F, 0xF81F, 0xF81F, 0xF81F, 0xF81F,
    0xF81F, 0xF81F, 0xF81F, 0xF81F, 0xF81F, 0xF81F, 0xF81F, 0xF81F, 0xF81F, 0xF81F, 0xF81F, 0xF81F,
    0xF81F, 0xF81F, 0xF81F, 0xF81F, 0xF81F, 0xF81F, 0xF81F, 0xF81F, 0xF81F, 0xF81F, 0xF81F, 0xF81F,
    0xF81F, 0xF81F, 0xF81F, 0xF81F, 0xF81F, 0xF81F, 0xF81F, 0xF81F, 0xF81F, 0xF81F, 0xF81F, 0xF81F,
    0xF81F, 0xF81F, 0xF81F, 0xF81F, 0xF81F, 0xF81F, 0xF81F, 0xF81F, 0xF81F, 0xF81F, 0xF81F, 0xF81F,
    0xF81F, 0xF81F, 0xF81F, 0xF81F, 0xF81F, 0xF81F, 0xF81F, 0xF81F, 0xF81F, 0xF81F, 0xF81F, 0xF81F,
    0xF81F, 0xF81F, 0xF81F, 0xF81F, 0xF81F, 0xF81F, 0xF81F, 0xF81F, 0xF81F, 0xF81F, 0xF81F, 0xF81F,
    0xF81F, 0xF81F, 0xF81F, 0xF81F, 0xF81F, 0xF81F, 0xF81F, 0xF81F, 0xF81F, 0xF81F, 0xF81F, 0xF81F,
    0xF81F, 0xF81F, 0xF81F, 0xF81F, 0xF81F, 0xF81F, 0xF81F, 0xF81F, 0xF81F, 0xF81F, 0xF81F, 0xF81F,
    0xF81F, 0xF81F, 0xF81F, 0xF81F, 0xF81F, 0xF81F, 0xF81F, 0xF81F, 0xF81F, 0xF81F, 0xF81F, 0xF81F,
    0xF81F, 0xF81F, 0xF81F, 0xF81F, 0xF81F, 0xF81F, 0xF81F, 0xF81F, 0xF81F, 0xF81F, 0xF81F, 0xF81F,
    0xF81F, 0xF81F, 0xF81F, 0xF81F, 0xF81F, 0xF81F, 0xF81F, 0xF81F, 0xF81F, 0xF81F, 0xF81F, 0xF81F,
    0xF81F, 0xF81F, 0xF81F, 0xF81F, 0xF81F, 0xF81F, 0xF81F, 0xF81F, 0xF81F, 0xF81F, 0xF81F, 0xF81F,
    0xF81F, 0xF81F, 0xF81F, 0xF81F, 0xF81F, 0xF81F, 0xF81F, 0xF81F, 0xF81F, 0xF81F, 0xF81F, 0xF81F,
    0xF81F, 0xF81F, 0xF81F, 0xF81F, 0xF81F, 0xF81F, 0xF81F, 0xF81F, 0xF81F, 0xF81F, 0xF81F, 0xF81F,
    0xF81F, 0xF81F, 0xF81F, 0xF81F, 0xF81F, 0xF81F, 0xF81F, 0xF81F, 0xF81F, 0xF81F, 0xF81F, 0xF81F,
    0xF81F, 0xF81F, 0xF81F, 0xF81F, 0xF81F, 0xF81F, 0xF81F, 0xF81F, 0xF81F, 0xF81F, 0xF81F, 0xF81F,
    0xF81F, 0xF81F, 0xF81F, 0xF81F, 0xF81F, 0xF81F, 0xF81F, 0xF81F, 0xF81F, 0xF81F, 0xF81F, 0xF81F,
    0xF81F, 0xF81F, 0xF81F, 0xF81F, 0xF81F, 0xF81F, 0xF81F, 0xF81F, 0xF81F, 0xF81F, 0xF81F, 0xF81F,
    0xF81F, 0xF81F, 0xF81F, 0xF81F, 0xF81F, 0xF81F, 0xF81F, 0xF81F, 0xF81F, 0xF81F, 0xF81F, 0xF81F,
    0xF81F, 0xF81F, 0xF81F, 0xF81F, 0xF81F, 0xF81F, 0xF81F, 0xF81F, 0xF81F, 0xF81F, 0xF81F, 0xF81F,
    0xF81F, 0xF81F, 0xF81F, 0xF81F, 0xF81F, 0xF81F, 0xF81F, 0xF81F, 0xF81F, 0xF81F, 0xF81F, 0xF81F,
    0xF81F, 0xF81F, 0xF81F, 0xF81F, 0xF81F, 0xF81F, 0xF81F, 0xF81F, 0xF81F, 0xF81F, 0xF81F, 0xF81F,
    0xF81F, 0xF81F, 0xF81F, 0xF81F, 0xF81F, 0xF81F, 0xF81F, 0xF81F, 0xF81F, 0xF81F, 0xF81F, 0xF81F,
    0xF81F, 0xF81F, 0xF81F, 0xF81F, 0xF81F, 0xF81F, 0xF81F, 0xF81F, 0xF81F, 0xF81F, 0xF81F, 0xF81F,
    0xF81F, 0xF81F, 0xF81F, 0xF81F, 0xF81F, 0xF81F, 0xF81F, 0xF81F, 0xF81F, 0xF81F, 0xF81F, 0xF81F,
    0xF81F, 0xF81F, 0xF81F, 0xF81F, 0xF81F, 0xF81F, 0xF81F, 0xF81F, 0xF81F, 0xF81F, 0xF81F, 0xF81F,
    0xF81F, 0xF81F, 0xF81F, 0xF81F, 0xF81F, 0xF81F, 0xF81F, 0xF81F, 0xF81F, 0xF81F, 0xF81F, 0xF81F,
    0xF81F, 0xF81F, 0xF81F, 0xF81F, 0xF81F, 0xF81F, 0xF81F, 0xF81F, 0xF81F, 0xF81F, 0xF81F, 0xF81F,
    0xF81F, 0xF81F, 0xF81F, 0xF81F, 0xF81F, 0xF81F, 0xF81F, 0xF81F, 0xF81F, 0xF81F, 0xF81F, 0xF81F,
    0xF81F, 0xF81F, 0xF81F, 0xF81F, 0xF81F, 0xF81F, 0xF81F, 0xF81F, 0xF81F, 0xF81F, 0xF81F, 0xF81F,
    0xF81F, 0xF81F, 0xF81F, 0xF81F, 0xF81F, 0xF81F, 0xF81F, 0xF81F, 0xF81F, 0xF81F, 0xF81F, 0xF81F,
    0xF81F, 0xF81F, 0xF81F, 0xF81F, 0xF81F, 0xF81F, 0xF81F, 0xF81F, 0xF81F, 0xF81F, 0xF81F, 0xF81F,
    0xF81F, 0xF81F, 0xF81F, 0xF81F, 0xF81F, 0xF81F, 0xF81F, 0xF81F, 0xF81F, 0xF81F, 0xF81F, 0xF81F,
    0xF81F, 0xF81F, 0xF81F, 0xF81F, 0xF81F, 0xF81F, 0xF81F, 0xF81F, 0xF81F, 0xF81F, 0xF81F, 0xF81F,
    0xF81F, 0xF81F, 0xF81F, 0xF81F, 0xF81F, 0xF81F, 0xF81F, 0xF81F, 0xF81F, 0xF81F, 0xF81F, 0xF81F,
    0xF81F, 0xF81F, 0xF81F, 0xF81F, 0xF81F, 0xF81F, 0xF81F, 0xF81F, 0xF81F, 0xF81F, 0xF81F, 0xF81F,
    0xF81F, 0xF81F, 0xF81F, 0xF81F, 0xF81F, 0xF81F, 0xF81F, 0xF81F, 0xF81F, 0xF81F, 0xF81F, 0xF81F,
    0xF81F, 0xF81F, 0xF81F, 0xF81F, 0xF81F, 0xF81F, 0xF81F, 0xF81F, 0xF81F, 0xF81F, 0xF81F, 0xF81F,
    0xF81F, 0xF81F, 0xF81F, 0xF81F, 0xF81F, 0xF81F, 0xF81F, 0xF81F, 0xF81F, 0xF81F, 0xF81F, 0xF81F,
    0xF81F, 0xF81F, 0xF81F, 0xF81F, 0xF81F, 0xF81F, 0xF81F, 0xF81F, 0xF81F, 0xF81F, 0xF81F, 0xF81F,
    0xF81F, 0xF81F, 0xF81F, 0xF81F, 0xF81F, 0xF81F, 0xF81F, 0xF81F, 0xF81F, 0xF81F, 0xF81F, 0xF81F,
    0xF81F, 0xF81F, 0xF81F, 0xF81F, 0xF81F, 0xF81F, 0xF81F, 0xF81F, 0xF81F, 0xF81F, 0xF81F, 0xF81F,
    0xF81F, 0xF81F, 0xF81F, 0xF81F, 0xF81F, 0xF81F, 0xF81F, 0xF81F, 0xF81F, 0xF81F, 0xF81F, 0xF81F,
    0xF81F, 0xF81F, 0xF81F, 0xF81F, 0xF81F, 0xF81F, 0xF81F, 0xF81F, 0xF81F, 0xF81F, 0xF81F, 0xF81F,
    0xF81F, 0xF81F, 0xF81F, 0xF81F, 0xF81F, 0xF81F, 0xF81F, 0xF81F, 0xF81F, 0xF81F, 0xF81F, 0xF81F,
    0xF81F, 0xF81F, 0xF81F, 0xF81F, 0xF81F, 0xF81F, 0xF81F, 0xF81F, 0xF81F, 0xF81F, 0xF81F, 0xF81F,
    0xF81F, 0xF81F, 0xF81F, 0xF81F, 0xF81F, 0xF81F, 0xF81F, 0xF81F, 0xF81F, 0xF81F, 0xF81F, 0xF81F,
    0xF81F, 0xF81F, 0xF81F, 0xF81F, 0xF81F, 0xF81F, 0xF81F, 0xF81F, 0xF81F, 0xF81F, 0xF81F, 0xF81F,
    0xF81F, 0xF81F, 0xF81F, 0xF81F, 0xF81F, 0xF81F, 0xF81F, 0xF81F, 0xF81F, 0xF81F, 0xF81F, 0xF81F,
    0xF81F, 0xF81F, 0xF81F, 0xF81F, 0xF81F, 0xF81F, 0xF81F, 0xF81F, 0xF81F, 0xF81F, 0xF81F, 0xF81F,
    0xF81F, 0xF81F, 0xF81F, 0xF81F, 0xF81F, 0xF81F, 0xF81F, 0xF81F, 0xF81F, 0xF81F, 0xF81F, 0xF81F,
    0xF81F, 0xF81F, 0xF81F, 0xF81F, 0xF81F, 0xF81F, 0xF81F, 0xF81F, 0xF81F, 0xF81F, 0xF81F, 0xF81F,
    0xF81F, 0xF81F, 0xF81F, 0xF81F, 0xF81F, 0xF81F, 0xF81F, 0xF81F, 0xF81F, 0xF81F, 0xF81F, 0xF81F,
    0xF81F, 0xF81F, 0xF81F, 0xF81F, 0xF81F, 0xF81F, 0xF81F, 0xF81F, 0xF81F, 0xF81F, 0xF81F, 0xF81F,
    0xF81F, 0xF81F, 0xF81F, 0xF81F, 0xF81F, 0xF81F, 0xF81F, 0xF81F, 0xF81F, 0xF81F, 0xF81F, 0xF81F,
    0xF81F, 0xF81F, 0xF81F, 0xF81F, 0xF81F, 0xF81F, 0xF81F, 0xF81F, 0xF81F, 0xF81F, 0xF81F, 0xF81F,
    0xF81F, 0xF81F, 0xF81F, 0xF81F, 0xF81F, 0xF81F, 0xF81F, 0xF81F, 0xF81F, 0xF81F, 0xF81F, 0xF81F,
    0xF81F, 0xF81F, 0xF81F, 0xF81F, 0xF81F, 0xF81F, 0xF81F, 0xF81F, 0xF81F, 0xF81F, 0xF81F, 0xF81F,
    0xF81F, 0xF81F, 0xF81F, 0xF81F, 0xF81F, 0xF81F, 0xF81F, 0xF81F, 0xF81F, 0xF81F, 0xF81F, 0xF81F,
    0xF81F, 0xF81F, 0xF81F, 0xF81F, 0xF81F, 0xF81F, 0xF81F, 0xF81F, 0xF81F, 0xF81F, 0xF81F, 0xF81F,
    0xF81F, 0xF81F, 0xF81F, 0xF81F, 0xF81F, 0xF81F, 0xF81F, 0xF81F, 0xF81F, 0xF81F, 0xF81F, 0xF81F,
    0xF81F, 0xF81F, 0xF81F, 0xF81F, 0xF81F, 0xF81F, 0xF81F, 0xF81F, 0xF81F, 0xF81F, 0xF81F, 0xF81F,
    0xF81F, 0xF81F, 0xF81F, 0xF81F, 0xF81F, 0xF81F, 0xF81F, 0xF81F, 0xF81F, 0xF81F, 0xF81F, 0xF81F,
    0xF81F, 0xF81F, 0xF81F, 0xF81F, 0xF81F, 0xF81F, 0xF81F, 0xF81F, 0xF81F, 0xF81F, 0xF81F, 0xF81F,
    0xF81F, 0xF81F, 0xF81F, 0xF81F, 0xF81F, 0xF81F, 0xF81F, 0xF81F, 0xF81F, 0xF81F, 0xF81F, 0xF81F,
    0xF81F, 0xF81F, 0xF81F, 0xF81F, 0xF81F, 0xF81F, 0xF81F, 0xF81F, 0xF81F, 0xF81F, 0xF81F, 0xF81F,
    0xF81F, 0xF81F, 0xF81F, 0xF81F, 0xF81F, 0xF81F, 0xF81F, 0xF81F, 0xF81F, 0xF81F, 0xF81F, 0xF81F,
    0xF81F, 0xF81F, 0xF81F, 0xF81F, 0xF81F, 0xF81F, 0xF81F, 0xF81F, 0xF81F, 0xF81F, 0xF81F, 0xF81F,
    0xF81F, 0xF81F, 0xF81F, 0xF81F, 0xF81F, 0xF81F, 0xF81F, 0xF81F, 0xF81F, 0xF81F, 0xF81F, 0xF81F,
    0xF81F, 0xF81F, 0xF81F, 0xF81F, 0xF81F, 0xF81F, 0xF81F, 0xF81F, 0xF81F, 0xF81F, 0xF81F, 0xF81F,
    0xF81F, 0xF81F, 0xF81F, 0xF81F, 0xF81F, 0xF81F, 0xF81F, 0xF81F, 0xF81F, 0xF81F, 0xF81F, 0xF81F,
    0xF81F, 0xF81F, 0xF81F, 0xF81F, 0xF81F, 0xF81F, 0xF81F, 0xF81F, 0xF81F, 0xF81F, 0xF81F, 0xF81F,
    0xF81F, 0xF81F, 0xF81F, 0xF81F, 0xF81F, 0xF81F, 0xF81F, 0xF81F, 0xF81F, 0xF81F, 0xF81F, 0xF81F,
    0xF81F, 0xF81F, 0xF81F, 0xF81F, 0xF81F, 0xF81F, 0xF81F, 0xF81F, 0xF81F, 0xF81F, 0xF81F, 0xF81F,
    0xF81F, 0xF81F, 0xF81F, 0xF81F, 0xF81F, 0xF81F, 0xF81F, 0xF81F, 0xF81F, 0xF81F, 0xF81F, 0xF81F,
    0xF81F, 0xF81F, 0xF81F, 0xF81F, 0xF81F, 0xF81F, 0xF81F, 0xF81F, 0xF81F, 0xF81F, 0xF81F, 0xF81F,
    0xF81F, 0xF81F, 0xF81F, 0xF81F, 0xF81F, 0xF81F, 0xF81F, 0xF81F, 0xF81F, 0xF81F, 0xF81F, 0xF81F,
    0xF81F, 0xF81F, 0xF81F, 0xF81F, 0xF81F, 0xF81F, 0xF81F, 0xF81F, 0xF81F, 0xF81F, 0xF81F, 0xF81F,
    0xF81F, 0xF81F, 0xF81F, 0xF81F, 0xF81F, 0xF81F, 0xF81F, 0xF81F, 0xF81F, 0xF81F, 0xF81F, 0xF81F,
    0xF81F, 0xF81F, 0xF81F, 0xF81F, 0xF81F, 0xF81F, 0xF81F, 0xF81F, 0xF81F, 0xF81F, 0xF81F, 0xF81F,
    0xF81F, 0xF81F, 0xF81F, 0xF81F, 0xF81F, 0xF81F, 0xF81F, 0xF81F, 0xF81F, 0xF81F, 0xF81F, 0xF81F,
    0xF81F, 0xF81F, 0xF81F, 0xF81F, 0xF81F, 0xF81F, 0xF81F, 0xF81F, 0xF81F, 0xF81F, 0xF81F, 0xF81F,
    0xF81F, 0xF81F, 0xF81F, 0xF81F, 0xF81F, 0xF81F, 0xF81F, 0xF81F, 0xF81F, 0xF81F, 0xF81F, 0xF81F,
    0xF81F, 0xF81F, 0xF81F, 0xF81F, 0xF81F, 0xF81F, 0xF81F, 0xF81F, 0xF81F, 0xF81F, 0xF81F, 0xF81F,
    0xF81F, 0xF81F, 0xF81F, 0xF81F, 0xF81F, 0xF81F, 0xF81F, 0xF81F, 0xF81F, 0xF81F, 0xF81F, 0xF81F,
    0xF81F, 0xF81F, 0xF81F, 0xF81F, 0xF81F, 0xF81F, 0xF81F, 0xF81F, 0xF81F, 0xF81F, 0xF81F, 0xF81F,
    0xF81F, 0xF81F, 0xF81F, 0xF81F, 0xF81F, 0xF81F, 0xF81F, 0xF81F, 0xF81F, 0xF81F, 0xF81F, 0xF81F,
    0xF81F, 0xF81F, 0xF81F, 0xF81F, 0xF81F, 0xF81F, 0xF81F, 0xF81F, 0xF81F, 0xF81F, 0xF81F, 0xF81F,
    0xF81F, 0xF81F, 0xF81F, 0xF81F, 0xF81F, 0xF81F, 0xF81F, 0xF81F, 0xF81F, 0xF81F, 0xF81F, 0xF81F,
    0xF81F, 0xF81F, 0xF81F, 0xF81F, 0xF81F, 0xF81F, 0xF81F, 0xF81F, 0xF81F, 0xF81F, 0xF81F, 0xF81F,
    0xF81F, 0xF81F, 0xF81F, 0xF81F, 0xF81F, 0xF81F, 0xF81F, 0xF81F, 0xF81F, 0xF81F, 0xF81F, 0xF81F,
    0xF81F, 0xF81F, 0xF81F, 0xF81F, 0xF81F, 0xF81F, 0xF81F, 0xF81F, 0xF81F, 0xF81F, 0xF81F, 0xF81F,
    0xF81F, 0xF81F, 0xF81F, 0xF81F, 0xF81F, 0xF81F, 0xF81F, 0xF81F, 0xF81F, 0xF81F, 0xF81F, 0xF81F,
    0xF81F, 0xF81F, 0xF81F, 0xF81F, 0xF81F, 0xF81F, 0xF81F, 0xF81F, 0xF81F, 0xF81F, 0xF81F, 0xF81F,
    0xF81F, 0xF81F, 0xF81F, 0xF81F, 0xF81F, 0xF81F, 0xF81F, 0xF81F, 0xF81F, 0xF81F, 0xF81F, 0xF81F,
    0xF81F, 0xF81F, 0xF81F, 0xF81F, 0xF81F, 0xF81F, 0xF81F, 0xF81F, 0xF81F, 0xF81F, 0xF81F, 0xF81F,
    0xF81F, 0xF81F, 0xF81F, 0xF81F, 0xF81F, 0xF81F, 0xF81F, 0xF81F, 0xF81F, 0xF81F, 0xF81F, 0xF81F,
    0xF81F, 0xF81F, 0xF81F, 0xF81F, 0xF81F, 0xF81F, 0xF81F, 0xF81F, 0xF81F, 0xF81F, 0xF81F, 0xF81F,
    0xF81F, 0xF81F, 0xF81F, 0xF81F, 0xF81F, 0xF81F, 0xF81F, 0xF81F, 0xF81F, 0xF81F, 0xF81F, 0xF81F,
    0xF81F, 0xF81F, 0xF81F, 0xF81F, 0xF81F, 0xF81F, 0xF81F, 0xF81F, 0xF81F, 0xF81F, 0xF81F, 0xF81F,
    0xF81F, 0xF81F, 0xF81F, 0xF81F, 0xF81F, 0xF81F, 0xF81F, 0xF81F, 0xF81F, 0xF81F, 0xF81F, 0xF81F,
    0xF81F, 0xF81F, 0xF81F, 0xF81F, 0xF81F, 0xF81F, 0xF81F, 0xF81F, 0xF81F, 0xF81F, 0xF81F, 0xF81F,
    0xF81F, 0xF81F, 0xF81F, 0xF81F, 0xF81F, 0xF81F, 0xF81F, 0xF81F, 0xF81F, 0xF81F, 0xF81F, 0xF81F,
    0xF81F, 0xF81F, 0xF81F, 0xF81F, 0xF81F, 0xF81F, 0xF81F, 0xF81F, 0xF81F, 0xF81F, 0xF81F, 0xF81F,
    0xF81F, 0xF81F, 0xF81F, 0xF81F, 0xF81F, 0xF81F, 0xF81F, 0xF81F, 0xF81F, 0xF81F, 0xF81F, 0xF81F,
    0xF81F, 0xF81F, 0xF81F, 0xF81F, 0xF81F, 0xF81F, 0xF81F, 0xF81F, 0xF81F, 0xF81F, 0xF81F, 0xF81F,
    0xF81F, 0xF81F, 0xF81F, 0xF81F, 0xF81F, 0xF81F, 0xF81F, 0xF81F, 0xF81F, 0xF81F, 0xF81F, 0xF81F,
    0xF81F, 0xF81F, 0xF81F, 0xF81F, 0xF81F, 0xF81F, 0xF81F, 0xF81F, 0xF81F, 0xF81F, 0xF81F, 0xF81F,
    0xF81F, 0xF81F, 0xF81F, 0xF81F, 0xF81F, 0xF81F, 0xF81F, 0xF81F, 0xF81F, 0xF81F, 0xF81F, 0xF81F,
    0xF81F, 0xF81F, 0xF81F, 0xF81F, 0xF81F, 0xF81F, 0xF81F, 0xF81F, 0xF81F, 0xF81F, 0xF81F, 0xF81F,
    0xF81F, 0xF81F, 0xF81F, 0xF81F, 0xF81F, 0xF81F, 0xF81F, 0xF81F, 0xF81F, 0xF81F, 0xF81F, 0xF81F,
    0xF81F, 0xF81F, 0xF81F, 0xF81F, 0xF81F, 0xF81F, 0xF81F, 0xF81F, 0xF81F, 0xF81F, 0xF81F, 0xF81F,
    0xF81F, 0xF81F, 0xF81F, 0xF81F, 0xF81F, 0xF81F, 0xF81F, 0xF81F, 0xF81F, 0xF81F, 0xF81F, 0xF81F,
    0xF81F, 0xF81F, 0xF81F, 0xF81F, 0xF81F, 0xF81F, 0xF81F, 0xF81F, 0xF81F, 0xF81F, 0xF81F, 0xF81F,
    0xF81F, 0xF81F, 0xF81F, 0xF81F, 0xF81F, 0xF81F, 0xF81F, 0xF81F, 0xF81F, 0xF81F, 0xF81F, 0xF81F,
    0xF81F, 0xF81F, 0xF81F, 0xF81F, 0xF81F, 0xF81F, 0xF81F, 0xF81F, 0xF81F, 0xF81F, 0xF81F, 0xF81F,
    0xF81F, 0xF81F, 0xF81F, 0xF81F, 0xF81F, 0xF81F, 0xF81F, 0xF81F, 0xF81F, 0xF81F, 0xF81F, 0xF81F,
    0xF81F, 0xF81F, 0xF81F, 0xF81F, 0xF81F, 0xF81F, 0xF81F, 0xF81F, 0xF81F, 0xF81F, 0xF81F, 0xF81F,
    0xF81F, 0xF81F, 0xF81F, 0xF81F, 0xF81F, 0xF81F, 0xF81F, 0xF81F, 0xF81F, 0xF81F, 0xF81F, 0xF81F,
    0xF81F, 0xF81F, 0xF81F, 0xF81F, 0xF81F, 0xF81F, 0xF81F, 0xF81F, 0xF81F, 0xF81F, 0xF81F, 0xF81F,
    0xF81F, 0xF81F, 0xF81F, 0xF81F, 0xF81F, 0xF81F, 0xF81F, 0xF81F, 0xF81F, 0xF81F, 0xF81F, 0xF81F,
    0xF81F, 0xF81F, 0xF81F, 0xF81F, 0xF81F, 0xF81F, 0xF81F, 0xF81F, 0xF81F, 0xF81F, 0xF81F, 0xF81F,
    0xF81F, 0xF81F, 0xF81F, 0xF81F, 0xF81F, 0xF81F, 0xF81F, 0xF81F, 0xF81F, 0xF81F, 0xF81F, 0xF81F,
    0xF81F, 0xF81F, 0xF81F, 0xF81F, 0xF81F, 0xF81F, 0xF81F, 0xF81F, 0xF81F, 0xF81F, 0xF81F, 0xF81F,
    0xF81F, 0xF81F, 0xF81F, 0xF81F, 0xF81F, 0xF81F, 0xF81F, 0xF81F, 0xF81F, 0xF81F, 0xF81F, 0xF81F,
    0xF81F, 0xF81F, 0xF81F, 0xF81F, 0xF81F, 0xF81F, 0xF81F, 0xF81F, 0xF81F, 0xF81F, 0xF81F, 0xF81F,
    0xF81F, 0xF81F, 0xF81F, 0xF81F, 0xF81F, 0xF81F, 0xF81F, 0xF81F, 0xF81F, 0xF81F, 0xF81F, 0xF81F,
    0xF81F, 0xF81F, 0xF81F, 0xF81F, 0xF81F, 0xF81F, 0xF81F, 0xF81F, 0xF81F, 0xF81F, 0xF81F, 0xF81F,
    0xF81F, 0xF81F, 0xF81F, 0xF81F, 0xF81F, 0xF81F, 0xF81F, 0xF81F, 0xF81F, 0xF81F, 0xF81F, 0xF81F,
    0xF81F, 0xF81F, 0xF81F, 0xF81F, 0xF81F, 0xF81F, 0xF81F, 0xF81F, 0xF81F, 0xF81F, 0xF81F, 0xF81F,
    0xF81F, 0xF81F, 0xF81F, 0xF81F, 0xF81F, 0xF81F, 0xF81F, 0xF81F, 0xF81F, 0xF81F, 0xF81F, 0xF81F,
    0xF81F, 0xF81F, 0xF81F, 0xF81F, 0xF81F, 0xF81F, 0xF81F, 0xF81F, 0xF81F, 0xF81F, 0xF81F, 0xF81F,
    0xF81F, 0xF81F, 0xF81F, 0xF81F, 0xF81F, 0xF81F, 0xF81F, 0xF81F, 0xF81F, 0xF81F, 0xF81F, 0xF81F,
    0xF81F, 0xF81F, 0xF81F, 0xF81F, 0xF81F, 0xF81F, 0xF81F, 0xF81F, 0xF81F, 0xF81F, 0xF81F, 0xF81F,
    0xF81F, 0xF81F, 0xF81F, 0xF81F, 0xF81F, 0xF81F, 0xF81F, 0xF81F, 0xF81F, 0xF81F, 0xF81F, 0xF81F,
    0xF81F, 0xF81F, 0xF81F, 0xF81F, 0xF81F, 0xF81F, 0xF81F, 0xF81F, 0xF81F, 0xF81F, 0xF81F, 0xF81F,
    0xF81F, 0xF81F, 0xF81F, 0xF81F, 0xF81F, 0xF81F, 0xF81F, 0xF81F, 0xF81F, 0xF81F, 0xF81F, 0xF81F,
    0xF81F, 0xF81F, 0xF81F, 0xF81F, 0xF81F, 0xF81F, 0xF81F, 0xF81F, 0xF81F, 0xF81F, 0xF81F, 0xF81F,
    0xF81F, 0xF81F, 0xF81F, 0xF81F, 0xF81F, 0xF81F, 0xF81F, 0xF81F, 0xF81F, 0xF81F, 0xF81F, 0xF81F,
    0xF81F, 0xF81F, 0xF81F, 0xF81F, 0xF81F, 0xF81F, 0xF81F, 0xF81F, 0xF81F, 0xF81F, 0xF81F, 0xF81F,
    0xF81F, 0xF81F, 0xF81F, 0xF81F, 0xF81F, 0xF81F, 0xF81F, 0xF81F, 0xF81F, 0xF81F, 0xF81F, 0xF81F,
    0xF81F, 0xF81F, 0xF81F, 0xF81F, 0xF81F, 0xF81F, 0xF81F, 0xF81F, 0xF81F, 0xF81F, 0xF81F, 0xF81F,
    0xF81F, 0xF81F, 0xF81F, 0xF81F, 0xF81F, 0xF81F, 0xF81F, 0xF81F, 0xF81F, 0xF81F, 0xF81F, 0xF81F,
    0xF81F, 0xF81F, 0xF81F, 0xF81F, 0xF81F, 0xF81F, 0xF81F, 0xF81F, 0xF81F, 0xF81F, 0xF81F, 0xF81F,
    0xF81F, 0xF81F, 0xF81F, 0xF81F, 0xF81F, 0xF81F, 0xF81F, 0xF81F, 0xF81F, 0xF81F, 0xF81F, 0xF81F,
    0xF81F, 0xF81F, 0xF81F, 0xF81F, 0xF81F, 0xF81F, 0xF81F, 0xF81F, 0xF81F, 0xF81F, 0xF81F, 0xF81F,
    0xF81F, 0xF81F, 0xF81F, 0xF81F, 0xF81F, 0xF81F, 0xF81F, 0xF81F, 0xF81F, 0xF81F, 0xF81F, 0xF81F,
    0xF81F, 0xF81F, 0xF81F, 0xF81F, 0xF81F, 0xF81F, 0xF81F, 0xF81F, 0xF81F, 0xF81F, 0xF81F, 0xF81F,
    0xF81F, 0xF81F, 0xF81F, 0xF81F, 0xF81F, 0xF81F, 0xF81F, 0xF81F, 0xF81F, 0xF81F, 0xF81F, 0xF81F,
    0xF81F, 0xF81F, 0xF81F, 0xF81F, 0xF81F, 0xF81F, 0xF81F, 0xF81F, 0xF81F, 0xF81F, 0xF81F, 0xF81F,
    0xF81F, 0xF81F, 0xF81F, 0xF81F, 0xF81F, 0xF81F, 0xF81F, 0xF81F, 0xF81F, 0xF81F, 0xF81F, 0xF81F,
    0xF81F, 0xF81F, 0xF81F, 0xF81F, 0xF81F, 0xF81F, 0xF81F, 0xF81F, 0xF81F, 0xF81F, 0xF81F, 0xF81F,
    0xF81F, 0xF81F, 0xF81F, 0xF81F, 0xF81F, 0xF81F, 0xF81F, 0xF81F, 0xF81F, 0xF81F, 0xF81F, 0xF81F,
    0xF81F, 0xF81F, 0xF81F, 0xF81F, 0xF81F, 0xF81F, 0xF81F, 0xF81F, 0xF81F, 0xF81F, 0xF81F, 0xF81F,
    0xF81F, 0xF81F, 0xF81F, 0xF81F, 0xF81F, 0xF81F, 0xF81F, 0xF81F, 0xF81F, 0xF81F, 0xF81F, 0xF81F,
    0xF81F, 0xF81F, 0xF81F, 0xF81F, 0xF81F, 0xF81F, 0xF81F, 0xF81F, 0xF81F, 0xF81F, 0xF81F, 0xF81F,
    0xF81F, 0xF81F, 0xF81F, 0xF81F, 0xF81F, 0xF81F, 0xF81F, 0xF81F, 0xF81F, 0xF81F, 0xF81F, 0xF81F,
    0xF81F, 0xF81F, 0xF81F, 0xF81F, 0xF81F, 0xF81F, 0xF81F, 0xF81F, 0xF81F, 0xF81F, 0xF81F, 0xF81F,
    0xF81F, 0xF81F, 0xF81F, 0xF81F, 0xF81F, 0xF81F, 0xF81F, 0xF81F, 0xF81F, 0xF81F, 0xF81F, 0xF81F,
    0xF81F, 0xF81F, 0xF81F, 0xF81F, 0xF81F, 0xF81F, 0xF81F, 0xF81F, 0xF81F, 0xF81F, 0xF81F, 0xF81F,
    0xF81F, 0xF81F, 0xF81F, 0xF81F, 0xF81F, 0xF81F, 0xF81F, 0xF81F, 0xF81F, 0xF81F, 0xF81F, 0xF81F,
    0xF81F, 0xF81F, 0xF81F, 0xF81F, 0xF81F, 0xF81F, 0xF81F, 0xF81F, 0xF81F, 0xF81F, 0xF81F, 0xF81F,
    0xF81F, 0xF81F, 0xF81F, 0xF81F, 0xF81F, 0xF81F, 0xF81F, 0xF81F, 0xF81F, 0xF81F, 0xF81F, 0xF81F,
    0xF81F, 0xF81F, 0xF81F, 0xF81F, 0xF81F, 0xF81F, 0xF81F, 0xF81F, 0xF81F, 0xF81F, 0xF81F, 0xF81F,
    0xF81F, 0xF81F, 0xF81F, 0xF81F, 0xF81F, 0xF81F, 0xF81F, 0xF81F, 0xF81F, 0xF81F, 0xF81F, 0xF81F,
    0xF81F, 0xF81F, 0xF81F, 0xF81F, 0xF81F, 0xF81F, 0xF81F, 0xF81F, 0xF81F, 0xF81F, 0xF81F, 0xF81F,
};

const uint16_t fish_6[9216] PROGMEM = {
    0xF81F, 0xF81F, 0xF81F, 0xF81F, 0xF81F, 0xF81F, 0xF81F, 0xF81F, 0xF81F, 0xF81F, 0xF81F, 0xF81F,
    0xF81F, 0xF81F, 0xF81F, 0xF81F, 0xF81F, 0xF81F, 0xF81F, 0xF81F, 0xF81F, 0xF81F, 0xF81F, 0xF81F,
    0xF81F, 0xF81F, 0xF81F, 0xF81F, 0xF81F, 0xF81F, 0xF81F, 0xF81F, 0xF81F, 0xF81F, 0xF81F, 0xF81F,
    0xF81F, 0xF81F, 0xF81F, 0xF81F, 0xF81F, 0xF81F, 0xF81F, 0xF81F, 0xF81F, 0xF81F, 0xF81F, 0xF81F,
    0xF81F, 0xF81F, 0xF81F, 0xF81F, 0xF81F, 0xF81F, 0xF81F, 0xF81F, 0xF81F, 0xF81F, 0xF81F, 0xF81F,
    0xF81F, 0xF81F, 0xF81F, 0xF81F, 0xF81F, 0xF81F, 0xF81F, 0xF81F, 0xF81F, 0xF81F, 0xF81F, 0xF81F,
    0xF81F, 0xF81F, 0xF81F, 0xF81F, 0xF81F, 0xF81F, 0xF81F, 0xF81F, 0xF81F, 0xF81F, 0xF81F, 0xF81F,
    0xF81F, 0xF81F, 0xF81F, 0xF81F, 0xF81F, 0xF81F, 0xF81F, 0xF81F, 0xF81F, 0xF81F, 0xF81F, 0xF81F,
    0xF81F, 0xF81F, 0xF81F, 0xF81F, 0xF81F, 0xF81F, 0xF81F, 0xF81F, 0xF81F, 0xF81F, 0xF81F, 0xF81F,
    0xF81F, 0xF81F, 0xF81F, 0xF81F, 0xF81F, 0xF81F, 0xF81F, 0xF81F, 0xF81F, 0xF81F, 0xF81F, 0xF81F,
    0xF81F, 0xF81F, 0xF81F, 0xF81F, 0xF81F, 0xF81F, 0xF81F, 0xF81F, 0xF81F, 0xF81F, 0xF81F, 0xF81F,
    0xF81F, 0xF81F, 0xF81F, 0xF81F, 0xF81F, 0xF81F, 0xF81F, 0xF81F, 0xF81F, 0xF81F, 0xF81F, 0xF81F,
    0xF81F, 0xF81F, 0xF81F, 0xF81F, 0xF81F, 0xF81F, 0xF81F, 0xF81F, 0xF81F, 0xF81F, 0xF81F, 0xF81F,
    0xF81F, 0xF81F, 0xF81F, 0xF81F, 0xF81F, 0xF81F, 0xF81F, 0xF81F, 0xF81F, 0xF81F, 0xF81F, 0xF81F,
    0xF81F, 0xF81F, 0xF81F, 0xF81F, 0xF81F, 0xF81F, 0xF81F, 0xF81F, 0xF81F, 0xF81F, 0xF81F, 0xF81F,
    0xF81F, 0xF81F, 0xF81F, 0xF81F, 0xF81F, 0xF81F, 0xF81F, 0xF81F, 0xF81F, 0xF81F, 0xF81F, 0xF81F,
    0xF81F, 0xF81F, 0xF81F, 0xF81F, 0xF81F, 0xF81F, 0xF81F, 0xF81F, 0xF81F, 0xF81F, 0xF81F, 0xF81F,
    0xF81F, 0xF81F, 0xF81F, 0xF81F, 0xF81F, 0xF81F, 0xF81F, 0xF81F, 0xF81F, 0xF81F, 0xF81F, 0xF81F,
    0xF81F, 0xF81F, 0xF81F, 0xF81F, 0xF81F, 0xF81F, 0xF81F, 0xF81F, 0xF81F, 0xF81F, 0xF81F, 0xF81F,
    0xF81F, 0xF81F, 0xF81F, 0xF81F, 0xF81F, 0xF81F, 0xF81F, 0xF81F, 0xF81F, 0xF81F, 0xF81F, 0xF81F,
    0xF81F, 0xF81F, 0xF81F, 0xF81F, 0xF81F, 0xF81F, 0xF81F, 0xF81F, 0xF81F, 0xF81F, 0xF81F, 0xF81F,
    0xF81F, 0xF81F, 0xF81F, 0xF81F, 0xF81F, 0xF81F, 0xF81F, 0xF81F, 0xF81F, 0xF81F, 0xF81F, 0xF81F,
    0xF81F, 0xF81F, 0xF81F, 0xF81F, 0xF81F, 0xF81F, 0xF81F, 0xF81F, 0xF81F, 0xF81F, 0xF81F, 0xF81F,
    0xF81F, 0xF81F, 0xF81F, 0xF81F, 0xF81F, 0xF81F, 0xF81F, 0xF81F, 0xF81F, 0xF81F, 0xF81F, 0xF81F,
    0xF81F, 0xF81F, 0xF81F, 0xF81F, 0xF81F, 0xF81F, 0xF81F, 0xF81F, 0xF81F, 0xF81F, 0xF81F, 0xF81F,
    0xF81F, 0xF81F, 0xF81F, 0xF81F, 0xF81F, 0xF81F, 0xF81F, 0xF81F, 0xF81F, 0xF81F, 0xF81F, 0xF81F,
    0xF81F, 0xF81F, 0xF81F, 0xF81F, 0xF81F, 0xF81F, 0xF81F, 0xF81F, 0xF81F, 0xF81F, 0xF81F, 0xF81F,
    0xF81F, 0xF81F, 0xF81F, 0xF81F, 0xF81F, 0xF81F, 0xF81F, 0xF81F, 0xF81F, 0xF81F, 0xF81F, 0xF81F,
    0xF81F, 0xF81F, 0xF81F, 0xF81F, 0xF81F, 0xF81F, 0xF81F, 0xF81F, 0xF81F, 0xF81F, 0xF81F, 0xF81F,
    0xF81F, 0xF81F, 0xF81F, 0xF81F, 0xF81F, 0xF81F, 0xF81F, 0xF81F, 0xF81F, 0xF81F, 0xF81F, 0xF81F,
    0xF81F, 0xF81F, 0xF81F, 0xF81F, 0xF81F, 0xF81F, 0xF81F, 0xF81F, 0xF81F, 0xF81F, 0xF81F, 0xF81F,
    0xF81F, 0xF81F, 0xF81F, 0xF81F, 0xF81F, 0xF81F, 0xF81F, 0xF81F, 0xF81F, 0xF81F, 0xF81F, 0xF81F,
    0xF81F, 0xF81F, 0xF81F, 0xF81F, 0xF81F, 0xF81F, 0xF81F, 0xF81F, 0xF81F, 0xF81F, 0xF81F, 0xF81F,
    0xF81F, 0xF81F, 0xF81F, 0xF81F, 0xF81F, 0xF81F, 0xF81F, 0xF81F, 0xF81F, 0xF81F, 0xF81F, 0xF81F,
    0xF81F, 0xF81F, 0xF81F, 0xF81F, 0xF81F, 0xF81F, 0xF81F, 0xF81F, 0xF81F, 0xF81F, 0xF81F, 0xF81F,
    0xF81F, 0xF81F, 0xF81F, 0xF81F, 0xF81F, 0xF81F, 0xF81F, 0xF81F, 0xF81F, 0xF81F, 0xF81F, 0xF81F,
    0xF81F, 0xF81F, 0xF81F, 0xF81F, 0xF81F, 0xF81F, 0xF81F, 0xF81F, 0xF81F, 0xF81F, 0xF81F, 0xF81F,
    0xF81F, 0xF81F, 0xF81F, 0xF81F, 0xF81F, 0xF81F, 0xF81F, 0xF81F, 0xF81F, 0xF81F, 0xF81F, 0xF81F,
    0xF81F, 0xF81F, 0xF81F, 0xF81F, 0xF81F, 0xF81F, 0xF81F, 0xF81F, 0xF81F, 0xF81F, 0xF81F, 0xF81F,
    0xF81F, 0xF81F, 0xF81F, 0xF81F, 0xF81F, 0xF81F, 0xF81F, 0xF81F, 0xF81F, 0xF81F, 0xF81F, 0xF81F,
    0xF81F, 0xF81F, 0xF81F, 0xF81F, 0xF81F, 0xF81F, 0xF81F, 0xF81F, 0xF81F, 0xF81F, 0xF81F, 0xF81F,
    0xF81F, 0xF81F, 0xF81F, 0xF81F, 0xF81F, 0xF81F, 0xF81F, 0xF81F, 0xF81F, 0xF81F, 0xF81F, 0xF81F,
    0xF81F, 0xF81F, 0xF81F, 0xF81F, 0xF81F, 0xF81F, 0xF81F, 0xF81F, 0xF81F, 0xF81F, 0xF81F, 0xF81F,
    0xF81F, 0xF81F, 0xF81F, 0xF81F, 0xF81F, 0xF81F, 0xF81F, 0xF81F, 0xF81F, 0xF81F, 0xF81F, 0xF81F,
    0xF81F, 0xF81F, 0xF81F, 0xF81F, 0xF81F, 0xF81F, 0xF81F, 0xF81F, 0xF81F, 0xF81F, 0xF81F, 0xF81F,
    0xF81F, 0xF81F, 0xF81F, 0xF81F, 0xF81F, 0xF81F, 0xF81F, 0xF81F, 0xF81F, 0xF81F, 0xF81F, 0xF81F,
    0xF81F, 0xF81F, 0xF81F, 0xF81F, 0xF81F, 0xF81F, 0xF81F, 0xF81F, 0xF81F, 0xF81F, 0xF81F, 0xF81F,
    0xF81F, 0xF81F, 0xF81F, 0xF81F, 0xF81F, 0xF81F, 0xF81F, 0xF81F, 0xF81F, 0xF81F, 0xF81F, 0xF81F,
    0xF81F, 0xF81F, 0xF81F, 0xF81F, 0xF81F, 0xF81F, 0xF81F, 0xF81F, 0xF81F, 0xF81F, 0xF81F, 0xF81F,
    0xF81F, 0xF81F, 0xF81F, 0xF81F, 0xF81F, 0xF81F, 0xF81F, 0xF81F, 0xF81F, 0xF81F, 0xF81F, 0xF81F,
    0xF81F, 0xF81F, 0xF81F, 0xF81F, 0xF81F, 0xF81F, 0xF81F, 0xF81F, 0xF81F, 0xF81F, 0xF81F, 0xF81F,
    0xF81F, 0xF81F, 0xF81F, 0xF81F, 0xF81F, 0xF81F, 0xF81F, 0xF81F, 0xF81F, 0xF81F, 0xF81F, 0xF81F,
    0xF81F, 0xF81F, 0xF81F, 0xF81F, 0xF81F, 0xF81F, 0xF81F, 0xF81F, 0xF81F, 0xF81F, 0xF81F, 0xF81F,
    0xF81F, 0xF81F, 0xF81F, 0xF81F, 0xF81F, 0xF81F, 0xF81F, 0xF81F, 0xF81F, 0xF81F, 0xF81F, 0xF81F,
    0xF81F, 0xF81F, 0xF81F, 0xF81F, 0xF81F, 0xF81F, 0xF81F, 0xF81F, 0xF81F, 0xF81F, 0xF81F, 0xF81F,
    0xF81F, 0xF81F, 0xF81F, 0xF81F, 0xF81F, 0xF81F, 0xF81F, 0xF81F, 0xF81F, 0xF81F, 0xF81F, 0xF81F,
    0xF81F, 0xF81F, 0xF81F, 0xF81F, 0xF81F, 0xF81F, 0xF81F, 0xF81F, 0xF81F, 0xF81F, 0xF81F, 0xF81F,
    0xF81F, 0xF81F, 0xF81F, 0xF81F, 0xF81F, 0xF81F, 0xF81F, 0xF81F, 0xF81F, 0xF81F, 0xF81F, 0xF81F,
    0xF81F, 0xF81F, 0xF81F, 0xF81F, 0xF81F, 0xF81F, 0xF81F, 0xF81F, 0xF81F, 0xF81F, 0xF81F, 0xF81F,
    0xF81F, 0xF81F, 0xF81F, 0xF81F, 0xF81F, 0xF81F, 0xF81F, 0xF81F, 0xF81F, 0xF81F, 0xF81F, 0xF81F,
    0xF81F, 0xF81F, 0xF81F, 0xF81F, 0xF81F, 0xF81F, 0xF81F, 0xF81F, 0xF81F, 0xF81F, 0xF81F, 0xF81F,
    0xF81F, 0xF81F, 0xF81F, 0xF81F, 0xF81F, 0xF81F, 0xF81F, 0xF81F, 0xF81F, 0xF81F, 0xF81F, 0xF81F,
    0xF81F, 0xF81F, 0xF81F, 0xF81F, 0xF81F, 0xF81F, 0xF81F, 0xF81F, 0xF81F, 0xF81F, 0xF81F, 0xF81F,
    0xF81F, 0xF81F, 0xF81F, 0xF81F, 0xF81F, 0xF81F, 0xF81F, 0xF81F, 0xF81F, 0xF81F, 0xF81F, 0xF81F,
    0xF81F, 0xF81F, 0xF81F, 0xF81F, 0xF81F, 0xF81F, 0xF81F, 0xF81F, 0xF81F, 0xF81F, 0xF81F, 0xF81F,
    0xF81F, 0xF81F, 0xF81F, 0xF81F, 0xF81F, 0xF81F, 0xF81F, 0xF81F, 0xF81F, 0xF81F, 0xF81F, 0xF81F,
    0xF81F, 0xF81F, 0xF81F, 0xF81F, 0xF81F, 0xF81F, 0xF81F, 0xF81F, 0xF81F, 0xF81F, 0xF81F, 0xF81F,
    0xF81F, 0xF81F, 0xF81F, 0xF81F, 0xF81F, 0xF81F, 0xF81F, 0xF81F, 0xF81F, 0xF81F, 0xF81F, 0xF81F,
    0xF81F, 0xF81F, 0xF81F, 0xF81F, 0xF81F, 0xF81F, 0xF81F, 0xF81F, 0xF81F, 0xF81F, 0xF81F, 0xF81F,
    0xF81F, 0xF81F, 0xF81F, 0xF81F, 0xF81F, 0xF81F, 0xF81F, 0xF81F, 0xF81F, 0xF81F, 0xF81F, 0xF81F,
    0xF81F, 0xF81F, 0xF81F, 0xF81F, 0xF81F, 0xF81F, 0xF81F, 0xF81F, 0xF81F, 0xF81F, 0xF81F, 0xF81F,
    0xF81F, 0xF81F, 0xF81F, 0xF81F, 0xF81F, 0xF81F, 0xF81F, 0xF81F, 0xF81F, 0xF81F, 0xF81F, 0xF81F,
    0xF81F, 0xF81F, 0xF81F, 0xF81F, 0xF81F, 0xF81F, 0xF81F, 0xF81F, 0xF81F, 0xF81F, 0xF81F, 0xF81F,
    0xF81F, 0xF81F, 0xF81F, 0xF81F, 0xF81F, 0xF81F, 0xF81F, 0xF81F, 0xF81F, 0xF81F, 0xF81F, 0xF81F,
    0xF81F, 0xF81F, 0xF81F, 0xF81F, 0xF81F, 0xF81F, 0xF81F, 0xF81F, 0xF81F, 0xF81F, 0xF81F, 0xF81F,
    0xF81F, 0xF81F, 0xF81F, 0xF81F, 0xF81F, 0xF81F, 0xF81F, 0xF81F, 0xF81F, 0xF81F, 0xF81F, 0xF81F,
    0xF81F, 0xF81F, 0xF81F, 0xF81F, 0xF81F, 0xF81F, 0xF81F, 0xF81F, 0xF81F, 0xF81F, 0xF81F, 0xF81F,
    0xF81F, 0xF81F, 0xF81F, 0xF81F, 0xF81F, 0xF81F, 0xF81F, 0xF81F, 0xF81F, 0xF81F, 0xF81F, 0xF81F,
    0xF81F, 0xF81F, 0xF81F, 0xF81F, 0xF81F, 0xF81F, 0xF81F, 0xF81F, 0xF81F, 0xF81F, 0xF81F, 0xF81F,
    0xF81F, 0xF81F, 0xF81F, 0xF81F, 0xF81F, 0xF81F, 0xF81F, 0xF81F, 0xF81F, 0xF81F, 0xF81F, 0xF81F,
    0xF81F, 0xF81F, 0xF81F, 0xF81F, 0xF81F, 0xF81F, 0xF81F, 0xF81F, 0xF81F, 0xF81F, 0xF81F, 0xF81F,
    0xF81F, 0xF81F, 0xF81F, 0xF81F, 0xF81F, 0xF81F, 0xF81F, 0xF81F, 0xF81F, 0xF81F, 0xF81F, 0xF81F,
    0xF81F, 0xF81F, 0xF81F, 0xF81F, 0xF81F, 0xF81F, 0xF81F, 0xF81F, 0xF81F, 0xF81F, 0xF81F, 0xF81F,
    0xF81F, 0xF81F, 0xF81F, 0xF81F, 0xF81F, 0xF81F, 0xF81F, 0xF81F, 0xF81F, 0xF81F, 0xF81F, 0xF81F,
    0xF81F, 0xF81F, 0xF81F, 0xF81F, 0xF81F, 0xF81F, 0xF81F, 0xF81F, 0xF81F, 0xF81F, 0xF81F, 0xF81F,
    0xF81F, 0xF81F, 0xF81F, 0xF81F, 0xF81F, 0xF81F, 0xF81F, 0xF81F, 0xF81F, 0xF81F, 0xF81F, 0xF81F,
    0xF81F, 0xF81F, 0xF81F, 0xF81F, 0xF81F, 0xF81F, 0xF81F, 0xF81F, 0xF81F, 0xF81F, 0xF81F, 0xF81F,
    0xF81F, 0xF81F, 0xF81F, 0xF81F, 0xF81F, 0xF81F, 0xF81F, 0xF81F, 0xF81F, 0xF81F, 0xF81F, 0xF81F,
    0xF81F, 0xF81F, 0xF81F, 0xF81F, 0xF81F, 0xF81F, 0xF81F, 0xF81F, 0xF81F, 0xF81F, 0xF81F, 0xF81F,
    0xF81F, 0xF81F, 0xF81F, 0xF81F, 0xF81F, 0xF81F, 0xF81F, 0xF81F, 0xF81F, 0xF81F, 0xF81F, 0xF81F,
    0xF81F, 0xF81F, 0xF81F, 0xF81F, 0xF81F, 0xF81F, 0xF81F, 0xF81F, 0xF81F, 0xF81F, 0xF81F, 0xF81F,
    0xF81F, 0xF81F, 0xF81F, 0xF81F, 0xF81F, 0xF81F, 0xF81F, 0xF81F, 0xF81F, 0xF81F, 0xF81F, 0xF81F,
    0xF81F, 0xF81F, 0xF81F, 0xF81F, 0xF81F, 0xF81F, 0xF81F, 0xF81F, 0xF81F, 0xF81F, 0xF81F, 0xF81F,
    0xF81F, 0xF81F, 0xF81F, 0xF81F, 0xF81F, 0xF81F, 0xF81F, 0xF81F, 0xF81F, 0xF81F, 0xF81F, 0xF81F,
    0xF81F, 0xF81F, 0xF81F, 0xF81F, 0xF81F, 0xF81F, 0xF81F, 0xF81F, 0xF81F, 0xF81F, 0xF81F, 0xF81F,
    0xF81F, 0xF81F, 0xF81F, 0xF81F, 0xF81F, 0xF81F, 0xF81F, 0xF81F, 0xF81F, 0xF81F, 0xF81F, 0xF81F,
    0xF81F, 0xF81F, 0xF81F, 0xF81F, 0xF81F, 0xF81F, 0xF81F, 0xF81F, 0xF81F, 0xF81F, 0xF81F, 0xF81F,
    0xF81F, 0xF81F, 0xF81F, 0xF81F, 0xF81F, 0xF81F, 0xF81F, 0xF81F, 0xF81F, 0xF81F, 0xF81F, 0xF81F,
    0xF81F, 0xF81F, 0xF81F, 0xF81F, 0xF81F, 0xF81F, 0xF81F, 0xF81F, 0xF81F, 0xF81F, 0xF81F, 0xF81F,
    0xF81F, 0xF81F, 0xF81F, 0xF81F, 0xF81F, 0xF81F, 0xF81F, 0xF81F, 0xF81F, 0xF81F, 0xF81F, 0xF81F,
    0xF81F, 0xF81F, 0xF81F, 0xF81F, 0xF81F, 0xF81F, 0xF81F, 0xF81F, 0xF81F, 0xF81F, 0xF81F, 0xF81F,
    0xF81F, 0xF81F, 0xF81F, 0xF81F, 0xF81F, 0xF81F, 0xF81F, 0xF81F, 0xF81F, 0xF81F, 0xF81F, 0xF81F,
    0xF81F, 0xF81F, 0xF81F, 0xF81F, 0xF81F, 0xF81F, 0xF81F, 0xF81F, 0xF81F, 0xF81F, 0xF81F, 0xF81F,
    0xF81F, 0xF81F, 0xF81F, 0xF81F, 0xF81F, 0xF81F, 0xF81F, 0xF81F, 0xF81F, 0xF81F, 0xF81F, 0xF81F,
    0xF81F, 0xF81F, 0xF81F, 0xF81F, 0xF81F, 0xF81F, 0xF81F, 0xF81F, 0xF81F, 0xF81F, 0xF81F, 0xF81F,
    0xF81F, 0xF81F, 0xF81F, 0xF81F, 0xF81F, 0xF81F, 0xF81F, 0xF81F, 0xF81F, 0xF81F, 0xF81F, 0xF81F,
    0xF81F, 0xF81F, 0xF81F, 0xF81F, 0xF81F, 0xF81F, 0xF81F, 0xF81F, 0xF81F, 0xF81F, 0xF81F, 0xF81F,
    0xF81F, 0xF81F, 0xF81F, 0xF81F, 0xF81F, 0xF81F, 0xF81F, 0xF81F, 0xF81F, 0xF81F, 0xF81F, 0xF81F,
    0xF81F, 0xF81F, 0xF81F, 0xF81F, 0xF81F, 0xF81F, 0xF81F, 0xF81F, 0xF81F, 0xF81F, 0xF81F, 0xF81F,
    0xF81F, 0xF81F, 0xF81F, 0xF81F, 0xF81F, 0xF81F, 0xF81F, 0xF81F, 0xF81F, 0xF81F, 0xF81F, 0xF81F,
    0xF81F, 0xF81F, 0xF81F, 0xF81F, 0xF81F, 0xF81F, 0xF81F, 0xF81F, 0xF81F, 0xF81F, 0xF81F, 0xF81F,
    0xF81F, 0xF81F, 0xF81F, 0xF81F, 0xF81F, 0xF81F, 0xF81F, 0xF81F, 0xF81F, 0xF81F, 0xF81F, 0xF81F,
    0xF81F, 0xF81F, 0xF81F, 0xF81F, 0xF81F, 0xF81F, 0xF81F, 0xF81F, 0xF81F, 0xF81F, 0xF81F, 0xF81F,
    0xF81F, 0xF81F, 0xF81F, 0xF81F, 0xF81F, 0xF81F, 0xF81F, 0xF81F, 0xF81F, 0xF81F, 0xF81F, 0xF81F,
    0xF81F, 0xF81F, 0xF81F, 0xF81F, 0xF81F, 0xF81F, 0xF81F, 0xF81F, 0xF81F, 0xF81F, 0xF81F, 0xF81F,
    0xF81F, 0xF81F, 0xF81F, 0xF81F, 0xF81F, 0xF81F, 0xF81F, 0xF81F, 0xF81F, 0xF81F, 0xF81F, 0xF81F,
    0xF81F, 0xF81F, 0xF81F, 0xF81F, 0xF81F, 0xF81F, 0xF81F, 0xF81F, 0xF81F, 0xF81F, 0xF81F, 0xF81F,
    0xF81F, 0xF81F, 0xF81F, 0xF81F, 0xF81F, 0xF81F, 0xF81F, 0xF81F, 0xF81F, 0xF81F, 0xF81F, 0xF81F,
    0xF81F, 0xF81F, 0xF81F, 0xF81F, 0xF81F, 0xF81F, 0xF81F, 0xF81F, 0xF81F, 0xF81F, 0xF81F, 0xF81F,
    0xF81F, 0xF81F, 0xF81F, 0xF81F, 0xF81F, 0xF81F, 0xF81F, 0xF81F, 0xF81F, 0xF81F, 0xF81F, 0xF81F,
    0xF81F, 0xF81F, 0xF81F, 0xF81F, 0xF81F, 0xF81F, 0xF81F, 0xF81F, 0xF81F, 0xF81F, 0xF81F, 0xF81F,
    0xF81F, 0xF81F, 0xF81F, 0xF81F, 0xF81F, 0xF81F, 0xF81F, 0xF81F, 0xF81F, 0xF81F, 0xF81F, 0xF81F,
    0xF81F, 0xF81F, 0xF81F, 0xF81F, 0xF81F, 0xF81F, 0xF81F, 0xF81F, 0xF81F, 0xF81F, 0xF81F, 0xF81F,
    0xF81F, 0xF81F, 0xF81F, 0xF81F, 0xF81F, 0xF81F, 0xF81F, 0xF81F, 0xF81F, 0xF81F, 0xF81F, 0xF81F,
    0xF81F, 0xF81F, 0xF81F, 0xF81F, 0xF81F, 0xF81F, 0xF81F, 0xF81F, 0xF81F, 0xF81F, 0xF81F, 0xF81F,
    0xF81F, 0xF81F, 0xF81F, 0xF81F, 0xF81F, 0xF81F, 0xF81F, 0xF81F, 0xF81F, 0xF81F, 0xF81F, 0xF81F,
    0xF81F, 0xF81F, 0xF81F, 0xF81F, 0xF81F, 0xF81F, 0xF81F, 0xF81F, 0xF81F, 0xF81F, 0xF81F, 0xF81F,
    0xF81F, 0xF81F, 0xF81F, 0xF81F, 0xF81F, 0xF81F, 0xF81F, 0xF81F, 0xF81F, 0xF81F, 0xF81F, 0xF81F,
    0xF81F, 0xF81F, 0xF81F, 0xF81F, 0xF81F, 0xF81F, 0xF81F, 0xF81F, 0xF81F, 0xF81F, 0xF81F, 0xF81F,
    0xF81F, 0xF81F, 0xF81F, 0xF81F, 0xF81F, 0xF81F, 0xF81F, 0xF81F, 0xF81F, 0xF81F, 0xF81F, 0xF81F,
    0xF81F, 0xF81F, 0xF81F, 0xF81F, 0xF81F, 0xF81F, 0xF81F, 0xF81F, 0xF81F, 0xF81F, 0xF81F, 0xF81F,
    0xF81F, 0xF81F, 0xF81F, 0xF81F, 0xF81F, 0xF81F, 0xF81F, 0xF81F, 0xF81F, 0xF81F, 0xF81F, 0xF81F,
    0xF81F, 0xF81F, 0xF81F, 0xF81F, 0xF81F, 0xF81F, 0xF81F, 0xF81F, 0xF81F, 0xF81F, 0xF81F, 0xF81F,
    0xF81F, 0xF81F, 0xF81F, 0xF81F, 0xF81F, 0xF81F, 0xF81F, 0xF81F, 0xF81F, 0xF81F, 0xF81F, 0xF81F,
    0xF81F, 0xF81F, 0xF81F, 0xF81F, 0xF81F, 0xF81F, 0xF81F, 0xF81F, 0xF81F, 0xF81F, 0xF81F, 0xF81F,
    0xF81F, 0xF81F, 0xF81F, 0xF81F, 0xF81F, 0xF81F, 0xF81F, 0xF81F, 0xF81F, 0xF81F, 0xF81F, 0xF81F,
    0xF81F, 0xF81F, 0xF81F, 0xF81F, 0xF81F, 0xF81F, 0xF81F, 0xF81F, 0xF81F, 0xF81F, 0xF81F, 0xF81F,
    0xF81F, 0xF81F, 0xF81F, 0xF81F, 0xF81F, 0xF81F, 0xF81F, 0xF81F, 0xF81F, 0xF81F, 0xF81F, 0xF81F,
    0xF81F, 0xF81F, 0xF81F, 0xF81F, 0xF81F, 0xF81F, 0xF81F, 0xF81F, 0xF81F, 0xF81F, 0xF81F, 0xF81F,
    0xF81F, 0xF81F, 0xF81F, 0xF81F, 0xF81F, 0xF81F, 0xF81F, 0xF81F, 0xF81F, 0xF81F, 0xF81F, 0xF81F,
    0xF81F, 0xF81F, 0xF81F, 0xF81F, 0xF81F, 0xF81F, 0xF81F, 0xF81F, 0xF81F, 0xF81F, 0xF81F, 0xF81F,
    0xF81F, 0xF81F, 0xF81F, 0xF81F, 0xF81F, 0xF81F, 0xF81F, 0xF81F, 0xF81F, 0xF81F, 0xF81F, 0xF81F,
    0xF81F, 0xF81F, 0xF81F, 0xF81F, 0xF81F, 0xF81F, 0xF81F, 0xF81F, 0xF81F, 0xF81F, 0xF81F, 0xF81F,
    0xF81F, 0xF81F, 0xF81F, 0xF81F, 0xF81F, 0xF81F, 0xF81F, 0xF81F, 0xF81F, 0xF81F, 0xF81F, 0xF81F,
    0xF81F, 0xF81F, 0xF81F, 0xF81F, 0xF81F, 0xF81F, 0xF81F, 0xF81F, 0xF81F, 0xF81F, 0xF81F, 0xF81F,
    0xF81F, 0xF81F, 0xF81F, 0xF81F, 0xF81F, 0xF81F, 0xF81F, 0xF81F, 0xF81F, 0xF81F, 0xF81F, 0xF81F,
    0xF81F, 0xF81F, 0xF81F, 0xF81F, 0xF81F, 0xF81F, 0xF81F, 0xF81F, 0xF81F, 0xF81F, 0xF81F, 0xF81F,
    0xF81F, 0xF81F, 0xF81F, 0xF81F, 0xF81F, 0xF81F, 0xF81F, 0xF81F, 0xF81F, 0xF81F, 0xF81F, 0xF81F,
    0xF81F, 0xF81F, 0xF81F, 0xF81F, 0xF81F, 0xF81F, 0xF81F, 0xF81F, 0xF81F, 0xF81F, 0xF81F, 0xF81F,
    0xF81F, 0xF81F, 0xF81F, 0xF81F, 0xF81F, 0xF81F, 0xF81F, 0xF81F, 0xF81F, 0xF81F, 0xF81F, 0xF81F,
    0xF81F, 0xF81F, 0xF81F, 0xF81F, 0xF81F, 0xF81F, 0xF81F, 0xF81F, 0xF81F, 0xF81F, 0xF81F, 0xF81F,
    0xF81F, 0xF81F, 0xF81F, 0xF81F, 0xF81F, 0xF81F, 0xF81F, 0xF81F, 0xF81F, 0xF81F, 0xF81F, 0xF81F,
    0xF81F, 0xF81F, 0xF81F, 0xF81F, 0xF81F, 0xF81F, 0xF81F, 0xF81F, 0xF81F, 0xF81F, 0xF81F, 0xF81F,
    0xF81F, 0xF81F, 0xF81F, 0xF81F, 0xF81F, 0xF81F, 0xF81F, 0xF81F, 0xF81F, 0xF81F, 0xF81F, 0xF81F,
    0xF81F, 0xF81F, 0xF81F, 0xF81F, 0xF81F, 0xF81F, 0xF81F, 0xF81F, 0xF81F, 0xF81F, 0xF81F, 0xF81F,
    0xF81F, 0xF81F, 0xF81F, 0xF81F, 0xF81F, 0xF81F, 0xF81F, 0xF81F, 0xF81F, 0xF81F, 0xF81F, 0xF81F,
    0xF81F, 0xF81F, 0xF81F, 0xF81F, 0xF81F, 0xF81F, 0xF81F, 0xF81F, 0xF81F, 0xF81F, 0xF81F, 0xF81F,
    0xF81F, 0xF81F, 0xF81F, 0xF81F, 0xF81F, 0xF81F, 0xF81F, 0xF81F, 0xF81F, 0xF81F, 0xF81F, 0xF81F,
    0xF81F, 0xF81F, 0xF81F, 0xF81F, 0xF81F, 0xF81F, 0xF81F, 0xF81F, 0xF81F, 0xF81F, 0xF81F, 0xF81F,
    0xF81F, 0xF81F, 0xF81F, 0xF81F, 0xF81F, 0xF81F, 0xF81F, 0xF81F, 0xF81F, 0xF81F, 0xF81F, 0xF81F,
    0xF81F, 0xF81F, 0xF81F, 0xF81F, 0xF81F, 0xF81F, 0xF81F, 0xF81F, 0xF81F, 0xF81F, 0xF81F, 0xF81F,
    0xF81F, 0xF81F, 0xF81F, 0xF81F, 0xF81F, 0xF81F, 0xF81F, 0xF81F, 0xF81F, 0xF81F, 0xF81F, 0xF81F,
    0xF81F, 0xF81F, 0xF81F, 0xF81F, 0xF81F, 0xF81F, 0xF81F, 0xF81F, 0xF81F, 0xF81F, 0xF81F, 0xF81F,
    0xF81F, 0xF81F, 0xF81F, 0xF81F, 0xF81F, 0xF81F, 0xF81F, 0xF81F, 0xF81F, 0xF81F, 0xF81F, 0xF81F,
    0xF81F, 0xF81F, 0xF81F, 0xF81F, 0xF81F, 0xF81F, 0xF81F, 0xF81F, 0xF81F, 0xF81F, 0xF81F, 0xF81F,
    0xF81F, 0xF81F, 0xF81F, 0xF81F, 0xF81F, 0xF81F, 0xF81F, 0xF81F, 0xF81F, 0xF81F, 0xF81F, 0xF81F,
    0xF81F, 0xF81F, 0xF81F, 0xF81F, 0xF81F, 0xF81F, 0xF81F, 0xF81F, 0xF81F, 0xF81F, 0xF81F, 0xF81F,
    0xF81F, 0xF81F, 0xF81F, 0xF81F, 0xF81F, 0xF81F, 0xF81F, 0xF81F, 0xF81F, 0xF81F, 0xF81F, 0xF81F,
    0xF81F, 0xF81F, 0xF81F, 0xF81F, 0xF81F, 0xF81F, 0xF81F, 0xF81F, 0xF81F, 0xF81F, 0xF81F, 0xF81F,
    0xF81F, 0xF81F, 0xF81F, 0xF81F, 0xF81F, 0xF81F, 0xF81F, 0xF81F, 0xF81F, 0xF81F, 0xF81F, 0xF81F,
    0xF81F, 0xF81F, 0xF81F, 0xF81F, 0xF81F, 0xF81F, 0xF81F, 0xF81F, 0xF81F, 0xF81F, 0xF81F, 0xF81F,
    0xF81F, 0xF81F, 0xF81F, 0xF81F, 0xF81F, 0xF81F, 0xF81F, 0xF81F, 0xF81F, 0xF81F, 0xF81F, 0xF81F,
    0xF81F, 0xF81F, 0xF81F, 0xF81F, 0xF81F, 0xF81F, 0xF81F, 0xF81F, 0xF81F, 0xF81F, 0xF81F, 0xF81F,
    0xF81F, 0xF81F, 0xF81F, 0xF81F, 0xF81F, 0xF81F, 0xF81F, 0xF81F, 0xF81F, 0xF81F, 0xF81F, 0xF81F,
    0xF81F, 0xF81F, 0xF81F, 0xF81F, 0xF81F, 0xF81F, 0xF81F, 0xF81F, 0xF81F, 0xF81F, 0xF81F, 0xF81F,
    0xF81F, 0xF81F, 0xF81F, 0xF81F, 0xF81F, 0xF81F, 0xF81F, 0xF81F, 0xF81F, 0xF81F, 0xF81F, 0xF81F,
    0xF81F, 0xF81F, 0xF81F, 0xF81F, 0xF81F, 0xF81F, 0xF81F, 0xF81F, 0xF81F, 0xF81F, 0xF81F, 0xF81F,
    0xF81F, 0xF81F, 0xF81F, 0xF81F, 0xF81F, 0xF81F, 0xF81F, 0xF81F, 0xF81F, 0xF81F, 0xF81F, 0xF81F,
    0xF81F, 0xF81F, 0xF81F, 0xF81F, 0xF81F, 0xF81F, 0xF81F, 0xF81F, 0xF81F, 0xF81F, 0xF81F, 0xF81F,
    0xF81F, 0xF81F, 0xF81F, 0xF81F, 0xF81F, 0xF81F, 0xF81F, 0xF81F, 0xF81F, 0xF81F, 0xF81F, 0xF81F,
    0xF81F, 0xF81F, 0xF81F, 0xF81F, 0xF81F, 0xF81F, 0xF81F, 0xF81F, 0xF81F, 0xF81F, 0xF81F, 0xF81F,
    0xF81F, 0xF81F, 0xF81F, 0xF81F, 0xF81F, 0xF81F, 0xF81F, 0xF81F, 0xF81F, 0xF81F, 0xF81F, 0xF81F,
    0xF81F, 0xF81F, 0xF81F, 0xF81F, 0xF81F, 0xF81F, 0xF81F, 0xF81F, 0xF81F, 0xF81F, 0xF81F, 0xF81F,
    0xF81F, 0xF81F, 0xF81F, 0xF81F, 0xF81F, 0xF81F, 0xF81F, 0xF81F, 0xF81F, 0xF81F, 0xF81F, 0xF81F,
    0xF81F, 0xF81F, 0xF81F, 0xF81F, 0xF81F, 0xF81F, 0xF81F, 0xF81F, 0xF81F, 0xF81F, 0xF81F, 0xF81F,
    0xF81F, 0xF81F, 0xF81F, 0xF81F, 0xF81F, 0xF81F, 0xF81F, 0xF81F, 0xF81F, 0xF81F, 0xF81F, 0xF81F,
    0xF81F, 0xF81F, 0xF81F, 0xF81F, 0xF81F, 0xF81F, 0xF81F, 0xF81F, 0xF81F, 0xF81F, 0xF81F, 0xF81F,
    0xF81F, 0xF81F, 0xF81F, 0xF81F, 0xF81F, 0xF81F, 0xF81F, 0xF81F, 0xF81F, 0xF81F, 0xF81F, 0xF81F,
    0xF81F, 0xF81F, 0xF81F, 0xF81F, 0xF81F, 0xF81F, 0xF81F, 0xF81F, 0xF81F, 0xF81F, 0xF81F, 0xF81F,
    0xF81F, 0xF81F, 0xF81F, 0xF81F, 0xF81F, 0xF81F, 0xF81F, 0xF81F, 0xF81F, 0xF81F, 0xF81F, 0xF81F,
    0xF81F, 0xF81F, 0xF81F, 0xF81F, 0xF81F, 0xF81F, 0xF81F, 0xF81F, 0xF81F, 0xF81F, 0xF81F, 0xF81F,
    0xF81F, 0xF81F, 0xF81F, 0xF81F, 0xF81F, 0xF81F, 0xF81F, 0xF81F, 0xF81F, 0xF81F, 0xF81F, 0xF81F,
    0xF81F, 0xF81F, 0xF81F, 0xF81F, 0xF81F, 0xF81F, 0xF81F, 0xF81F, 0xF81F, 0xF81F, 0xF81F, 0xF81F,
    0xF81F, 0xF81F, 0xF81F, 0xF81F, 0xF81F, 0xF81F, 0xF81F, 0xF81F, 0xF81F, 0xF81F, 0xF81F, 0xF81F,
    0xF81F, 0xF81F, 0xF81F, 0xF81F, 0xF81F, 0xF81F, 0xF81F, 0xF81F, 0xF81F, 0xF81F, 0xF81F, 0xF81F,
    0xF81F, 0xF81F, 0xF81F, 0xF81F, 0xF81F, 0xF81F, 0xF81F, 0xF81F, 0xF81F, 0xF81F, 0xF81F, 0xF81F,
    0xF81F, 0xF81F, 0xF81F, 0xF81F, 0xF81F, 0xF81F, 0xF81F, 0xF81F, 0xF81F, 0xF81F, 0xF81F, 0xF81F,
    0xF81F, 0xF81F, 0xF81F, 0xF81F, 0xF81F, 0xF81F, 0xF81F, 0xF81F, 0xF81F, 0xF81F, 0xF81F, 0xF81F,
    0xF81F, 0xF81F, 0xF81F, 0xF81F, 0xF81F, 0xF81F, 0xF81F, 0xF81F, 0xF81F, 0xF81F, 0xF81F, 0xF81F,
    0xF81F, 0xF81F, 0xF81F, 0xF81F, 0xF81F, 0xF81F, 0xF81F, 0xF81F, 0xF81F, 0xF81F, 0xF81F, 0xF81F,
    0xF81F, 0xF81F, 0xF81F, 0xF81F, 0xF81F, 0xF81F, 0xF81F, 0xF81F, 0xF81F, 0xF81F, 0xF81F, 0xF81F,
    0xF81F, 0xF81F, 0xF81F, 0xF81F, 0xF81F, 0xF81F, 0xF81F, 0xF81F, 0xF81F, 0xF81F, 0xF81F, 0xF81F,
    0xF81F, 0xF81F, 0xF81F, 0xF81F, 0xF81F, 0xF81F, 0xF81F, 0xF81F, 0xF81F, 0xF81F, 0xF81F, 0xF81F,
    0xF81F, 0xF81F, 0xF81F, 0xF81F, 0xF81F, 0xF81F, 0xF81F, 0xF81F, 0xF81F, 0xF81F, 0xF81F, 0xF81F,
    0xF81F, 0xF81F, 0xF81F, 0xF81F, 0xF81F, 0xF81F, 0xF81F, 0xF81F, 0xF81F, 0xF81F, 0xF81F, 0xF81F,
    0xF81F, 0xF81F, 0xF81F, 0xF81F, 0xF81F, 0xF81F, 0xF81F, 0xF81F, 0xF81F, 0xF81F, 0xF81F, 0xF81F,
    0xF81F, 0xF81F, 0xF81F, 0xF81F, 0xF81F, 0xF81F, 0xF81F, 0xF81F, 0xF81F, 0xF81F, 0xF81F, 0xF81F,
    0xF81F, 0xF81F, 0xF81F, 0xF81F, 0xF81F, 0xF81F, 0xF81F, 0xF81F, 0xF81F, 0xF81F, 0xF81F, 0xF81F,
    0xF81F, 0xF81F, 0xF81F, 0xF81F, 0xF81F, 0xF81F, 0xF81F, 0xF81F, 0xF81F, 0xF81F, 0xF81F, 0xF81F,
    0xF81F, 0xF81F, 0xF81F, 0xF81F, 0xF81F, 0xF81F, 0xF81F, 0xF81F, 0xF81F, 0xF81F, 0xF81F, 0xF81F,
    0xF81F, 0xF81F, 0xF81F, 0xF81F, 0xF81F, 0xF81F, 0xF81F, 0xF81F, 0xF81F, 0xF81F, 0xF81F, 0xF81F,
    0xF81F, 0xF81F, 0xF81F, 0xF81F, 0xF81F, 0xF81F, 0xF81F, 0xF81F, 0xF81F, 0xF81F, 0xF81F, 0xF81F,
    0xF81F, 0xF81F, 0xF81F, 0xF81F, 0xF81F, 0xF81F, 0xF81F, 0xF81F, 0xF81F, 0xF81F, 0xF81F, 0xF81F,
    0xF81F, 0xF81F, 0xF81F, 0xF81F, 0xF81F, 0xF81F, 0xF81F, 0xF81F, 0xF81F, 0xF81F, 0xF81F, 0xF81F,
    0xF81F, 0xF81F, 0xF81F, 0xF81F, 0xF81F, 0xF81F, 0xF81F, 0xF81F, 0xF81F, 0xF81F, 0xF81F, 0xF81F,
    0xF81F, 0xF81F, 0xF81F, 0xF81F, 0xF81F, 0xF81F, 0xF81F, 0xF81F, 0xF81F, 0xF81F, 0xF81F, 0xF81F,
    0xF81F, 0xF81F, 0xF81F, 0xF81F, 0xF81F, 0xF81F, 0xF81F, 0xF81F, 0xF81F, 0xF81F, 0xF81F, 0xF81F,
    0xF81F, 0xF81F, 0xF81F, 0xF81F, 0xF81F, 0xF81F, 0xF81F, 0xF81F, 0xF81F, 0xF81F, 0xF81F, 0xF81F,
    0xF81F, 0xF81F, 0xF81F, 0xF81F, 0xF81F, 0xF81F, 0xF81F, 0xF81F, 0xF81F, 0xF81F, 0xF81F, 0xF81F,
    0xF81F, 0xF81F, 0xF81F, 0xF81F, 0xF81F, 0xF81F, 0xF81F, 0xF81F, 0xF81F, 0xF81F, 0xF81F, 0xF81F,
    0xF81F, 0xF81F, 0xF81F, 0xF81F, 0xF81F, 0xF81F, 0xF81F, 0xF81F, 0xF81F, 0xF81F, 0xF81F, 0xF81F,
    0xF81F, 0xF81F, 0xF81F, 0xF81F, 0xF81F, 0xF81F, 0xF81F, 0xF81F, 0xF81F, 0xF81F, 0xF81F, 0xF81F,
    0xF81F, 0xF81F, 0xF81F, 0xF81F, 0xF81F, 0xF81F, 0xF81F, 0xF81F, 0xF81F, 0xF81F, 0xF81F, 0xF81F,
    0xF81F, 0xF81F, 0xF81F, 0xF81F, 0xF81F, 0xF81F, 0xF81F, 0xF81F, 0xF81F, 0xF81F, 0xF81F, 0xF81F,
    0xF81F, 0xF81F, 0xF81F, 0xF81F, 0xF81F, 0xF81F, 0xF81F, 0xF81F, 0xF81F, 0xF81F, 0xF81F, 0xF81F,
    0xF81F, 0xF81F, 0xF81F, 0xF81F, 0xF81F, 0xF81F, 0xF81F, 0xF81F, 0xF81F, 0xF81F, 0xF81F, 0xF81F,
    0xF81F, 0xF81F, 0xF81F, 0xF81F, 0xF81F, 0xF81F, 0xF81F, 0xF81F, 0xF81F, 0xF81F, 0xF81F, 0xF81F,
    0xF81F, 0xF81F, 0xF81F, 0xF81F, 0xF81F, 0xF81F, 0xF81F, 0xF81F, 0xF81F, 0xF81F, 0xF81F, 0xF81F,
    0xF81F, 0xF81F, 0xF81F, 0xF81F, 0xF81F, 0xF81F, 0xF81F, 0xF81F, 0xF81F, 0xF81F, 0xF81F, 0xF81F,
    0xF81F, 0xF81F, 0xF81F, 0xF81F, 0xF81F, 0xF81F, 0xF81F, 0xF81F, 0xF81F, 0xF81F, 0xF81F, 0xF81F,
    0xF81F, 0xF81F, 0xF81F, 0xF81F, 0xF81F, 0xF81F, 0xF81F, 0xF81F, 0xF81F, 0xF81F, 0xF81F, 0xF81F,
    0xF81F, 0xF81F, 0xF81F, 0xF81F, 0xF81F, 0xF81F, 0xF81F, 0xF81F, 0xF81F, 0xF81F, 0xF81F, 0xF81F,
    0xF81F, 0xF81F, 0xF81F, 0xF81F, 0xF81F, 0xF81F, 0xF81F, 0xF81F, 0xF81F, 0xF81F, 0xF81F, 0xF81F,
    0xF81F, 0xF81F, 0xF81F, 0xF81F, 0xF81F, 0xF81F, 0xF81F, 0xF81F, 0xF81F, 0xF81F, 0xF81F, 0xF81F,
    0xF81F, 0xF81F, 0xF81F, 0xF81F, 0xF81F, 0xF81F, 0xF81F, 0xF81F, 0xF81F, 0xF81F, 0xF81F, 0xF81F,
    0xF81F, 0xF81F, 0xF81F, 0xF81F, 0xF81F, 0xF81F, 0xF81F, 0xF81F, 0xF81F, 0xF81F, 0xF81F, 0xF81F,
    0xF81F, 0xF81F, 0xF81F, 0xF81F, 0xF81F, 0xF81F, 0xF81F, 0xF81F, 0xF81F, 0xF81F, 0xF81F, 0xF81F,
    0xF81F, 0xF81F, 0xF81F, 0xF81F, 0xF81F, 0xF81F, 0xF81F, 0xF81F, 0xF81F, 0xF81F, 0xF81F, 0xF81F,
    0xF81F, 0xF81F, 0xF81F, 0xF81F, 0xF81F, 0xF81F, 0xF81F, 0xF81F, 0xF81F, 0xF81F, 0xF81F, 0xF81F,
    0xF81F, 0xF81F, 0xF81F, 0xF81F, 0xF81F, 0xF81F, 0xF81F, 0xF81F, 0xF81F, 0xF81F, 0xF81F, 0xF81F,
    0xF81F, 0xF81F, 0xF81F, 0xF81F, 0xF81F, 0xF81F, 0xF81F, 0xF81F, 0xF81F, 0xF81F, 0xF81F, 0xF81F,
    0xF81F, 0xF81F, 0xF81F, 0xF81F, 0xF81F, 0xF81F, 0xF81F, 0xF81F, 0xF81F, 0xF81F, 0xF81F, 0xF81F,
    0xF81F, 0xF81F, 0xF81F, 0xF81F, 0xF81F, 0xF81F, 0xF81F, 0xF81F, 0xF81F, 0xF81F, 0xF81F, 0xF81F,
    0xF81F, 0xF81F, 0xF81F, 0xF81F, 0xF81F, 0xF81F, 0xF81F, 0xF81F, 0xF81F, 0xF81F, 0xF81F, 0xF81F,
    0xF81F, 0xF81F, 0xF81F, 0xF81F, 0xF81F, 0xF81F, 0xF81F, 0xF81F, 0xF81F, 0xF81F, 0xF81F, 0xF81F,
    0xF81F, 0xF81F, 0xF81F, 0xF81F, 0xF81F, 0xF81F, 0xF81F, 0xF81F, 0xF81F, 0xF81F, 0xF81F, 0xF81F,
    0xF81F, 0xF81F, 0xF81F, 0xF81F, 0xF81F, 0xF81F, 0xF81F, 0xF81F, 0xF81F, 0xF81F, 0xF81F, 0xF81F,
    0xF81F, 0xF81F, 0xF81F, 0xF81F, 0xF81F, 0xF81F, 0xF81F, 0xF81F, 0xF81F, 0xF81F, 0xF81F, 0xF81F,
    0xF81F, 0xF81F, 0xF81F, 0xF81F, 0xF81F, 0xF81F, 0xF81F, 0xF81F, 0xF81F, 0xF81F, 0xF81F, 0xF81F,
    0xF81F, 0xF81F, 0xF81F, 0xF81F, 0xF81F, 0xF81F, 0xF81F, 0xF81F, 0xF81F, 0xF81F, 0xF81F, 0xF81F,
    0xF81F, 0xF81F, 0xF81F, 0xF81F, 0xF81F, 0xF81F, 0xF81F, 0xF81F, 0xF81F, 0xF81F, 0xF81F, 0xF81F,
    0xF81F, 0xF81F, 0xF81F, 0xF81F, 0xF81F, 0xF81F, 0xF81F, 0xF81F, 0xF81F, 0xF81F, 0xF81F, 0xF81F,
    0xF81F, 0xF81F, 0xF81F, 0xF81F, 0xF81F, 0xF81F, 0xF81F, 0xF81F, 0xF81F, 0xF81F, 0xF81F, 0xF81F,
    0xF81F, 0xF81F, 0xF81F, 0xF81F, 0xF81F, 0xF81F, 0xF81F, 0xF81F, 0xF81F, 0xF81F, 0xF81F, 0xF81F,
    0xF81F, 0xF81F, 0xF81F, 0xF81F, 0xF81F, 0xF81F, 0xF81F, 0xF81F, 0xF81F, 0xF81F, 0xF81F, 0xF81F,
    0xF81F, 0xF81F, 0xF81F, 0xF81F, 0xF81F, 0xF81F, 0xF81F, 0xF81F, 0xF81F, 0xF81F, 0xF81F, 0xF81F,
    0xF81F, 0xF81F, 0xF81F, 0xF81F, 0xF81F, 0xF81F, 0xF81F, 0xF81F, 0xF81F, 0xF81F, 0xF81F, 0xF81F,
    0xF81F, 0xF81F, 0xF81F, 0xF81F, 0xF81F, 0xF81F, 0xF81F, 0xF81F, 0xF81F, 0xF81F, 0xF81F, 0xF81F,
    0xF81F, 0xF81F, 0xF81F, 0x0000, 0x0000, 0x0000, 0x0000, 0x0000, 0x0000, 0x0000, 0x0000, 0x0000,
    0xF81F, 0xF81F, 0xF81F, 0xF81F, 0xF81F, 0xF81F, 0xF81F, 0x0000, 0x0000, 0x0000, 0x0000, 0x0000,
    0x0000, 0xF81F, 0xF81F, 0xF81F, 0xF81F, 0xF81F, 0xF81F, 0xF81F, 0xF81F, 0xF81F, 0xF81F, 0xF81F,
    0xF81F, 0xF81F, 0xF81F, 0xF81F, 0xF81F, 0xF81F, 0xF81F, 0xF81F, 0xF81F, 0xF81F, 0xF81F, 0xF81F,
    0xF81F, 0xF81F, 0xF81F, 0xF81F, 0xF81F, 0xF81F, 0xF81F, 0xF81F, 0xF81F, 0xF81F, 0xF81F, 0x0000,
    0x0000, 0x0000, 0x0000, 0x1002, 0xF81F, 0xF81F, 0xF81F, 0xF81F, 0xF81F, 0xF81F, 0xF81F, 0xF81F,
    0xF81F, 0xF81F, 0xF81F, 0xF81F, 0xF81F, 0xF81F, 0xF81F, 0xF81F, 0xF81F, 0xF81F, 0xF81F, 0xF81F,
    0xF81F, 0xF81F, 0xF81F, 0xF81F, 0xF81F, 0xF81F, 0xF81F, 0xF81F, 0xF81F, 0xF81F, 0xF81F, 0xF81F,
    0xF81F, 0xF81F, 0x52EA, 0x63AC, 0x5B6B, 0x5B6B, 0x5B8B, 0x5B8B, 0x5B8B, 0x5B8B, 0x5B8B, 0x63CC,
    0x5B2B, 0xF81F, 0xF81F, 0xF81F, 0xF81F, 0xF81F, 0x73AD, 0x638B, 0x638B, 0x5B4B, 0x3A27, 0x3A67,
    0x3A47, 0x2065, 0xF81F, 0xF81F, 0xF81F, 0xF81F, 0xF81F, 0xF81F, 0xF81F, 0xF81F, 0xF81F, 0xF81F,
    0xF81F, 0xF81F, 0xF81F, 0xF81F, 0xF81F, 0xF81F, 0xF81F, 0xF81F, 0xF81F, 0xF81F, 0xF81F, 0xF81F,
    0xF81F, 0xF81F, 0xF81F, 0xF81F, 0xF81F, 0xF81F, 0xF81F, 0xF81F, 0xF81F, 0xF81F, 0x0000, 0x18E2,
    0x4AA9, 0x3A68, 0x0040, 0x0801, 0xF81F, 0xF81F, 0xF81F, 0xF81F, 0xF81F, 0xF81F, 0xF81F, 0xF81F,
    0xF81F, 0xF81F, 0xF81F, 0xF81F, 0xF81F, 0xF81F, 0xF81F, 0xF81F, 0xF81F, 0xF81F, 0xF81F, 0xF81F,
    0xF81F, 0xF81F, 0xF81F, 0xF81F, 0xF81F, 0xF81F, 0xF81F, 0xF81F, 0x0821, 0x0020, 0x0020, 0x0020,
    0x0020, 0x0020, 0x5BAB, 0x9E12, 0xA674, 0xAE94, 0xA654, 0xAE54, 0xAE54, 0xAE54, 0xAE54, 0xB6D6,
    0x8530, 0x0040, 0x0000, 0x0000, 0x0020, 0x0861, 0x8D30, 0xA5F3, 0xA5F3, 0x9DB2, 0x6C0D, 0x744D,
    0x6C4D, 0x08A2, 0x0020, 0x1043, 0xF81F, 0xF81F, 0xF81F, 0xF81F, 0xF81F, 0xF81F, 0xF81F, 0xF81F,
    0xF81F, 0xF81F, 0xF81F, 0xF81F, 0xF81F, 0xF81F, 0xF81F, 0xF81F, 0xF81F, 0xF81F, 0xF81F, 0xF81F,
    0xF81F, 0xF81F, 0xF81F, 0xF81F, 0xF81F, 0xF81F, 0xF81F, 0xF81F, 0xF81F, 0x0020, 0x0020, 0x31E6,
    0x8D31, 0x7CEF, 0x0881, 0x0000, 0xF81F, 0xF81F, 0xF81F, 0xF81F, 0xF81F, 0xF81F, 0xF81F, 0xF81F,
    0xF81F, 0xF81F, 0xF81F, 0xF81F, 0xF81F, 0xF81F, 0xF81F, 0xF81F, 0xF81F, 0xF81F, 0xF81F, 0xF81F,
    0xF81F, 0xF81F, 0xF81F, 0xF81F, 0xF81F, 0x0000, 0x0000, 0x0000, 0x8CF0, 0xA5D3, 0x9D92, 0x9DB2,
    0x9DB2, 0xAE54, 0x2144, 0x0000, 0x5329, 0x63EC, 0x746E, 0x746E, 0x7C8E, 0x7C8E, 0x7C8F, 0x7C8F,
    0x7CAE, 0x7CCF, 0x1903, 0x18E3, 0x7C6F, 0x08A2, 0x0000, 0x0000, 0x0841, 0x63EC, 0x6C2D, 0x742D,
    0x744D, 0x6C0D, 0x7C6E, 0x4AE9, 0x0000, 0x0000, 0x0000, 0xF81F, 0xF81F, 0xF81F, 0xF81F, 0xF81F,
    0xF81F, 0xF81F, 0xF81F, 0xF81F, 0xF81F, 0xF81F, 0xF81F, 0xF81F, 0xF81F, 0xF81F, 0xF81F, 0xF81F,
    0xF81F, 0xF81F, 0xF81F, 0xF81F, 0xF81F, 0xF81F, 0xF81F, 0x0000, 0x0821, 0x8D10, 0x9591, 0x7CAF,
    0x744E, 0x746E, 0x0881, 0x0000, 0xF81F, 0xF81F, 0xF81F, 0xF81F, 0xF81F, 0xF81F, 0xF81F, 0xF81F,
    0xF81F, 0xF81F, 0xF81F, 0xF81F, 0xF81F, 0xF81F, 0xF81F, 0xF81F, 0xF81F, 0xF81F, 0xF81F, 0xF81F,
    0xF81F, 0xF81F, 0xF81F, 0xF81F, 0xF81F, 0x29A5, 0x31E6, 0x3A26, 0x8D30, 0x9DD2, 0x9DB2, 0x9DB2,
    0x9DB2, 0xA613, 0x534A, 0x3A47, 0x0000, 0x2164, 0x850F, 0x748E, 0x746E, 0x7C8E, 0x7C8F, 0x7C8F,
    0x7C8E, 0x8D30, 0x1943, 0x2103, 0x9D72, 0x3A27, 0x2144, 0x2984, 0x2164, 0x29C5, 0x3206, 0x3206,
    0x31E6, 0x6C0D, 0x8510, 0x534A, 0x2184, 0x2164, 0x2144, 0x1864, 0xF81F, 0xF81F, 0xF81F, 0xF81F,
    0xF81F, 0xF81F, 0xF81F, 0xF81F, 0xF81F, 0xF81F, 0xF81F, 0xF81F, 0xF81F, 0xF81F, 0xF81F, 0xF81F,
    0xF81F, 0xF81F, 0xF81F, 0xF81F, 0xF81F, 0xF81F, 0xF81F, 0x532A, 0x6BEC, 0x8D51, 0x8D51, 0x7CCF,
    0x7C6E, 0x7C8E, 0x0881, 0x0000, 0xF81F, 0xF81F, 0xF81F, 0xF81F, 0xF81F, 0xF81F, 0xF81F, 0xF81F,
    0xF81F, 0xF81F, 0xF81F, 0xF81F, 0xF81F, 0xF81F, 0xF81F, 0xF81F, 0xF81F, 0xF81F, 0xF81F, 0xF81F,
    0xF81F, 0xF81F, 0xF81F, 0x0001, 0x0000, 0x9D92, 0xBED6, 0xB6B5, 0x746E, 0x742D, 0x744E, 0x744E,
    0x744E, 0x744E, 0x84CF, 0x8510, 0x0061, 0x0040, 0x29E5, 0x5329, 0x84EF, 0x748E, 0x7C8E, 0x7C8F,
    0x7C8E, 0x84EF, 0x1923, 0x10A2, 0x6BEC, 0x84EF, 0x9551, 0x9DD2, 0x7CAF, 0x0000, 0x0000, 0x0000,
    0x0000, 0x42A8, 0x534A, 0x4AE9, 0x5B6B, 0x7C6F, 0x7C8F, 0x08A2, 0x0000, 0x0000, 0x0000, 0xF81F,
    0xF81F, 0xF81F, 0xF81F, 0xF81F, 0xF81F, 0xF81F, 0xF81F, 0xF81F, 0xF81F, 0xF81F, 0xF81F, 0xF81F,
    0xF81F, 0xF81F, 0xF81F, 0xF81F, 0xF81F, 0x0000, 0x10A1, 0xAE33, 0xAE74, 0x7CAE, 0x746D, 0x748E,
    0x6C4D, 0x6C2D, 0x10A2, 0xF81F, 0xF81F, 0xF81F, 0xF81F, 0xF81F, 0xF81F, 0xF81F, 0xF81F, 0xF81F,
    0xF81F, 0xF81F, 0xF81F, 0xF81F, 0xF81F, 0xF81F, 0xF81F, 0xF81F, 0xF81F, 0xF81F, 0xF81F, 0xF81F,
    0xF81F, 0xF81F, 0xF81F, 0x52EA, 0x63CC, 0x84F0, 0x8510, 0x8510, 0x7C8E, 0x7C8E, 0x84EF, 0x84EF,
    0x84F0, 0x8510, 0x7CAF, 0x7C6E, 0x5B8B, 0x638B, 0x1903, 0x1903, 0x63CB, 0x744D, 0x748E, 0x7C8E,
    0x7C8E, 0x7C8E, 0x6C2D, 0x3206, 0x0000, 0x63CC, 0x7CCF, 0x7C8E, 0x7C8E, 0x7C8E, 0x7CAF, 0x850F,
    0x746D, 0x0000, 0x0000, 0x0000, 0x0020, 0x31E6, 0x31E6, 0x29C6, 0x5B2B, 0x530B, 0x4B0A, 0x1023,
    0xF81F, 0xF81F, 0xF81F, 0xF81F, 0xF81F, 0xF81F, 0xF81F, 0xF81F, 0xF81F, 0xF81F, 0xF81F, 0xF81F,
    0xF81F, 0xF81F, 0xF81F, 0xF81F, 0x2905, 0x84CF, 0x84F0, 0x746D, 0x746E, 0x7C8E, 0x7CAF, 0x6C6D,
    0x0881, 0x0040, 0xF81F, 0xF81F, 0xF81F, 0xF81F, 0xF81F, 0xF81F, 0xF81F, 0xF81F, 0xF81F, 0xF81F,
    0xF81F, 0xF81F, 0xF81F, 0xF81F, 0xF81F, 0xF81F, 0xF81F, 0xF81F, 0xF81F, 0xF81F, 0xF81F, 0xF81F,
    0x0801, 0x0000, 0x0000, 0x8D10, 0xBEF7, 0x84EF, 0x744D, 0x746E, 0x7C8E, 0x6C4D, 0x29C5, 0x29A5,
    0x29C5, 0x2184, 0x5B8B, 0x8D10, 0x84AF, 0x9551, 0x42A8, 0x0000, 0x0861, 0x6C4C, 0x748E, 0x746E,
    0x748E, 0x746E, 0x8D30, 0x42C8, 0x0000, 0x640C, 0x7CEF, 0x746E, 0x7CAE, 0x8D30, 0x8D50, 0x9571,
    0x9DD2, 0x7C8E, 0x84CF, 0x5B8B, 0x0000, 0x0000, 0x0000, 0x31A6, 0x84F1, 0x742E, 0x6C2E, 0x2144,
    0x1903, 0x0020, 0xF81F, 0xF81F, 0xF81F, 0xF81F, 0xF81F, 0xF81F, 0xF81F, 0xF81F, 0xF81F, 0xF81F,
    0xF81F, 0xF81F, 0xF81F, 0x0000, 0x2143, 0xAE74, 0x9591, 0x746D, 0x746E, 0x746E, 0x7CAE, 0x6C2D,
    0x0020, 0x1002, 0xF81F, 0xF81F, 0xF81F, 0xF81F, 0xF81F, 0xF81F, 0xF81F, 0xF81F, 0xF81F, 0xF81F,
    0xF81F, 0xF81F, 0xF81F, 0xF81F, 0xF81F, 0xF81F, 0xF81F, 0xF81F, 0xF81F, 0xF81F, 0xF81F, 0xF81F,
    0x0000, 0x3A26, 0x9551, 0x8D30, 0x84CF, 0x7CAF, 0x7C8E, 0x748E, 0x7CEF, 0x746E, 0x1082, 0x18A3,
    0x18E4, 0x2124, 0x2144, 0x29A5, 0x744D, 0x7CAF, 0x744D, 0x5BAB, 0x0000, 0x10E2, 0x5329, 0x7C8E,
    0x746E, 0x746E, 0x7CAF, 0x6C0D, 0x4B09, 0x1944, 0x2984, 0x746E, 0x7C8E, 0x746E, 0x748E, 0x7C8E,
    0x850F, 0x8D50, 0x9591, 0x852F, 0x6BEC, 0x6C0D, 0x7C8E, 0x3206, 0x0040, 0x0020, 0x0020, 0x5B2A,
    0x6C0D, 0x0881, 0xF81F, 0xF81F, 0xF81F, 0xF81F, 0xF81F, 0xF81F, 0xF81F, 0xF81F, 0xF81F, 0xF81F,
    0xF81F, 0xF81F, 0x0821, 0x84EF, 0x9551, 0x7CAE, 0x744D, 0x746E, 0x746E, 0x746E, 0x7CAE, 0x6C2C,
    0x0020, 0xF81F, 0xF81F, 0xF81F, 0xF81F, 0xF81F, 0xF81F, 0xF81F, 0xF81F, 0xF81F, 0xF81F, 0xF81F,
    0xF81F, 0xF81F, 0xF81F, 0xF81F, 0xF81F, 0xF81F, 0xF81F, 0xF81F, 0xF81F, 0xF81F, 0xF81F, 0x2064,
    0x10C2, 0x638B, 0xC717, 0x8D30, 0x746E, 0x7C8E, 0x84CF, 0x74AE, 0x0881, 0x2144, 0xFFDF, 0xFFFF,
    0xF7BF, 0xFFFF, 0x8410, 0x0000, 0x4AE9, 0x744D, 0x84AF, 0x7C8E, 0x3226, 0x0000, 0x4287, 0x7CEF,
    0x7C8E, 0x746E, 0x7C8F, 0x84CF, 0x8D30, 0x0881, 0x0840, 0x746D, 0x748E, 0x7C8E, 0x7C8E, 0x7C8E,
    0x7C8E, 0x748E, 0x748E, 0x7CAE, 0x9571, 0xA634, 0xAE75, 0x744D, 0x3A47, 0x4288, 0x3A27, 0x0881,
    0x10C2, 0x0000, 0xF81F, 0xF81F, 0xF81F, 0xF81F, 0xF81F, 0xF81F, 0xF81F, 0xF81F, 0xF81F, 0xF81F,
    0xF81F, 0x31A5, 0x4AC8, 0xAE34, 0x8D51, 0x744D, 0x746E, 0x746E, 0x746E, 0x746D, 0x7C8D, 0x640B,
    0x0000, 0xF81F, 0xF81F, 0xF81F, 0xF81F, 0xF81F, 0xF81F, 0xF81F, 0xF81F, 0xF81F, 0xF81F, 0xF81F,
    0xF81F, 0xF81F, 0xF81F, 0xF81F, 0xF81F, 0xF81F, 0xF81F, 0xF81F, 0xF81F, 0xF81F, 0x0802, 0x08A1,
    0x9590, 0x9DF2, 0x9DB2, 0x84F0, 0x7C8E, 0x7CCF, 0x640C, 0x4B09, 0x39E7, 0x62EC, 0xBDF8, 0xC618,
    0xFFFF, 0xFFDF, 0xFFFF, 0xA535, 0x0841, 0x31E5, 0x748E, 0x7C8E, 0x7CCF, 0x2164, 0x3206, 0x534A,
    0x534A, 0x744E, 0x7C6F, 0x746E, 0x84F0, 0x29C5, 0x0841, 0x746D, 0x748E, 0x748E, 0x748E, 0x7C8E,
    0x7C8E, 0x7C8E, 0x7CAE, 0x7C8E, 0x7CAE, 0x84F0, 0x84EF, 0x8D50, 0xA634, 0xAE75, 0xA634, 0x3A47,
    0x3206, 0x3A67, 0x10A2, 0x0020, 0x0821, 0x0040, 0xF81F, 0xF81F, 0xF81F, 0xF81F, 0xF81F, 0x0842,
    0x0000, 0x8D10, 0xB695, 0x8D30, 0x6C4D, 0x746E, 0x746E, 0x746E, 0x746E, 0x746D, 0x850E, 0x5BCB,
    0x0801, 0xF81F, 0xF81F, 0xF81F, 0xF81F, 0xF81F, 0xF81F, 0xF81F, 0xF81F, 0xF81F, 0xF81F, 0xF81F,
    0xF81F, 0xF81F, 0xF81F, 0xF81F, 0xF81F, 0xF81F, 0xF81F, 0xF81F, 0xF81F, 0xF81F, 0x0000, 0x0860,
    0xAE53, 0x9DF2, 0x746E, 0x7CAE, 0x7C8E, 0x8530, 0x3246, 0x0000, 0xEF5D, 0xFFFF, 0x7BEF, 0x0000,
    0x8410, 0xF7BF, 0xFFDF, 0xFFFF, 0x3186, 0x0000, 0x6C0C, 0x7C8E, 0x744D, 0x850F, 0x1923, 0x0000,
    0x0861, 0x6C2D, 0x746E, 0x744E, 0x84EF, 0x29E6, 0x0840, 0x6C4D, 0x746D, 0x746D, 0x746E, 0x748E,
    0x748E, 0x748E, 0x7C8E, 0x7CAE, 0x7C8E, 0x7C8E, 0x7C8E, 0x7C8E, 0x8510, 0x8D30, 0x8D30, 0x95B2,
    0x9DD2, 0x9DF2, 0x9592, 0x9572, 0x9572, 0xA613, 0x4AE9, 0x0000, 0x0000, 0x0000, 0x0000, 0x0000,
    0x0000, 0x6C0C, 0x852F, 0x6C2D, 0x746E, 0x746E, 0x746E, 0x746E, 0x746E, 0x6C2D, 0x3246, 0x2184,
    0xF81F, 0xF81F, 0xF81F, 0xF81F, 0xF81F, 0xF81F, 0xF81F, 0xF81F, 0xF81F, 0xF81F, 0xF81F, 0xF81F,
    0xF81F, 0xF81F, 0xF81F, 0xF81F, 0xF81F, 0xF81F, 0xF81F, 0xF81F, 0xF81F, 0xF81F, 0x52C9, 0x6BEC,
    0x9DF2, 0x8D50, 0x74AE, 0x7CAE, 0x7CAE, 0x852F, 0x3246, 0x0000, 0xE73C, 0xDEFB, 0x52AB, 0x0000,
    0x0841, 0xEF5E, 0xFFFF, 0xFFDF, 0x2966, 0x0000, 0x6C0C, 0x748E, 0x746E, 0x7C8E, 0x5B6A, 0x2144,
    0x0861, 0x6C2D, 0x746E, 0x744D, 0x84EF, 0x29E5, 0x0840, 0x6C4D, 0x746D, 0x746D, 0x746D, 0x748D,
    0x748D, 0x748D, 0x7C8E, 0x7C8E, 0x7C8E, 0x7CAE, 0x7CAE, 0x7CAE, 0x7C8E, 0x7C8E, 0x7C8E, 0x7C8E,
    0x7C8E, 0x7C8E, 0x9DD2, 0xA613, 0xA5F3, 0xA634, 0x8510, 0x6BED, 0x6C0D, 0x6BED, 0x6BED, 0x6C0D,
    0x6C2D, 0x10C2, 0x2184, 0x748E, 0x744D, 0x744D, 0x746E, 0x746D, 0x7C8E, 0x640C, 0x0000, 0x0000,
    0xF81F, 0xF81F, 0xF81F, 0xF81F, 0xF81F, 0xF81F, 0xF81F, 0xF81F, 0xF81F, 0xF81F, 0xF81F, 0xF81F,
    0xF81F, 0xF81F, 0xF81F, 0xF81F, 0xF81F, 0xF81F, 0xF81F, 0xF81F, 0x1042, 0x0000, 0x7C6D, 0xB6B5,
    0x9591, 0x7CEF, 0x74AE, 0x7CAE, 0x7CAE, 0x852F, 0x3246, 0x0000, 0xF7BE, 0xAD76, 0x0000, 0x0000,
    0x18A3, 0xF77E, 0xFFDF, 0xFFDF, 0x2965, 0x0000, 0x6C0C, 0x748E, 0x746E, 0x746E, 0x8D10, 0x42A8,
    0x0040, 0x6C4D, 0x746D, 0x744D, 0x7CEF, 0x3206, 0x0040, 0x6C2C, 0x6C4C, 0x6C4D, 0x6C4D, 0x6C4D,
    0x6C6D, 0x6C6D, 0x6C6D, 0x746D, 0x748D, 0x748E, 0x748E, 0x748E, 0x7C8E, 0x7C8E, 0x7C8E, 0x7C8E,
    0x7C8E, 0x7C8E, 0x748E, 0x748E, 0x7C8E, 0x746E, 0x84F0, 0x9592, 0x9592, 0x9592, 0x9D92, 0x9D92,
    0x9DF2, 0x10E2, 0x10A2, 0x6C4C, 0x6C4D, 0x744D, 0x744D, 0x744D, 0x746D, 0x6C0C, 0x0040, 0x0801,
    0xF81F, 0xF81F, 0xF81F, 0xF81F, 0xF81F, 0xF81F, 0xF81F, 0xF81F, 0xF81F, 0xF81F, 0xF81F, 0xF81F,
    0xF81F, 0xF81F, 0xF81F, 0xF81F, 0xF81F, 0xF81F, 0xF81F, 0xF81F, 0x1043, 0x0000, 0x7C6D, 0xAE33,
    0x7CCE, 0x7CAE, 0x7CAE, 0x7CAE, 0x7C8E, 0x8530, 0x3247, 0x0000, 0xEF7D, 0xC618, 0x0861, 0x0861,
    0x2104, 0xF77E, 0xFFFF, 0xFFFF, 0x3186, 0x0000, 0x6C0C, 0x748E, 0x746E, 0x746E, 0x84CF, 0x4288,
    0x0000, 0x0881, 0x0861, 0x0861, 0x0881, 0x0020, 0x0000, 0x0861, 0x0861, 0x0861, 0x0861, 0x0861,
    0x0861, 0x0861, 0x0841, 0x31E5, 0x7D0E, 0x7CCE, 0x7CCE, 0x7CCE, 0x7CCE, 0x7CCE, 0x7CCF, 0x7CCF,
    0x7CCF, 0x7CEF, 0x7CEF, 0x7CEF, 0x84EF, 0x84EF, 0x7CCF, 0x7CAF, 0x7CCF, 0x7CCF, 0x7CCF, 0x7CCF,
    0x852F, 0x1103, 0x10C2, 0x5BAB, 0x640C, 0x748D, 0x748D, 0x7CAE, 0x7CCE, 0x6C4D, 0x0040, 0xF81F,
    0xF81F, 0xF81F, 0xF81F, 0xF81F, 0xF81F, 0xF81F, 0xF81F, 0xF81F, 0xF81F, 0xF81F, 0xF81F, 0xF81F,
    0xF81F, 0xF81F, 0xF81F, 0xF81F, 0xF81F, 0xF81F, 0xF81F, 0xF81F, 0x1043, 0x0000, 0x7C8E, 0xAE54,
    0x74AE, 0x74AE, 0x7CAE, 0x7CAE, 0x7CAE, 0x7CCE, 0x6C4D, 0x5BCB, 0x2985, 0x7BCF, 0xDEFC, 0xE71D,
    0xE71D, 0xFFDF, 0xCE59, 0xB5D7, 0x2104, 0x1903, 0x746D, 0x746E, 0x746E, 0x746E, 0x84EF, 0x42A8,
    0x0000, 0x2985, 0x2985, 0x2985, 0x29A5, 0x1903, 0x0020, 0x31E5, 0x31E6, 0x31E6, 0x3206, 0x3206,
    0x3206, 0x3206, 0x3226, 0x29C5, 0x21A4, 0x29A4, 0x29C5, 0x29C5, 0x29C5, 0x29C5, 0x29C5, 0x29C5,
    0x29C5, 0x29E5, 0x29C5, 0x29C5, 0x29E5, 0x29C5, 0x29C5, 0x29E5, 0x29E5, 0x29C5, 0x29C5, 0x29E5,
    0x3206, 0x0861, 0x10A2, 0x4B09, 0x534A, 0x5B8A, 0x4B29, 0x3A47, 0x29C5, 0x1923, 0x0000, 0xF81F,
    0xF81F, 0xF81F, 0xF81F, 0xF81F, 0xF81F, 0xF81F, 0xF81F, 0xF81F, 0xF81F, 0xF81F, 0xF81F, 0xF81F,
    0xF81F, 0xF81F, 0xF81F, 0xF81F, 0xF81F, 0xF81F, 0xF81F, 0xF81F, 0x1043, 0x0000, 0x7C8E, 0xAE53,
    0x74AE, 0x74AE, 0x7CAE, 0x7CAE, 0x7CAE, 0x7CAE, 0x7CCE, 0x7CEF, 0x0040, 0x0841, 0xEF7E, 0xFFFF,
    0xF7DF, 0xFFFF, 0x4229, 0x0000, 0x0000, 0x4267, 0x7CCF, 0x744E, 0x746E, 0x746E, 0x7CCE, 0x4287,
    0x0000, 0x4B0A, 0x534B, 0x532A, 0x5B8B, 0x3A46, 0x0020, 0x4B29, 0x63EB, 0x746D, 0x746D, 0x746E,
    0x748E, 0x748E, 0x7C8E, 0x6C0C, 0x5B8B, 0x5329, 0x0000, 0x0000, 0x0000, 0x0000, 0x0000, 0x0000,
    0x0000, 0x0000, 0x0000, 0x0000, 0x0000, 0x0000, 0x0000, 0x0000, 0x0000, 0x0000, 0x0000, 0x0000,
    0x0000, 0x0000, 0x10A2, 0x3A67, 0x3A47, 0x4267, 0x29A5, 0x0000, 0x0000, 0x0000, 0x0000, 0xF81F,
    0xF81F, 0xF81F, 0xF81F, 0xF81F, 0xF81F, 0xF81F, 0xF81F, 0xF81F, 0xF81F, 0xF81F, 0xF81F, 0xF81F,
    0xF81F, 0xF81F, 0xF81F, 0xF81F, 0xF81F, 0xF81F, 0xF81F, 0xF81F, 0x1043, 0x0000, 0x7C8E, 0xAE53,
    0x748D, 0x748D, 0x748D, 0x748E, 0x748E, 0x748E, 0x7C8E, 0x746E, 0x744D, 0x5BAB, 0x18E3, 0x20E4,
    0x20E4, 0x2104, 0x10C2, 0x1923, 0x534A, 0x6C0C, 0x746E, 0x746E, 0x746E, 0x746D, 0x850F, 0x42C8,
    0x0000, 0x4AC9, 0x52EA, 0x4AE9, 0x532A, 0x3206, 0x0020, 0x4AE8, 0x63CB, 0x748E, 0x748E, 0x748E,
    0x7C8E, 0x7C8E, 0x7C8E, 0x7CAE, 0x84CF, 0x7CAE, 0x63CC, 0x63CC, 0x63CC, 0x63CC, 0x63CC, 0x63CC,
    0x63CC, 0x63EC, 0x63EC, 0x63CC, 0x6BCC, 0x6BCC, 0x63CC, 0x63CC, 0x63CC, 0x63CC, 0x63CC, 0x6BEC,
    0x6C2D, 0x10C2, 0x10A1, 0x534A, 0x5B8A, 0x6C0C, 0x6BEC, 0x63AB, 0x63CC, 0x5B8B, 0x0040, 0xF81F,
    0xF81F, 0xF81F, 0xF81F, 0xF81F, 0xF81F, 0xF81F, 0xF81F, 0xF81F, 0xF81F, 0xF81F, 0xF81F, 0xF81F,
    0xF81F, 0xF81F, 0xF81F, 0xF81F, 0xF81F, 0xF81F, 0xF81F, 0xF81F, 0x1043, 0x0000, 0x7C8D, 0xAE74,
    0x8530, 0x8530, 0x8530, 0x8530, 0x8550, 0x7CAE, 0x746D, 0x746D, 0x7CAE, 0x6C4D, 0x10E2, 0x10C2,
    0x10E2, 0x10C2, 0x5329, 0x74AE, 0x7C8E, 0x7C8E, 0x746E, 0x746E, 0x746D, 0x744D, 0x63CB, 0x29E5,
    0x0000, 0x42C9, 0x4B0A, 0x4AE9, 0x534A, 0x3226, 0x0020, 0x4B08, 0x5BCB, 0x748E, 0x746E, 0x748E,
    0x748E, 0x748E, 0x748E, 0x748E, 0x746E, 0x748E, 0x7CAE, 0x7CAE, 0x7CAE, 0x7CAE, 0x7CAE, 0x7CAE,
    0x7C8E, 0x746E, 0x746E, 0x746E, 0x744E, 0x744E, 0x744E, 0x744E, 0x744E, 0x744E, 0x746E, 0x746E,
    0x74AE, 0x10E2, 0x10A2, 0x5B8A, 0x63CC, 0x744E, 0x746E, 0x7C8E, 0x7CAE, 0x746D, 0x0061, 0xF81F,
    0xF81F, 0xF81F, 0xF81F, 0xF81F, 0xF81F, 0xF81F, 0xF81F, 0xF81F, 0xF81F, 0xF81F, 0xF81F, 0xF81F,
    0xF81F, 0xF81F, 0xF81F, 0xF81F, 0xF81F, 0xF81F, 0xF81F, 0xF81F, 0x1843, 0x0000, 0x744C, 0xA673,
    0x9DF2, 0x9E12, 0x9DF3, 0x9DF3, 0xA613, 0x850F, 0x6C4D, 0x746D, 0x746D, 0x748D, 0x7CCE, 0x84CF,
    0x84CF, 0x84CF, 0x7CAF, 0x7C8E, 0x748E, 0x748E, 0x748E, 0x748E, 0x6C0D, 0x642C, 0x1103, 0x0000,
    0x0861, 0x42A8, 0x4B09, 0x4AE9, 0x5349, 0x3246, 0x0020, 0x42E8, 0x5BEB, 0x748E, 0x746E, 0x748E,
    0x748E, 0x748E, 0x748E, 0x748E, 0x748E, 0x7C8E, 0x748E, 0x748E, 0x748E, 0x748E, 0x746E, 0x7C8E,
    0x746D, 0x532A, 0x532A, 0x532A, 0x532A, 0x532A, 0x532A, 0x532A, 0x532A, 0x532A, 0x532A, 0x534A,
    0x536A, 0x0040, 0x10A1, 0x5BCB, 0x6C4D, 0x6C2D, 0x744E, 0x744E, 0x746E, 0x6C4D, 0x0000, 0xF81F,
    0xF81F, 0xF81F, 0xF81F, 0xF81F, 0xF81F, 0xF81F, 0xF81F, 0xF81F, 0xF81F, 0xF81F, 0xF81F, 0xF81F,
    0xF81F, 0xF81F, 0xF81F, 0xF81F, 0xF81F, 0xF81F, 0xF81F, 0xF81F, 0xF81F, 0xF81F, 0x3146, 0x1903,
    0x18E2, 0x18E2, 0x18E2, 0x10E2, 0x18E2, 0x10C2, 0x10C2, 0x10C2, 0x10C2, 0x10A2, 0x63EC, 0x7CAF,
    0x7C8E, 0x7C8F, 0x7C8F, 0x7C8E, 0x7C8E, 0x7C8E, 0x7C8E, 0x746E, 0x63EC, 0x10C2, 0x2144, 0x4288,
    0x4288, 0x4AE9, 0x5309, 0x4B29, 0x10C2, 0x0040, 0x42C8, 0x640C, 0x6C4D, 0x746E, 0x746E, 0x746E,
    0x746E, 0x746E, 0x748E, 0x748E, 0x746D, 0x6C2C, 0x6C4D, 0x6C2D, 0x5BAB, 0x5BAB, 0x5BAB, 0x5BAB,
    0x5B8B, 0x534A, 0x532A, 0x534A, 0x534A, 0x532A, 0x536A, 0x536B, 0x5B6B, 0x5B8B, 0x5B8B, 0x1943,
    0x10C2, 0x29A4, 0x4287, 0x5B6A, 0x63CC, 0x6C4D, 0x744D, 0x744E, 0x746E, 0x746D, 0x4B29, 0x3A27,
    0xF81F, 0xF81F, 0xF81F, 0xF81F, 0xF81F, 0xF81F, 0xF81F, 0xF81F, 0xF81F, 0xF81F, 0xF81F, 0xF81F,
    0xF81F, 0xF81F, 0xF81F, 0xF81F, 0xF81F, 0xF81F, 0xF81F, 0xF81F, 0xF81F, 0xF81F, 0x1003, 0x0000,
    0x0000, 0x0000, 0x0000, 0x0000, 0x0000, 0x0000, 0x0000, 0x0000, 0x0000, 0x0861, 0x63CC, 0x7CAF,
    0x7C8E, 0x7C8F, 0x7C8F, 0x7C8E, 0x748E, 0x748E, 0x6C4D, 0x536A, 0x3246, 0x0020, 0x31E6, 0x532A,
    0x4AE9, 0x4AE9, 0x42A8, 0x3A67, 0x0881, 0x10C2, 0x63EC, 0x748E, 0x746E, 0x746E, 0x746E, 0x746D,
    0x746D, 0x746D, 0x746D, 0x746D, 0x6C4D, 0x534A, 0x534A, 0x534A, 0x534A, 0x534A, 0x532A, 0x532A,
    0x532A, 0x534A, 0x536A, 0x5B6A, 0x5B6A, 0x5BAB, 0x3226, 0x1943, 0x2164, 0x2164, 0x2164, 0x0020,
    0x0000, 0x42A8, 0x5BAB, 0x5B6A, 0x5BAB, 0x6C2D, 0x6C2D, 0x744E, 0x744E, 0x746E, 0x852F, 0x5349,
    0xF81F, 0xF81F, 0xF81F, 0xF81F, 0xF81F, 0xF81F, 0xF81F, 0xF81F, 0xF81F, 0xF81F, 0xF81F, 0xF81F,
    0xF81F, 0xF81F, 0xF81F, 0xF81F, 0xF81F, 0xF81F, 0xF81F, 0xF81F, 0xF81F, 0x0000, 0x4B09, 0x8570,
    0x74AE, 0x7CAF, 0x7CAF, 0x7CCF, 0x7CCF, 0x8D71, 0x3A67, 0x0000, 0x4287, 0x74AE, 0x746E, 0x7C8E,
    0x7C8E, 0x7C8E, 0x7C8E, 0x748E, 0x7CCE, 0x6C2D, 0x4B29, 0x3AA8, 0x0000, 0x10C2, 0x4AE9, 0x4AC9,
    0x5309, 0x534A, 0x10C2, 0x0000, 0x3205, 0x748D, 0x6C4D, 0x746D, 0x746E, 0x746D, 0x746D, 0x746D,
    0x746D, 0x748E, 0x6C4D, 0x534A, 0x534A, 0x534A, 0x534A, 0x534A, 0x534A, 0x534A, 0x534A, 0x5B8A,
    0x5B8B, 0x5BAA, 0x2164, 0x1923, 0x1923, 0x2164, 0x18A3, 0xF81F, 0xF81F, 0xF81F, 0xF81F, 0x0000,
    0x0000, 0x42C8, 0x5BCB, 0x5B8B, 0x63CB, 0x640C, 0x6C2D, 0x6C2D, 0x744E, 0x744E, 0x7CAE, 0x5B8A,
    0x0000, 0xF81F, 0xF81F, 0xF81F, 0xF81F, 0xF81F, 0xF81F, 0xF81F, 0xF81F, 0xF81F, 0xF81F, 0xF81F,
    0xF81F, 0xF81F, 0xF81F, 0xF81F, 0xF81F, 0xF81F, 0xF81F, 0xF81F, 0xF81F, 0xF81F, 0x2985, 0x3266,
    0x642C, 0x6C6D, 0x6C2D, 0x6C2D, 0x6C2D, 0x6C4D, 0x5BCB, 0x534A, 0x744D, 0x7CCF, 0x748E, 0x748E,
    0x748E, 0x748E, 0x7C8E, 0x748E, 0x6C4D, 0x642C, 0x1964, 0x0040, 0x3226, 0x4268, 0x4AC9, 0x4AC9,
    0x2184, 0x1944, 0x1923, 0x4B09, 0x5B8A, 0x748E, 0x748E, 0x746D, 0x746D, 0x746D, 0x746D, 0x6C4D,
    0x5B8B, 0x5B8B, 0x5B8B, 0x534A, 0x534A, 0x534A, 0x534A, 0x534A, 0x534A, 0x534A, 0x5349, 0x3226,
    0x3226, 0x3246, 0x0020, 0x0000, 0x0801, 0x0000, 0xF81F, 0xF81F, 0xF81F, 0xF81F, 0xF81F, 0xF81F,
    0xF81F, 0x29A5, 0x3A66, 0x5B8A, 0x63CB, 0x640C, 0x6C2D, 0x6C2D, 0x744E, 0x744E, 0x7CAE, 0x5B8B,
    0x0000, 0xF81F, 0xF81F, 0xF81F, 0xF81F, 0xF81F, 0xF81F, 0xF81F, 0xF81F, 0xF81F, 0xF81F, 0xF81F,
    0xF81F, 0xF81F, 0xF81F, 0xF81F, 0xF81F, 0xF81F, 0xF81F, 0xF81F, 0xF81F, 0xF81F, 0xF81F, 0x0000,
    0x3267, 0x42E8, 0x4B29, 0x4B29, 0x4B29, 0x4B09, 0x5BCB, 0x748D, 0x6C4D, 0x6C4D, 0x748E, 0x748E,
    0x748E, 0x748E, 0x7CAE, 0x746E, 0x3A87, 0x3A67, 0x08A2, 0x10C2, 0x4288, 0x4AC9, 0x4AE9, 0x42C8,
    0x0000, 0x0861, 0x31E5, 0x7CAE, 0x744D, 0x744D, 0x6C2D, 0x536B, 0x5B6A, 0x536A, 0x536A, 0x536A,
    0x4B29, 0x532A, 0x532A, 0x532A, 0x532A, 0x532A, 0x534A, 0x4B29, 0x4B09, 0x4B29, 0x4B09, 0x0000,
    0x0000, 0x0000, 0x0001, 0xF81F, 0xF81F, 0xF81F, 0xF81F, 0xF81F, 0xF81F, 0xF81F, 0xF81F, 0xF81F,
    0xF81F, 0x0001, 0x0800, 0x538A, 0x640B, 0x640C, 0x6C0D, 0x6C2D, 0x744D, 0x744D, 0x7CAE, 0x5BAA,
    0x0000, 0xF81F, 0xF81F, 0xF81F, 0xF81F, 0xF81F, 0xF81F, 0xF81F, 0xF81F, 0xF81F, 0xF81F, 0xF81F,
    0xF81F, 0xF81F, 0xF81F, 0xF81F, 0xF81F, 0xF81F, 0xF81F, 0xF81F, 0xF81F, 0xF81F, 0xF81F, 0xF81F,
    0x0000, 0x1102, 0x53AA, 0x538A, 0x534A, 0x534A, 0x4B29, 0x4B09, 0x4B2A, 0x534A, 0x5BAB, 0x5BAC,
    0x5BAB, 0x5BAB, 0x640C, 0x642C, 0x0881, 0x0000, 0x10E2, 0x4AC9, 0x4AA9, 0x532A, 0x1103, 0x0020,
    0x10C2, 0x5349, 0x534A, 0x532A, 0x534A, 0x534A, 0x534A, 0x534A, 0x534A, 0x536A, 0x538A, 0x538A,
    0x538A, 0x534A, 0x5329, 0x534A, 0x536A, 0x5B6A, 0x63CB, 0x2164, 0x0020, 0x0040, 0x0040, 0xF81F,
    0xF81F, 0xF81F, 0xF81F, 0xF81F, 0xF81F, 0xF81F, 0xF81F, 0xF81F, 0xF81F, 0xF81F, 0xF81F, 0xF81F,
    0xF81F, 0xF81F, 0xF81F, 0x1102, 0x21A4, 0x640C, 0x6C2D, 0x6C2D, 0x6C2D, 0x744D, 0x7CAE, 0x538A,
    0x0000, 0x0000, 0xF81F, 0xF81F, 0xF81F, 0xF81F, 0xF81F, 0xF81F, 0xF81F, 0xF81F, 0xF81F, 0xF81F,
    0xF81F, 0xF81F, 0xF81F, 0xF81F, 0xF81F, 0xF81F, 0xF81F, 0xF81F, 0xF81F, 0xF81F, 0xF81F, 0xF81F,
    0xF81F, 0x28C5, 0x1943, 0x1963, 0x4B09, 0x538A, 0x536A, 0x536A, 0x534A, 0x534A, 0x532A, 0x534A,
    0x534A, 0x5B8B, 0x3206, 0x2184, 0x0040, 0x29C5, 0x4288, 0x4AC9, 0x3A68, 0x2164, 0x1903, 0x29C5,
    0x4B09, 0x532A, 0x532A, 0x534A, 0x534A, 0x534A, 0x534A, 0x5B6A, 0x536A, 0x2184, 0x1943, 0x1943,
    0x2164, 0x42C8, 0x5BAA, 0x42C8, 0x2164, 0x2184, 0x21A4, 0x20E5, 0xF81F, 0xF81F, 0xF81F, 0xF81F,
    0xF81F, 0xF81F, 0xF81F, 0xF81F, 0xF81F, 0xF81F, 0xF81F, 0xF81F, 0xF81F, 0xF81F, 0xF81F, 0xF81F,
    0xF81F, 0xF81F, 0xF81F, 0xF81F, 0x1883, 0x53AA, 0x5BCB, 0x6C2C, 0x6C2D, 0x6C4D, 0x748E, 0x63CC,
    0x31C6, 0x21A4, 0xF81F, 0xF81F, 0xF81F, 0xF81F, 0xF81F, 0xF81F, 0xF81F, 0xF81F, 0xF81F, 0xF81F,
    0xF81F, 0xF81F, 0xF81F, 0xF81F, 0xF81F, 0xF81F, 0xF81F, 0xF81F, 0xF81F, 0xF81F, 0xF81F, 0xF81F,
    0xF81F, 0xF81F, 0x0000, 0x0000, 0x3206, 0x3AA7, 0x3A87, 0x3A87, 0x4B29, 0x534A, 0x534A, 0x536A,
    0x534A, 0x42C8, 0x10A2, 0x0020, 0x18E3, 0x3A47, 0x3206, 0x3A27, 0x1944, 0x0000, 0x3A67, 0x5B8B,
    0x532A, 0x532A, 0x532A, 0x534A, 0x534A, 0x534A, 0x534A, 0x4B09, 0x4308, 0x18E3, 0x10A2, 0x10C2,
    0x0000, 0x2164, 0x3A87, 0x1963, 0x0000, 0x0801, 0x0000, 0xF81F, 0xF81F, 0xF81F, 0xF81F, 0xF81F,
    0xF81F, 0xF81F, 0xF81F, 0xF81F, 0xF81F, 0xF81F, 0xF81F, 0xF81F, 0xF81F, 0xF81F, 0xF81F, 0xF81F,
    0xF81F, 0xF81F, 0xF81F, 0xF81F, 0xF81F, 0x0861, 0x1902, 0x640C, 0x744D, 0x744D, 0x744E, 0x746E,
    0x84CF, 0x74AE, 0x0881, 0x0801, 0xF81F, 0xF81F, 0xF81F, 0xF81F, 0xF81F, 0xF81F, 0xF81F, 0xF81F,
    0xF81F, 0xF81F, 0xF81F, 0xF81F, 0xF81F, 0xF81F, 0xF81F, 0xF81F, 0xF81F, 0xF81F, 0xF81F, 0xF81F,
    0xF81F, 0xF81F, 0xF81F, 0xF81F, 0x0000, 0x0000, 0x0000, 0x0000, 0x42C8, 0x534A, 0x534A, 0x5B6A,
    0x42C8, 0x0000, 0x2985, 0x4AA9, 0x4AC9, 0x29C6, 0x0000, 0x0000, 0x0000, 0x0000, 0x3A67, 0x532A,
    0x532A, 0x532A, 0x532A, 0x5329, 0x4B29, 0x534A, 0x4B29, 0x3246, 0x3226, 0x6C0C, 0x7CAF, 0x7CEF,
    0x1923, 0x0000, 0x0000, 0x1002, 0xF81F, 0xF81F, 0xF81F, 0xF81F, 0xF81F, 0xF81F, 0xF81F, 0xF81F,
    0xF81F, 0xF81F, 0xF81F, 0xF81F, 0xF81F, 0xF81F, 0xF81F, 0xF81F, 0xF81F, 0xF81F, 0xF81F, 0xF81F,
    0xF81F, 0xF81F, 0xF81F, 0xF81F, 0xF81F, 0x0801, 0x1062, 0x53AA, 0x640C, 0x6C2D, 0x6C2D, 0x742D,
    0x744E, 0x744D, 0x0861, 0x0000, 0xF81F, 0xF81F, 0xF81F, 0xF81F, 0xF81F, 0xF81F, 0xF81F, 0xF81F,
    0xF81F, 0xF81F, 0xF81F, 0xF81F, 0xF81F, 0xF81F, 0xF81F, 0xF81F, 0xF81F, 0xF81F, 0xF81F, 0xF81F,
    0xF81F, 0xF81F, 0xF81F, 0xF81F, 0xF81F, 0xF81F, 0xF81F, 0xF81F, 0x1082, 0x0881, 0x0881, 0x0881,
    0x0861, 0x0000, 0x0020, 0x0840, 0x0040, 0x0861, 0x3A67, 0x42A8, 0x4288, 0x42A8, 0x5309, 0x532A,
    0x534A, 0x536A, 0x5BAB, 0x3226, 0x0861, 0x42C8, 0x538A, 0x63EC, 0x6C0C, 0x742D, 0x744E, 0x746E,
    0x6C2D, 0x29E5, 0x1022, 0xF81F, 0xF81F, 0xF81F, 0xF81F, 0xF81F, 0xF81F, 0xF81F, 0xF81F, 0xF81F,
    0xF81F, 0xF81F, 0xF81F, 0xF81F, 0xF81F, 0xF81F, 0xF81F, 0xF81F, 0xF81F, 0xF81F, 0xF81F, 0xF81F,
    0xF81F, 0xF81F, 0xF81F, 0xF81F, 0xF81F, 0xF81F, 0xF81F, 0x0040, 0x10A1, 0x5349, 0x5B6B, 0x6C0D,
    0x84CF, 0x7CAF, 0x0881, 0x0000, 0xF81F, 0xF81F, 0xF81F, 0xF81F, 0xF81F, 0xF81F, 0xF81F, 0xF81F,
    0xF81F, 0xF81F, 0xF81F, 0xF81F, 0xF81F, 0xF81F, 0xF81F, 0xF81F, 0xF81F, 0xF81F, 0xF81F, 0xF81F,
    0xF81F, 0xF81F, 0xF81F, 0xF81F, 0xF81F, 0xF81F, 0xF81F, 0xF81F, 0xF81F, 0xF81F, 0xF81F, 0xF81F,
    0xF81F, 0x1803, 0x18C3, 0x1944, 0x1944, 0x2164, 0x42C9, 0x4AE9, 0x4AE9, 0x4AE9, 0x4AC9, 0x4B09,
    0x3A87, 0x1923, 0x1964, 0x08A1, 0x0000, 0x42C7, 0x640C, 0x746E, 0x748E, 0x7C8E, 0x7CAF, 0x7CAE,
    0x8D71, 0x3A87, 0x0000, 0x0821, 0xF81F, 0xF81F, 0xF81F, 0xF81F, 0xF81F, 0xF81F, 0xF81F, 0xF81F,
    0xF81F, 0xF81F, 0xF81F, 0xF81F, 0xF81F, 0xF81F, 0xF81F, 0xF81F, 0xF81F, 0xF81F, 0xF81F, 0xF81F,
    0xF81F, 0xF81F, 0xF81F, 0xF81F, 0xF81F, 0xF81F, 0xF81F, 0xF81F, 0xF81F, 0x4228, 0x29C5, 0x3226,
    0x4288, 0x3A88, 0x0040, 0x0001, 0xF81F, 0xF81F, 0xF81F, 0xF81F, 0xF81F, 0xF81F, 0xF81F, 0xF81F,
    0xF81F, 0xF81F, 0xF81F, 0xF81F, 0xF81F, 0xF81F, 0xF81F, 0xF81F, 0xF81F, 0xF81F, 0xF81F, 0xF81F,
    0xF81F, 0xF81F, 0xF81F, 0xF81F, 0xF81F, 0xF81F, 0xF81F, 0xF81F, 0xF81F, 0xF81F, 0xF81F, 0xF81F,
    0xF81F, 0xF81F, 0xF81F, 0x0861, 0x0861, 0x0841, 0x0020, 0x0020, 0x0020, 0x0020, 0x0020, 0x0040,
    0x0841, 0x0801, 0x0801, 0x0801, 0x1022, 0x3206, 0x42E8, 0x4B09, 0x4B29, 0x532A, 0x532A, 0x534A,
    0x5BAB, 0x29A5, 0x0000, 0x1023, 0xF81F, 0xF81F, 0xF81F, 0xF81F, 0xF81F, 0xF81F, 0xF81F, 0xF81F,
    0xF81F, 0xF81F, 0xF81F, 0xF81F, 0xF81F, 0xF81F, 0xF81F, 0xF81F, 0xF81F, 0xF81F, 0xF81F, 0xF81F,
    0xF81F, 0xF81F, 0xF81F, 0xF81F, 0xF81F, 0xF81F, 0xF81F, 0xF81F, 0xF81F, 0xF81F, 0x0000, 0x0000,
    0x0000, 0x0000, 0x0000, 0x0802, 0xF81F, 0xF81F, 0xF81F, 0xF81F, 0xF81F, 0xF81F, 0xF81F, 0xF81F,
    0xF81F, 0xF81F, 0xF81F, 0xF81F, 0xF81F, 0xF81F, 0xF81F, 0xF81F, 0xF81F, 0xF81F, 0xF81F, 0xF81F,
    0xF81F, 0xF81F, 0xF81F, 0xF81F, 0xF81F, 0xF81F, 0xF81F, 0xF81F, 0xF81F, 0xF81F, 0xF81F, 0xF81F,
    0xF81F, 0xF81F, 0xF81F, 0xF81F, 0xF81F, 0xF81F, 0xF81F, 0xF81F, 0xF81F, 0xF81F, 0xF81F, 0xF81F,
    0xF81F, 0xF81F, 0xF81F, 0xF81F, 0xF81F, 0x1002, 0x0000, 0x0000, 0x0000, 0x0000, 0x0000, 0x0000,
    0x0000, 0x0000, 0x0000, 0x1002, 0xF81F, 0xF81F, 0xF81F, 0xF81F, 0xF81F, 0xF81F, 0xF81F, 0xF81F,
    0xF81F, 0xF81F, 0xF81F, 0xF81F, 0xF81F, 0xF81F, 0xF81F, 0xF81F, 0xF81F, 0xF81F, 0xF81F, 0xF81F,
    0xF81F, 0xF81F, 0xF81F, 0xF81F, 0xF81F, 0xF81F, 0xF81F, 0xF81F, 0xF81F, 0xF81F, 0xF81F, 0xF81F,
    0xF81F, 0xF81F, 0xF81F, 0xF81F, 0xF81F, 0xF81F, 0xF81F, 0xF81F, 0xF81F, 0xF81F, 0xF81F, 0xF81F,
    0xF81F, 0xF81F, 0xF81F, 0xF81F, 0xF81F, 0xF81F, 0xF81F, 0xF81F, 0xF81F, 0xF81F, 0xF81F, 0xF81F,
    0xF81F, 0xF81F, 0xF81F, 0xF81F, 0xF81F, 0xF81F, 0xF81F, 0xF81F, 0xF81F, 0xF81F, 0xF81F, 0xF81F,
    0xF81F, 0xF81F, 0xF81F, 0xF81F, 0xF81F, 0xF81F, 0xF81F, 0xF81F, 0xF81F, 0xF81F, 0xF81F, 0xF81F,
    0xF81F, 0xF81F, 0xF81F, 0xF81F, 0xF81F, 0xF81F, 0xF81F, 0xF81F, 0xF81F, 0xF81F, 0xF81F, 0xF81F,
    0xF81F, 0xF81F, 0xF81F, 0xF81F, 0xF81F, 0xF81F, 0xF81F, 0xF81F, 0xF81F, 0xF81F, 0xF81F, 0xF81F,
    0xF81F, 0xF81F, 0xF81F, 0xF81F, 0xF81F, 0xF81F, 0xF81F, 0xF81F, 0xF81F, 0xF81F, 0xF81F, 0xF81F,
    0xF81F, 0xF81F, 0xF81F, 0xF81F, 0xF81F, 0xF81F, 0xF81F, 0xF81F, 0xF81F, 0xF81F, 0xF81F, 0xF81F,
    0xF81F, 0xF81F, 0xF81F, 0xF81F, 0xF81F, 0xF81F, 0xF81F, 0xF81F, 0xF81F, 0xF81F, 0xF81F, 0xF81F,
    0xF81F, 0xF81F, 0xF81F, 0xF81F, 0xF81F, 0xF81F, 0xF81F, 0xF81F, 0xF81F, 0xF81F, 0xF81F, 0xF81F,
    0xF81F, 0xF81F, 0xF81F, 0xF81F, 0xF81F, 0xF81F, 0xF81F, 0xF81F, 0xF81F, 0xF81F, 0xF81F, 0xF81F,
    0xF81F, 0xF81F, 0xF81F, 0xF81F, 0xF81F, 0xF81F, 0xF81F, 0xF81F, 0xF81F, 0xF81F, 0xF81F, 0xF81F,
    0xF81F, 0xF81F, 0xF81F, 0xF81F, 0xF81F, 0xF81F, 0xF81F, 0xF81F, 0xF81F, 0xF81F, 0xF81F, 0xF81F,
    0xF81F, 0xF81F, 0xF81F, 0xF81F, 0xF81F, 0xF81F, 0xF81F, 0xF81F, 0xF81F, 0xF81F, 0xF81F, 0xF81F,
    0xF81F, 0xF81F, 0xF81F, 0xF81F, 0xF81F, 0xF81F, 0xF81F, 0xF81F, 0xF81F, 0xF81F, 0xF81F, 0xF81F,
    0xF81F, 0xF81F, 0xF81F, 0xF81F, 0xF81F, 0xF81F, 0xF81F, 0xF81F, 0xF81F, 0xF81F, 0xF81F, 0xF81F,
    0xF81F, 0xF81F, 0xF81F, 0xF81F, 0xF81F, 0xF81F, 0xF81F, 0xF81F, 0xF81F, 0xF81F, 0xF81F, 0xF81F,
    0xF81F, 0xF81F, 0xF81F, 0xF81F, 0xF81F, 0xF81F, 0xF81F, 0xF81F, 0xF81F, 0xF81F, 0xF81F, 0xF81F,
    0xF81F, 0xF81F, 0xF81F, 0xF81F, 0xF81F, 0xF81F, 0xF81F, 0xF81F, 0xF81F, 0xF81F, 0xF81F, 0xF81F,
    0xF81F, 0xF81F, 0xF81F, 0xF81F, 0xF81F, 0xF81F, 0xF81F, 0xF81F, 0xF81F, 0xF81F, 0xF81F, 0xF81F,
    0xF81F, 0xF81F, 0xF81F, 0xF81F, 0xF81F, 0xF81F, 0xF81F, 0xF81F, 0xF81F, 0xF81F, 0xF81F, 0xF81F,
    0xF81F, 0xF81F, 0xF81F, 0xF81F, 0xF81F, 0xF81F, 0xF81F, 0xF81F, 0xF81F, 0xF81F, 0xF81F, 0xF81F,
    0xF81F, 0xF81F, 0xF81F, 0xF81F, 0xF81F, 0xF81F, 0xF81F, 0xF81F, 0xF81F, 0xF81F, 0xF81F, 0xF81F,
    0xF81F, 0xF81F, 0xF81F, 0xF81F, 0xF81F, 0xF81F, 0xF81F, 0xF81F, 0xF81F, 0xF81F, 0xF81F, 0xF81F,
    0xF81F, 0xF81F, 0xF81F, 0xF81F, 0xF81F, 0xF81F, 0xF81F, 0xF81F, 0xF81F, 0xF81F, 0xF81F, 0xF81F,
    0xF81F, 0xF81F, 0xF81F, 0xF81F, 0xF81F, 0xF81F, 0xF81F, 0xF81F, 0xF81F, 0xF81F, 0xF81F, 0xF81F,
    0xF81F, 0xF81F, 0xF81F, 0xF81F, 0xF81F, 0xF81F, 0xF81F, 0xF81F, 0xF81F, 0xF81F, 0xF81F, 0xF81F,
    0xF81F, 0xF81F, 0xF81F, 0xF81F, 0xF81F, 0xF81F, 0xF81F, 0xF81F, 0xF81F, 0xF81F, 0xF81F, 0xF81F,
    0xF81F, 0xF81F, 0xF81F, 0xF81F, 0xF81F, 0xF81F, 0xF81F, 0xF81F, 0xF81F, 0xF81F, 0xF81F, 0xF81F,
    0xF81F, 0xF81F, 0xF81F, 0xF81F, 0xF81F, 0xF81F, 0xF81F, 0xF81F, 0xF81F, 0xF81F, 0xF81F, 0xF81F,
    0xF81F, 0xF81F, 0xF81F, 0xF81F, 0xF81F, 0xF81F, 0xF81F, 0xF81F, 0xF81F, 0xF81F, 0xF81F, 0xF81F,
    0xF81F, 0xF81F, 0xF81F, 0xF81F, 0xF81F, 0xF81F, 0xF81F, 0xF81F, 0xF81F, 0xF81F, 0xF81F, 0xF81F,
    0xF81F, 0xF81F, 0xF81F, 0xF81F, 0xF81F, 0xF81F, 0xF81F, 0xF81F, 0xF81F, 0xF81F, 0xF81F, 0xF81F,
    0xF81F, 0xF81F, 0xF81F, 0xF81F, 0xF81F, 0xF81F, 0xF81F, 0xF81F, 0xF81F, 0xF81F, 0xF81F, 0xF81F,
    0xF81F, 0xF81F, 0xF81F, 0xF81F, 0xF81F, 0xF81F, 0xF81F, 0xF81F, 0xF81F, 0xF81F, 0xF81F, 0xF81F,
    0xF81F, 0xF81F, 0xF81F, 0xF81F, 0xF81F, 0xF81F, 0xF81F, 0xF81F, 0xF81F, 0xF81F, 0xF81F, 0xF81F,
    0xF81F, 0xF81F, 0xF81F, 0xF81F, 0xF81F, 0xF81F, 0xF81F, 0xF81F, 0xF81F, 0xF81F, 0xF81F, 0xF81F,
    0xF81F, 0xF81F, 0xF81F, 0xF81F, 0xF81F, 0xF81F, 0xF81F, 0xF81F, 0xF81F, 0xF81F, 0xF81F, 0xF81F,
    0xF81F, 0xF81F, 0xF81F, 0xF81F, 0xF81F, 0xF81F, 0xF81F, 0xF81F, 0xF81F, 0xF81F, 0xF81F, 0xF81F,
    0xF81F, 0xF81F, 0xF81F, 0xF81F, 0xF81F, 0xF81F, 0xF81F, 0xF81F, 0xF81F, 0xF81F, 0xF81F, 0xF81F,
    0xF81F, 0xF81F, 0xF81F, 0xF81F, 0xF81F, 0xF81F, 0xF81F, 0xF81F, 0xF81F, 0xF81F, 0xF81F, 0xF81F,
    0xF81F, 0xF81F, 0xF81F, 0xF81F, 0xF81F, 0xF81F, 0xF81F, 0xF81F, 0xF81F, 0xF81F, 0xF81F, 0xF81F,
    0xF81F, 0xF81F, 0xF81F, 0xF81F, 0xF81F, 0xF81F, 0xF81F, 0xF81F, 0xF81F, 0xF81F, 0xF81F, 0xF81F,
    0xF81F, 0xF81F, 0xF81F, 0xF81F, 0xF81F, 0xF81F, 0xF81F, 0xF81F, 0xF81F, 0xF81F, 0xF81F, 0xF81F,
    0xF81F, 0xF81F, 0xF81F, 0xF81F, 0xF81F, 0xF81F, 0xF81F, 0xF81F, 0xF81F, 0xF81F, 0xF81F, 0xF81F,
    0xF81F, 0xF81F, 0xF81F, 0xF81F, 0xF81F, 0xF81F, 0xF81F, 0xF81F, 0xF81F, 0xF81F, 0xF81F, 0xF81F,
    0xF81F, 0xF81F, 0xF81F, 0xF81F, 0xF81F, 0xF81F, 0xF81F, 0xF81F, 0xF81F, 0xF81F, 0xF81F, 0xF81F,
    0xF81F, 0xF81F, 0xF81F, 0xF81F, 0xF81F, 0xF81F, 0xF81F, 0xF81F, 0xF81F, 0xF81F, 0xF81F, 0xF81F,
    0xF81F, 0xF81F, 0xF81F, 0xF81F, 0xF81F, 0xF81F, 0xF81F, 0xF81F, 0xF81F, 0xF81F, 0xF81F, 0xF81F,
    0xF81F, 0xF81F, 0xF81F, 0xF81F, 0xF81F, 0xF81F, 0xF81F, 0xF81F, 0xF81F, 0xF81F, 0xF81F, 0xF81F,
    0xF81F, 0xF81F, 0xF81F, 0xF81F, 0xF81F, 0xF81F, 0xF81F, 0xF81F, 0xF81F, 0xF81F, 0xF81F, 0xF81F,
    0xF81F, 0xF81F, 0xF81F, 0xF81F, 0xF81F, 0xF81F, 0xF81F, 0xF81F, 0xF81F, 0xF81F, 0xF81F, 0xF81F,
    0xF81F, 0xF81F, 0xF81F, 0xF81F, 0xF81F, 0xF81F, 0xF81F, 0xF81F, 0xF81F, 0xF81F, 0xF81F, 0xF81F,
    0xF81F, 0xF81F, 0xF81F, 0xF81F, 0xF81F, 0xF81F, 0xF81F, 0xF81F, 0xF81F, 0xF81F, 0xF81F, 0xF81F,
    0xF81F, 0xF81F, 0xF81F, 0xF81F, 0xF81F, 0xF81F, 0xF81F, 0xF81F, 0xF81F, 0xF81F, 0xF81F, 0xF81F,
    0xF81F, 0xF81F, 0xF81F, 0xF81F, 0xF81F, 0xF81F, 0xF81F, 0xF81F, 0xF81F, 0xF81F, 0xF81F, 0xF81F,
    0xF81F, 0xF81F, 0xF81F, 0xF81F, 0xF81F, 0xF81F, 0xF81F, 0xF81F, 0xF81F, 0xF81F, 0xF81F, 0xF81F,
    0xF81F, 0xF81F, 0xF81F, 0xF81F, 0xF81F, 0xF81F, 0xF81F, 0xF81F, 0xF81F, 0xF81F, 0xF81F, 0xF81F,
    0xF81F, 0xF81F, 0xF81F, 0xF81F, 0xF81F, 0xF81F, 0xF81F, 0xF81F, 0xF81F, 0xF81F, 0xF81F, 0xF81F,
    0xF81F, 0xF81F, 0xF81F, 0xF81F, 0xF81F, 0xF81F, 0xF81F, 0xF81F, 0xF81F, 0xF81F, 0xF81F, 0xF81F,
    0xF81F, 0xF81F, 0xF81F, 0xF81F, 0xF81F, 0xF81F, 0xF81F, 0xF81F, 0xF81F, 0xF81F, 0xF81F, 0xF81F,
    0xF81F, 0xF81F, 0xF81F, 0xF81F, 0xF81F, 0xF81F, 0xF81F, 0xF81F, 0xF81F, 0xF81F, 0xF81F, 0xF81F,
    0xF81F, 0xF81F, 0xF81F, 0xF81F, 0xF81F, 0xF81F, 0xF81F, 0xF81F, 0xF81F, 0xF81F, 0xF81F, 0xF81F,
    0xF81F, 0xF81F, 0xF81F, 0xF81F, 0xF81F, 0xF81F, 0xF81F, 0xF81F, 0xF81F, 0xF81F, 0xF81F, 0xF81F,
    0xF81F, 0xF81F, 0xF81F, 0xF81F, 0xF81F, 0xF81F, 0xF81F, 0xF81F, 0xF81F, 0xF81F, 0xF81F, 0xF81F,
    0xF81F, 0xF81F, 0xF81F, 0xF81F, 0xF81F, 0xF81F, 0xF81F, 0xF81F, 0xF81F, 0xF81F, 0xF81F, 0xF81F,
    0xF81F, 0xF81F, 0xF81F, 0xF81F, 0xF81F, 0xF81F, 0xF81F, 0xF81F, 0xF81F, 0xF81F, 0xF81F, 0xF81F,
    0xF81F, 0xF81F, 0xF81F, 0xF81F, 0xF81F, 0xF81F, 0xF81F, 0xF81F, 0xF81F, 0xF81F, 0xF81F, 0xF81F,
    0xF81F, 0xF81F, 0xF81F, 0xF81F, 0xF81F, 0xF81F, 0xF81F, 0xF81F, 0xF81F, 0xF81F, 0xF81F, 0xF81F,
    0xF81F, 0xF81F, 0xF81F, 0xF81F, 0xF81F, 0xF81F, 0xF81F, 0xF81F, 0xF81F, 0xF81F, 0xF81F, 0xF81F,
    0xF81F, 0xF81F, 0xF81F, 0xF81F, 0xF81F, 0xF81F, 0xF81F, 0xF81F, 0xF81F, 0xF81F, 0xF81F, 0xF81F,
    0xF81F, 0xF81F, 0xF81F, 0xF81F, 0xF81F, 0xF81F, 0xF81F, 0xF81F, 0xF81F, 0xF81F, 0xF81F, 0xF81F,
    0xF81F, 0xF81F, 0xF81F, 0xF81F, 0xF81F, 0xF81F, 0xF81F, 0xF81F, 0xF81F, 0xF81F, 0xF81F, 0xF81F,
    0xF81F, 0xF81F, 0xF81F, 0xF81F, 0xF81F, 0xF81F, 0xF81F, 0xF81F, 0xF81F, 0xF81F, 0xF81F, 0xF81F,
    0xF81F, 0xF81F, 0xF81F, 0xF81F, 0xF81F, 0xF81F, 0xF81F, 0xF81F, 0xF81F, 0xF81F, 0xF81F, 0xF81F,
    0xF81F, 0xF81F, 0xF81F, 0xF81F, 0xF81F, 0xF81F, 0xF81F, 0xF81F, 0xF81F, 0xF81F, 0xF81F, 0xF81F,
    0xF81F, 0xF81F, 0xF81F, 0xF81F, 0xF81F, 0xF81F, 0xF81F, 0xF81F, 0xF81F, 0xF81F, 0xF81F, 0xF81F,
    0xF81F, 0xF81F, 0xF81F, 0xF81F, 0xF81F, 0xF81F, 0xF81F, 0xF81F, 0xF81F, 0xF81F, 0xF81F, 0xF81F,
    0xF81F, 0xF81F, 0xF81F, 0xF81F, 0xF81F, 0xF81F, 0xF81F, 0xF81F, 0xF81F, 0xF81F, 0xF81F, 0xF81F,
    0xF81F, 0xF81F, 0xF81F, 0xF81F, 0xF81F, 0xF81F, 0xF81F, 0xF81F, 0xF81F, 0xF81F, 0xF81F, 0xF81F,
    0xF81F, 0xF81F, 0xF81F, 0xF81F, 0xF81F, 0xF81F, 0xF81F, 0xF81F, 0xF81F, 0xF81F, 0xF81F, 0xF81F,
    0xF81F, 0xF81F, 0xF81F, 0xF81F, 0xF81F, 0xF81F, 0xF81F, 0xF81F, 0xF81F, 0xF81F, 0xF81F, 0xF81F,
    0xF81F, 0xF81F, 0xF81F, 0xF81F, 0xF81F, 0xF81F, 0xF81F, 0xF81F, 0xF81F, 0xF81F, 0xF81F, 0xF81F,
    0xF81F, 0xF81F, 0xF81F, 0xF81F, 0xF81F, 0xF81F, 0xF81F, 0xF81F, 0xF81F, 0xF81F, 0xF81F, 0xF81F,
    0xF81F, 0xF81F, 0xF81F, 0xF81F, 0xF81F, 0xF81F, 0xF81F, 0xF81F, 0xF81F, 0xF81F, 0xF81F, 0xF81F,
    0xF81F, 0xF81F, 0xF81F, 0xF81F, 0xF81F, 0xF81F, 0xF81F, 0xF81F, 0xF81F, 0xF81F, 0xF81F, 0xF81F,
    0xF81F, 0xF81F, 0xF81F, 0xF81F, 0xF81F, 0xF81F, 0xF81F, 0xF81F, 0xF81F, 0xF81F, 0xF81F, 0xF81F,
    0xF81F, 0xF81F, 0xF81F, 0xF81F, 0xF81F, 0xF81F, 0xF81F, 0xF81F, 0xF81F, 0xF81F, 0xF81F, 0xF81F,
    0xF81F, 0xF81F, 0xF81F, 0xF81F, 0xF81F, 0xF81F, 0xF81F, 0xF81F, 0xF81F, 0xF81F, 0xF81F, 0xF81F,
    0xF81F, 0xF81F, 0xF81F, 0xF81F, 0xF81F, 0xF81F, 0xF81F, 0xF81F, 0xF81F, 0xF81F, 0xF81F, 0xF81F,
    0xF81F, 0xF81F, 0xF81F, 0xF81F, 0xF81F, 0xF81F, 0xF81F, 0xF81F, 0xF81F, 0xF81F, 0xF81F, 0xF81F,
    0xF81F, 0xF81F, 0xF81F, 0xF81F, 0xF81F, 0xF81F, 0xF81F, 0xF81F, 0xF81F, 0xF81F, 0xF81F, 0xF81F,
    0xF81F, 0xF81F, 0xF81F, 0xF81F, 0xF81F, 0xF81F, 0xF81F, 0xF81F, 0xF81F, 0xF81F, 0xF81F, 0xF81F,
    0xF81F, 0xF81F, 0xF81F, 0xF81F, 0xF81F, 0xF81F, 0xF81F, 0xF81F, 0xF81F, 0xF81F, 0xF81F, 0xF81F,
    0xF81F, 0xF81F, 0xF81F, 0xF81F, 0xF81F, 0xF81F, 0xF81F, 0xF81F, 0xF81F, 0xF81F, 0xF81F, 0xF81F,
    0xF81F, 0xF81F, 0xF81F, 0xF81F, 0xF81F, 0xF81F, 0xF81F, 0xF81F, 0xF81F, 0xF81F, 0xF81F, 0xF81F,
    0xF81F, 0xF81F, 0xF81F, 0xF81F, 0xF81F, 0xF81F, 0xF81F, 0xF81F, 0xF81F, 0xF81F, 0xF81F, 0xF81F,
    0xF81F, 0xF81F, 0xF81F, 0xF81F, 0xF81F, 0xF81F, 0xF81F, 0xF81F, 0xF81F, 0xF81F, 0xF81F, 0xF81F,
    0xF81F, 0xF81F, 0xF81F, 0xF81F, 0xF81F, 0xF81F, 0xF81F, 0xF81F, 0xF81F, 0xF81F, 0xF81F, 0xF81F,
    0xF81F, 0xF81F, 0xF81F, 0xF81F, 0xF81F, 0xF81F, 0xF81F, 0xF81F, 0xF81F, 0xF81F, 0xF81F, 0xF81F,
    0xF81F, 0xF81F, 0xF81F, 0xF81F, 0xF81F, 0xF81F, 0xF81F, 0xF81F, 0xF81F, 0xF81F, 0xF81F, 0xF81F,
    0xF81F, 0xF81F, 0xF81F, 0xF81F, 0xF81F, 0xF81F, 0xF81F, 0xF81F, 0xF81F, 0xF81F, 0xF81F, 0xF81F,
    0xF81F, 0xF81F, 0xF81F, 0xF81F, 0xF81F, 0xF81F, 0xF81F, 0xF81F, 0xF81F, 0xF81F, 0xF81F, 0xF81F,
    0xF81F, 0xF81F, 0xF81F, 0xF81F, 0xF81F, 0xF81F, 0xF81F, 0xF81F, 0xF81F, 0xF81F, 0xF81F, 0xF81F,
    0xF81F, 0xF81F, 0xF81F, 0xF81F, 0xF81F, 0xF81F, 0xF81F, 0xF81F, 0xF81F, 0xF81F, 0xF81F, 0xF81F,
    0xF81F, 0xF81F, 0xF81F, 0xF81F, 0xF81F, 0xF81F, 0xF81F, 0xF81F, 0xF81F, 0xF81F, 0xF81F, 0xF81F,
    0xF81F, 0xF81F, 0xF81F, 0xF81F, 0xF81F, 0xF81F, 0xF81F, 0xF81F, 0xF81F, 0xF81F, 0xF81F, 0xF81F,
    0xF81F, 0xF81F, 0xF81F, 0xF81F, 0xF81F, 0xF81F, 0xF81F, 0xF81F, 0xF81F, 0xF81F, 0xF81F, 0xF81F,
    0xF81F, 0xF81F, 0xF81F, 0xF81F, 0xF81F, 0xF81F, 0xF81F, 0xF81F, 0xF81F, 0xF81F, 0xF81F, 0xF81F,
    0xF81F, 0xF81F, 0xF81F, 0xF81F, 0xF81F, 0xF81F, 0xF81F, 0xF81F, 0xF81F, 0xF81F, 0xF81F, 0xF81F,
    0xF81F, 0xF81F, 0xF81F, 0xF81F, 0xF81F, 0xF81F, 0xF81F, 0xF81F, 0xF81F, 0xF81F, 0xF81F, 0xF81F,
    0xF81F, 0xF81F, 0xF81F, 0xF81F, 0xF81F, 0xF81F, 0xF81F, 0xF81F, 0xF81F, 0xF81F, 0xF81F, 0xF81F,
    0xF81F, 0xF81F, 0xF81F, 0xF81F, 0xF81F, 0xF81F, 0xF81F, 0xF81F, 0xF81F, 0xF81F, 0xF81F, 0xF81F,
    0xF81F, 0xF81F, 0xF81F, 0xF81F, 0xF81F, 0xF81F, 0xF81F, 0xF81F, 0xF81F, 0xF81F, 0xF81F, 0xF81F,
    0xF81F, 0xF81F, 0xF81F, 0xF81F, 0xF81F, 0xF81F, 0xF81F, 0xF81F, 0xF81F, 0xF81F, 0xF81F, 0xF81F,
    0xF81F, 0xF81F, 0xF81F, 0xF81F, 0xF81F, 0xF81F, 0xF81F, 0xF81F, 0xF81F, 0xF81F, 0xF81F, 0xF81F,
    0xF81F, 0xF81F, 0xF81F, 0xF81F, 0xF81F, 0xF81F, 0xF81F, 0xF81F, 0xF81F, 0xF81F, 0xF81F, 0xF81F,
    0xF81F, 0xF81F, 0xF81F, 0xF81F, 0xF81F, 0xF81F, 0xF81F, 0xF81F, 0xF81F, 0xF81F, 0xF81F, 0xF81F,
    0xF81F, 0xF81F, 0xF81F, 0xF81F, 0xF81F, 0xF81F, 0xF81F, 0xF81F, 0xF81F, 0xF81F, 0xF81F, 0xF81F,
    0xF81F, 0xF81F, 0xF81F, 0xF81F, 0xF81F, 0xF81F, 0xF81F, 0xF81F, 0xF81F, 0xF81F, 0xF81F, 0xF81F,
    0xF81F, 0xF81F, 0xF81F, 0xF81F, 0xF81F, 0xF81F, 0xF81F, 0xF81F, 0xF81F, 0xF81F, 0xF81F, 0xF81F,
    0xF81F, 0xF81F, 0xF81F, 0xF81F, 0xF81F, 0xF81F, 0xF81F, 0xF81F, 0xF81F, 0xF81F, 0xF81F, 0xF81F,
    0xF81F, 0xF81F, 0xF81F, 0xF81F, 0xF81F, 0xF81F, 0xF81F, 0xF81F, 0xF81F, 0xF81F, 0xF81F, 0xF81F,
    0xF81F, 0xF81F, 0xF81F, 0xF81F, 0xF81F, 0xF81F, 0xF81F, 0xF81F, 0xF81F, 0xF81F, 0xF81F, 0xF81F,
    0xF81F, 0xF81F, 0xF81F, 0xF81F, 0xF81F, 0xF81F, 0xF81F, 0xF81F, 0xF81F, 0xF81F, 0xF81F, 0xF81F,
    0xF81F, 0xF81F, 0xF81F, 0xF81F, 0xF81F, 0xF81F, 0xF81F, 0xF81F, 0xF81F, 0xF81F, 0xF81F, 0xF81F,
    0xF81F, 0xF81F, 0xF81F, 0xF81F, 0xF81F, 0xF81F, 0xF81F, 0xF81F, 0xF81F, 0xF81F, 0xF81F, 0xF81F,
    0xF81F, 0xF81F, 0xF81F, 0xF81F, 0xF81F, 0xF81F, 0xF81F, 0xF81F, 0xF81F, 0xF81F, 0xF81F, 0xF81F,
    0xF81F, 0xF81F, 0xF81F, 0xF81F, 0xF81F, 0xF81F, 0xF81F, 0xF81F, 0xF81F, 0xF81F, 0xF81F, 0xF81F,
    0xF81F, 0xF81F, 0xF81F, 0xF81F, 0xF81F, 0xF81F, 0xF81F, 0xF81F, 0xF81F, 0xF81F, 0xF81F, 0xF81F,
    0xF81F, 0xF81F, 0xF81F, 0xF81F, 0xF81F, 0xF81F, 0xF81F, 0xF81F, 0xF81F, 0xF81F, 0xF81F, 0xF81F,
    0xF81F, 0xF81F, 0xF81F, 0xF81F, 0xF81F, 0xF81F, 0xF81F, 0xF81F, 0xF81F, 0xF81F, 0xF81F, 0xF81F,
    0xF81F, 0xF81F, 0xF81F, 0xF81F, 0xF81F, 0xF81F, 0xF81F, 0xF81F, 0xF81F, 0xF81F, 0xF81F, 0xF81F,
    0xF81F, 0xF81F, 0xF81F, 0xF81F, 0xF81F, 0xF81F, 0xF81F, 0xF81F, 0xF81F, 0xF81F, 0xF81F, 0xF81F,
    0xF81F, 0xF81F, 0xF81F, 0xF81F, 0xF81F, 0xF81F, 0xF81F, 0xF81F, 0xF81F, 0xF81F, 0xF81F, 0xF81F,
    0xF81F, 0xF81F, 0xF81F, 0xF81F, 0xF81F, 0xF81F, 0xF81F, 0xF81F, 0xF81F, 0xF81F, 0xF81F, 0xF81F,
    0xF81F, 0xF81F, 0xF81F, 0xF81F, 0xF81F, 0xF81F, 0xF81F, 0xF81F, 0xF81F, 0xF81F, 0xF81F, 0xF81F,
    0xF81F, 0xF81F, 0xF81F, 0xF81F, 0xF81F, 0xF81F, 0xF81F, 0xF81F, 0xF81F, 0xF81F, 0xF81F, 0xF81F,
    0xF81F, 0xF81F, 0xF81F, 0xF81F, 0xF81F, 0xF81F, 0xF81F, 0xF81F, 0xF81F, 0xF81F, 0xF81F, 0xF81F,
    0xF81F, 0xF81F, 0xF81F, 0xF81F, 0xF81F, 0xF81F, 0xF81F, 0xF81F, 0xF81F, 0xF81F, 0xF81F, 0xF81F,
    0xF81F, 0xF81F, 0xF81F, 0xF81F, 0xF81F, 0xF81F, 0xF81F, 0xF81F, 0xF81F, 0xF81F, 0xF81F, 0xF81F,
    0xF81F, 0xF81F, 0xF81F, 0xF81F, 0xF81F, 0xF81F, 0xF81F, 0xF81F, 0xF81F, 0xF81F, 0xF81F, 0xF81F,
    0xF81F, 0xF81F, 0xF81F, 0xF81F, 0xF81F, 0xF81F, 0xF81F, 0xF81F, 0xF81F, 0xF81F, 0xF81F, 0xF81F,
    0xF81F, 0xF81F, 0xF81F, 0xF81F, 0xF81F, 0xF81F, 0xF81F, 0xF81F, 0xF81F, 0xF81F, 0xF81F, 0xF81F,
    0xF81F, 0xF81F, 0xF81F, 0xF81F, 0xF81F, 0xF81F, 0xF81F, 0xF81F, 0xF81F, 0xF81F, 0xF81F, 0xF81F,
    0xF81F, 0xF81F, 0xF81F, 0xF81F, 0xF81F, 0xF81F, 0xF81F, 0xF81F, 0xF81F, 0xF81F, 0xF81F, 0xF81F,
    0xF81F, 0xF81F, 0xF81F, 0xF81F, 0xF81F, 0xF81F, 0xF81F, 0xF81F, 0xF81F, 0xF81F, 0xF81F, 0xF81F,
    0xF81F, 0xF81F, 0xF81F, 0xF81F, 0xF81F, 0xF81F, 0xF81F, 0xF81F, 0xF81F, 0xF81F, 0xF81F, 0xF81F,
    0xF81F, 0xF81F, 0xF81F, 0xF81F, 0xF81F, 0xF81F, 0xF81F, 0xF81F, 0xF81F, 0xF81F, 0xF81F, 0xF81F,
    0xF81F, 0xF81F, 0xF81F, 0xF81F, 0xF81F, 0xF81F, 0xF81F, 0xF81F, 0xF81F, 0xF81F, 0xF81F, 0xF81F,
    0xF81F, 0xF81F, 0xF81F, 0xF81F, 0xF81F, 0xF81F, 0xF81F, 0xF81F, 0xF81F, 0xF81F, 0xF81F, 0xF81F,
    0xF81F, 0xF81F, 0xF81F, 0xF81F, 0xF81F, 0xF81F, 0xF81F, 0xF81F, 0xF81F, 0xF81F, 0xF81F, 0xF81F,
    0xF81F, 0xF81F, 0xF81F, 0xF81F, 0xF81F, 0xF81F, 0xF81F, 0xF81F, 0xF81F, 0xF81F, 0xF81F, 0xF81F,
    0xF81F, 0xF81F, 0xF81F, 0xF81F, 0xF81F, 0xF81F, 0xF81F, 0xF81F, 0xF81F, 0xF81F, 0xF81F, 0xF81F,
    0xF81F, 0xF81F, 0xF81F, 0xF81F, 0xF81F, 0xF81F, 0xF81F, 0xF81F, 0xF81F, 0xF81F, 0xF81F, 0xF81F,
    0xF81F, 0xF81F, 0xF81F, 0xF81F, 0xF81F, 0xF81F, 0xF81F, 0xF81F, 0xF81F, 0xF81F, 0xF81F, 0xF81F,
    0xF81F, 0xF81F, 0xF81F, 0xF81F, 0xF81F, 0xF81F, 0xF81F, 0xF81F, 0xF81F, 0xF81F, 0xF81F, 0xF81F,
    0xF81F, 0xF81F, 0xF81F, 0xF81F, 0xF81F, 0xF81F, 0xF81F, 0xF81F, 0xF81F, 0xF81F, 0xF81F, 0xF81F,
    0xF81F, 0xF81F, 0xF81F, 0xF81F, 0xF81F, 0xF81F, 0xF81F, 0xF81F, 0xF81F, 0xF81F, 0xF81F, 0xF81F,
    0xF81F, 0xF81F, 0xF81F, 0xF81F, 0xF81F, 0xF81F, 0xF81F, 0xF81F, 0xF81F, 0xF81F, 0xF81F, 0xF81F,
    0xF81F, 0xF81F, 0xF81F, 0xF81F, 0xF81F, 0xF81F, 0xF81F, 0xF81F, 0xF81F, 0xF81F, 0xF81F, 0xF81F,
    0xF81F, 0xF81F, 0xF81F, 0xF81F, 0xF81F, 0xF81F, 0xF81F, 0xF81F, 0xF81F, 0xF81F, 0xF81F, 0xF81F,
    0xF81F, 0xF81F, 0xF81F, 0xF81F, 0xF81F, 0xF81F, 0xF81F, 0xF81F, 0xF81F, 0xF81F, 0xF81F, 0xF81F,
    0xF81F, 0xF81F, 0xF81F, 0xF81F, 0xF81F, 0xF81F, 0xF81F, 0xF81F, 0xF81F, 0xF81F, 0xF81F, 0xF81F,
    0xF81F, 0xF81F, 0xF81F, 0xF81F, 0xF81F, 0xF81F, 0xF81F, 0xF81F, 0xF81F, 0xF81F, 0xF81F, 0xF81F,
    0xF81F, 0xF81F, 0xF81F, 0xF81F, 0xF81F, 0xF81F, 0xF81F, 0xF81F, 0xF81F, 0xF81F, 0xF81F, 0xF81F,
    0xF81F, 0xF81F, 0xF81F, 0xF81F, 0xF81F, 0xF81F, 0xF81F, 0xF81F, 0xF81F, 0xF81F, 0xF81F, 0xF81F,
    0xF81F, 0xF81F, 0xF81F, 0xF81F, 0xF81F, 0xF81F, 0xF81F, 0xF81F, 0xF81F, 0xF81F, 0xF81F, 0xF81F,
    0xF81F, 0xF81F, 0xF81F, 0xF81F, 0xF81F, 0xF81F, 0xF81F, 0xF81F, 0xF81F, 0xF81F, 0xF81F, 0xF81F,
    0xF81F, 0xF81F, 0xF81F, 0xF81F, 0xF81F, 0xF81F, 0xF81F, 0xF81F, 0xF81F, 0xF81F, 0xF81F, 0xF81F,
    0xF81F, 0xF81F, 0xF81F, 0xF81F, 0xF81F, 0xF81F, 0xF81F, 0xF81F, 0xF81F, 0xF81F, 0xF81F, 0xF81F,
    0xF81F, 0xF81F, 0xF81F, 0xF81F, 0xF81F, 0xF81F, 0xF81F, 0xF81F, 0xF81F, 0xF81F, 0xF81F, 0xF81F,
    0xF81F, 0xF81F, 0xF81F, 0xF81F, 0xF81F, 0xF81F, 0xF81F, 0xF81F, 0xF81F, 0xF81F, 0xF81F, 0xF81F,
    0xF81F, 0xF81F, 0xF81F, 0xF81F, 0xF81F, 0xF81F, 0xF81F, 0xF81F, 0xF81F, 0xF81F, 0xF81F, 0xF81F,
    0xF81F, 0xF81F, 0xF81F, 0xF81F, 0xF81F, 0xF81F, 0xF81F, 0xF81F, 0xF81F, 0xF81F, 0xF81F, 0xF81F,
    0xF81F, 0xF81F, 0xF81F, 0xF81F, 0xF81F, 0xF81F, 0xF81F, 0xF81F, 0xF81F, 0xF81F, 0xF81F, 0xF81F,
    0xF81F, 0xF81F, 0xF81F, 0xF81F, 0xF81F, 0xF81F, 0xF81F, 0xF81F, 0xF81F, 0xF81F, 0xF81F, 0xF81F,
    0xF81F, 0xF81F, 0xF81F, 0xF81F, 0xF81F, 0xF81F, 0xF81F, 0xF81F, 0xF81F, 0xF81F, 0xF81F, 0xF81F,
    0xF81F, 0xF81F, 0xF81F, 0xF81F, 0xF81F, 0xF81F, 0xF81F, 0xF81F, 0xF81F, 0xF81F, 0xF81F, 0xF81F,
    0xF81F, 0xF81F, 0xF81F, 0xF81F, 0xF81F, 0xF81F, 0xF81F, 0xF81F, 0xF81F, 0xF81F, 0xF81F, 0xF81F,
    0xF81F, 0xF81F, 0xF81F, 0xF81F, 0xF81F, 0xF81F, 0xF81F, 0xF81F, 0xF81F, 0xF81F, 0xF81F, 0xF81F,
    0xF81F, 0xF81F, 0xF81F, 0xF81F, 0xF81F, 0xF81F, 0xF81F, 0xF81F, 0xF81F, 0xF81F, 0xF81F, 0xF81F,
    0xF81F, 0xF81F, 0xF81F, 0xF81F, 0xF81F, 0xF81F, 0xF81F, 0xF81F, 0xF81F, 0xF81F, 0xF81F, 0xF81F,
    0xF81F, 0xF81F, 0xF81F, 0xF81F, 0xF81F, 0xF81F, 0xF81F, 0xF81F, 0xF81F, 0xF81F, 0xF81F, 0xF81F,
    0xF81F, 0xF81F, 0xF81F, 0xF81F, 0xF81F, 0xF81F, 0xF81F, 0xF81F, 0xF81F, 0xF81F, 0xF81F, 0xF81F,
    0xF81F, 0xF81F, 0xF81F, 0xF81F, 0xF81F, 0xF81F, 0xF81F, 0xF81F, 0xF81F, 0xF81F, 0xF81F, 0xF81F,
    0xF81F, 0xF81F, 0xF81F, 0xF81F, 0xF81F, 0xF81F, 0xF81F, 0xF81F, 0xF81F, 0xF81F, 0xF81F, 0xF81F,
    0xF81F, 0xF81F, 0xF81F, 0xF81F, 0xF81F, 0xF81F, 0xF81F, 0xF81F, 0xF81F, 0xF81F, 0xF81F, 0xF81F,
    0xF81F, 0xF81F, 0xF81F, 0xF81F, 0xF81F, 0xF81F, 0xF81F, 0xF81F, 0xF81F, 0xF81F, 0xF81F, 0xF81F,
    0xF81F, 0xF81F, 0xF81F, 0xF81F, 0xF81F, 0xF81F, 0xF81F, 0xF81F, 0xF81F, 0xF81F, 0xF81F, 0xF81F,
    0xF81F, 0xF81F, 0xF81F, 0xF81F, 0xF81F, 0xF81F, 0xF81F, 0xF81F, 0xF81F, 0xF81F, 0xF81F, 0xF81F,
    0xF81F, 0xF81F, 0xF81F, 0xF81F, 0xF81F, 0xF81F, 0xF81F, 0xF81F, 0xF81F, 0xF81F, 0xF81F, 0xF81F,
    0xF81F, 0xF81F, 0xF81F, 0xF81F, 0xF81F, 0xF81F, 0xF81F, 0xF81F, 0xF81F, 0xF81F, 0xF81F, 0xF81F,
    0xF81F, 0xF81F, 0xF81F, 0xF81F, 0xF81F, 0xF81F, 0xF81F, 0xF81F, 0xF81F, 0xF81F, 0xF81F, 0xF81F,
    0xF81F, 0xF81F, 0xF81F, 0xF81F, 0xF81F, 0xF81F, 0xF81F, 0xF81F, 0xF81F, 0xF81F, 0xF81F, 0xF81F,
    0xF81F, 0xF81F, 0xF81F, 0xF81F, 0xF81F, 0xF81F, 0xF81F, 0xF81F, 0xF81F, 0xF81F, 0xF81F, 0xF81F,
    0xF81F, 0xF81F, 0xF81F, 0xF81F, 0xF81F, 0xF81F, 0xF81F, 0xF81F, 0xF81F, 0xF81F, 0xF81F, 0xF81F,
    0xF81F, 0xF81F, 0xF81F, 0xF81F, 0xF81F, 0xF81F, 0xF81F, 0xF81F, 0xF81F, 0xF81F, 0xF81F, 0xF81F,
    0xF81F, 0xF81F, 0xF81F, 0xF81F, 0xF81F, 0xF81F, 0xF81F, 0xF81F, 0xF81F, 0xF81F, 0xF81F, 0xF81F,
    0xF81F, 0xF81F, 0xF81F, 0xF81F, 0xF81F, 0xF81F, 0xF81F, 0xF81F, 0xF81F, 0xF81F, 0xF81F, 0xF81F,
    0xF81F, 0xF81F, 0xF81F, 0xF81F, 0xF81F, 0xF81F, 0xF81F, 0xF81F, 0xF81F, 0xF81F, 0xF81F, 0xF81F,
    0xF81F, 0xF81F, 0xF81F, 0xF81F, 0xF81F, 0xF81F, 0xF81F, 0xF81F, 0xF81F, 0xF81F, 0xF81F, 0xF81F,
    0xF81F, 0xF81F, 0xF81F, 0xF81F, 0xF81F, 0xF81F, 0xF81F, 0xF81F, 0xF81F, 0xF81F, 0xF81F, 0xF81F,
    0xF81F, 0xF81F, 0xF81F, 0xF81F, 0xF81F, 0xF81F, 0xF81F, 0xF81F, 0xF81F, 0xF81F, 0xF81F, 0xF81F,
    0xF81F, 0xF81F, 0xF81F, 0xF81F, 0xF81F, 0xF81F, 0xF81F, 0xF81F, 0xF81F, 0xF81F, 0xF81F, 0xF81F,
    0xF81F, 0xF81F, 0xF81F, 0xF81F, 0xF81F, 0xF81F, 0xF81F, 0xF81F, 0xF81F, 0xF81F, 0xF81F, 0xF81F,
    0xF81F, 0xF81F, 0xF81F, 0xF81F, 0xF81F, 0xF81F, 0xF81F, 0xF81F, 0xF81F, 0xF81F, 0xF81F, 0xF81F,
    0xF81F, 0xF81F, 0xF81F, 0xF81F, 0xF81F, 0xF81F, 0xF81F, 0xF81F, 0xF81F, 0xF81F, 0xF81F, 0xF81F,
    0xF81F, 0xF81F, 0xF81F, 0xF81F, 0xF81F, 0xF81F, 0xF81F, 0xF81F, 0xF81F, 0xF81F, 0xF81F, 0xF81F,
    0xF81F, 0xF81F, 0xF81F, 0xF81F, 0xF81F, 0xF81F, 0xF81F, 0xF81F, 0xF81F, 0xF81F, 0xF81F, 0xF81F,
    0xF81F, 0xF81F, 0xF81F, 0xF81F, 0xF81F, 0xF81F, 0xF81F, 0xF81F, 0xF81F, 0xF81F, 0xF81F, 0xF81F,
    0xF81F, 0xF81F, 0xF81F, 0xF81F, 0xF81F, 0xF81F, 0xF81F, 0xF81F, 0xF81F, 0xF81F, 0xF81F, 0xF81F,
    0xF81F, 0xF81F, 0xF81F, 0xF81F, 0xF81F, 0xF81F, 0xF81F, 0xF81F, 0xF81F, 0xF81F, 0xF81F, 0xF81F,
    0xF81F, 0xF81F, 0xF81F, 0xF81F, 0xF81F, 0xF81F, 0xF81F, 0xF81F, 0xF81F, 0xF81F, 0xF81F, 0xF81F,
    0xF81F, 0xF81F, 0xF81F, 0xF81F, 0xF81F, 0xF81F, 0xF81F, 0xF81F, 0xF81F, 0xF81F, 0xF81F, 0xF81F,
    0xF81F, 0xF81F, 0xF81F, 0xF81F, 0xF81F, 0xF81F, 0xF81F, 0xF81F, 0xF81F, 0xF81F, 0xF81F, 0xF81F,
    0xF81F, 0xF81F, 0xF81F, 0xF81F, 0xF81F, 0xF81F, 0xF81F, 0xF81F, 0xF81F, 0xF81F, 0xF81F, 0xF81F,
    0xF81F, 0xF81F, 0xF81F, 0xF81F, 0xF81F, 0xF81F, 0xF81F, 0xF81F, 0xF81F, 0xF81F, 0xF81F, 0xF81F,
    0xF81F, 0xF81F, 0xF81F, 0xF81F, 0xF81F, 0xF81F, 0xF81F, 0xF81F, 0xF81F, 0xF81F, 0xF81F, 0xF81F,
    0xF81F, 0xF81F, 0xF81F, 0xF81F, 0xF81F, 0xF81F, 0xF81F, 0xF81F, 0xF81F, 0xF81F, 0xF81F, 0xF81F,
    0xF81F, 0xF81F, 0xF81F, 0xF81F, 0xF81F, 0xF81F, 0xF81F, 0xF81F, 0xF81F, 0xF81F, 0xF81F, 0xF81F,
    0xF81F, 0xF81F, 0xF81F, 0xF81F, 0xF81F, 0xF81F, 0xF81F, 0xF81F, 0xF81F, 0xF81F, 0xF81F, 0xF81F,
    0xF81F, 0xF81F, 0xF81F, 0xF81F, 0xF81F, 0xF81F, 0xF81F, 0xF81F, 0xF81F, 0xF81F, 0xF81F, 0xF81F,
    0xF81F, 0xF81F, 0xF81F, 0xF81F, 0xF81F, 0xF81F, 0xF81F, 0xF81F, 0xF81F, 0xF81F, 0xF81F, 0xF81F,
    0xF81F, 0xF81F, 0xF81F, 0xF81F, 0xF81F, 0xF81F, 0xF81F, 0xF81F, 0xF81F, 0xF81F, 0xF81F, 0xF81F,
    0xF81F, 0xF81F, 0xF81F, 0xF81F, 0xF81F, 0xF81F, 0xF81F, 0xF81F, 0xF81F, 0xF81F, 0xF81F, 0xF81F,
    0xF81F, 0xF81F, 0xF81F, 0xF81F, 0xF81F, 0xF81F, 0xF81F, 0xF81F, 0xF81F, 0xF81F, 0xF81F, 0xF81F,
    0xF81F, 0xF81F, 0xF81F, 0xF81F, 0xF81F, 0xF81F, 0xF81F, 0xF81F, 0xF81F, 0xF81F, 0xF81F, 0xF81F,
    0xF81F, 0xF81F, 0xF81F, 0xF81F, 0xF81F, 0xF81F, 0xF81F, 0xF81F, 0xF81F, 0xF81F, 0xF81F, 0xF81F,
    0xF81F, 0xF81F, 0xF81F, 0xF81F, 0xF81F, 0xF81F, 0xF81F, 0xF81F, 0xF81F, 0xF81F, 0xF81F, 0xF81F,
    0xF81F, 0xF81F, 0xF81F, 0xF81F, 0xF81F, 0xF81F, 0xF81F, 0xF81F, 0xF81F, 0xF81F, 0xF81F, 0xF81F,
    0xF81F, 0xF81F, 0xF81F, 0xF81F, 0xF81F, 0xF81F, 0xF81F, 0xF81F, 0xF81F, 0xF81F, 0xF81F, 0xF81F,
    0xF81F, 0xF81F, 0xF81F, 0xF81F, 0xF81F, 0xF81F, 0xF81F, 0xF81F, 0xF81F, 0xF81F, 0xF81F, 0xF81F,
    0xF81F, 0xF81F, 0xF81F, 0xF81F, 0xF81F, 0xF81F, 0xF81F, 0xF81F, 0xF81F, 0xF81F, 0xF81F, 0xF81F,
    0xF81F, 0xF81F, 0xF81F, 0xF81F, 0xF81F, 0xF81F, 0xF81F, 0xF81F, 0xF81F, 0xF81F, 0xF81F, 0xF81F,
    0xF81F, 0xF81F, 0xF81F, 0xF81F, 0xF81F, 0xF81F, 0xF81F, 0xF81F, 0xF81F, 0xF81F, 0xF81F, 0xF81F,
    0xF81F, 0xF81F, 0xF81F, 0xF81F, 0xF81F, 0xF81F, 0xF81F, 0xF81F, 0xF81F, 0xF81F, 0xF81F, 0xF81F,
    0xF81F, 0xF81F, 0xF81F, 0xF81F, 0xF81F, 0xF81F, 0xF81F, 0xF81F, 0xF81F, 0xF81F, 0xF81F, 0xF81F,
    0xF81F, 0xF81F, 0xF81F, 0xF81F, 0xF81F, 0xF81F, 0xF81F, 0xF81F, 0xF81F, 0xF81F, 0xF81F, 0xF81F,
    0xF81F, 0xF81F, 0xF81F, 0xF81F, 0xF81F, 0xF81F, 0xF81F, 0xF81F, 0xF81F, 0xF81F, 0xF81F, 0xF81F,
    0xF81F, 0xF81F, 0xF81F, 0xF81F, 0xF81F, 0xF81F, 0xF81F, 0xF81F, 0xF81F, 0xF81F, 0xF81F, 0xF81F,
    0xF81F, 0xF81F, 0xF81F, 0xF81F, 0xF81F, 0xF81F, 0xF81F, 0xF81F, 0xF81F, 0xF81F, 0xF81F, 0xF81F,
    0xF81F, 0xF81F, 0xF81F, 0xF81F, 0xF81F, 0xF81F, 0xF81F, 0xF81F, 0xF81F, 0xF81F, 0xF81F, 0xF81F,
    0xF81F, 0xF81F, 0xF81F, 0xF81F, 0xF81F, 0xF81F, 0xF81F, 0xF81F, 0xF81F, 0xF81F, 0xF81F, 0xF81F,
    0xF81F, 0xF81F, 0xF81F, 0xF81F, 0xF81F, 0xF81F, 0xF81F, 0xF81F, 0xF81F, 0xF81F, 0xF81F, 0xF81F,
    0xF81F, 0xF81F, 0xF81F, 0xF81F, 0xF81F, 0xF81F, 0xF81F, 0xF81F, 0xF81F, 0xF81F, 0xF81F, 0xF81F,
    0xF81F, 0xF81F, 0xF81F, 0xF81F, 0xF81F, 0xF81F, 0xF81F, 0xF81F, 0xF81F, 0xF81F, 0xF81F, 0xF81F,
    0xF81F, 0xF81F, 0xF81F, 0xF81F, 0xF81F, 0xF81F, 0xF81F, 0xF81F, 0xF81F, 0xF81F, 0xF81F, 0xF81F,
    0xF81F, 0xF81F, 0xF81F, 0xF81F, 0xF81F, 0xF81F, 0xF81F, 0xF81F, 0xF81F, 0xF81F, 0xF81F, 0xF81F,
};

const uint16_t* const FISH_SPRITES[FISH_SPRITE_COUNT] = {fish_0, fish_1, fish_2, fish_3, fish_4, fish_5, fish_6};
